Número de cotización,Fecha de creación,Estado,Side Cliente,Creado por,Número de Cuenta,Monto intercambio,Monto Pagado,Moneda,Precio,Comisión,Fecha de actualización,Transacción Id,Tipo de servicio,OMS
8,"15/04/2025 09:01:55, UTC -04:00",Completed,Sell,VictorFernandez452024,10001,0.38,5.00,BOB,13.21,0.03,15/04/2025 09:02:17,207681530,S-001,Banexcoin Bolivia
9,"15/04/2025 09:38:18, UTC -04:00",Completed,Sell,VictorFernandez452024,10001,0.38,5.00,BOB,13.21,0.03,15/04/2025 09:38:37,207692950,S-001,Banexcoin Bolivia
10,"15/04/2025 09:46:44, UTC -04:00",Completed,Sell,VictorFernandez452024,10001,0.38,5.00,BOB,13.21,0.03,15/04/2025 09:47:45,6844991790,S-001,Banexcoin Bolivia
12,"15/04/2025 13:58:35, UTC -04:00",Completed,Sell,CristinaSuarez852025,10003,0.15,2.00,BOB,13.21,0.03,15/04/2025 13:59:03,6846097010,S-001,Banexcoin Bolivia
16,"15/04/2025 20:08:39, UTC -04:00",Completed,Sell,CristinaSuarez852025,10003,0.15,2.00,BOB,13.21,0.03,15/04/2025 20:09:15,6847729200,S-001,Banexcoin Bolivia
17,"15/04/2025 20:11:28, UTC -04:00",Completed,Sell,CristinaSuarez852025,10003,0.38,5.00,BOB,13.21,0.03,15/04/2025 20:12:07,6847739960,S-001,Banexcoin Bolivia
22,"16/04/2025 16:18:12, UTC -04:00",Completed,Sell,AdrianaLopez212024,10004,1.67,22.00,BOB,13.21,0.05,16/04/2025 16:18:37,208188070,S-001,Banexcoin Bolivia
23,"16/04/2025 18:44:19, UTC -04:00",Completed,Sell,VictorFernandez452024,10001,0.15,2.00,BOB,13.21,0.03,16/04/2025 18:44:50,208241610,S-001,Banexcoin Bolivia
24,"16/04/2025 18:50:00, UTC -04:00",Completed,Sell,VictorFernandez452024,10001,0.08,1.00,BOB,13.21,0.03,16/04/2025 18:50:18,208243600,S-001,Banexcoin Bolivia
25,"16/04/2025 18:52:16, UTC -04:00",Completed,Sell,VictorFernandez452024,10001,0.38,5.00,BOB,13.21,0.03,16/04/2025 18:52:30,208244320,S-001,Banexcoin Bolivia
26,"18/04/2025 13:02:27, UTC -04:00",Completed,Sell,VictorFernandez452024,10001,0.23,3.00,BOB,13.21,0.03,18/04/2025 13:02:57,6856598730,S-001,Banexcoin Bolivia
27,"18/04/2025 13:04:19, UTC -04:00",Completed,Sell,VictorFernandez452024,10001,0.15,2.00,BOB,13.21,0.03,18/04/2025 13:04:33,208700220,S-001,Banexcoin Bolivia
28,"18/04/2025 13:06:39, UTC -04:00",Completed,Sell,VictorFernandez452024,10001,0.23,3.00,BOB,13.21,0.03,18/04/2025 13:06:52,6856608790,S-001,Banexcoin Bolivia
29,"18/04/2025 13:23:53, UTC -04:00",Completed,Sell,AdrianaLopez212024,10004,3.79,50.00,BOB,13.21,0.11,18/04/2025 13:24:04,208703410,S-001,Banexcoin Bolivia
34,"18/04/2025 14:08:15, UTC -04:00",Completed,Sell,VictorFernandez452024,10001,0.38,5.00,BOB,13.21,0.03,18/04/2025 14:08:28,208710540,S-001,Banexcoin Bolivia
38,"18/04/2025 17:14:47, UTC -04:00",Completed,Sell,AdrianaLopez212024,10004,0.76,10.00,BOB,13.21,0.03,18/04/2025 17:15:00,208741540,S-001,Banexcoin Bolivia
41,"18/04/2025 17:20:59, UTC -04:00",Completed,Sell,VictorFernandez452024,10001,0.76,10.00,BOB,13.21,0.03,18/04/2025 17:21:10,208742700,S-001,Banexcoin Bolivia
43,"18/04/2025 17:29:52, UTC -04:00",Completed,Sell,AdrianaLopez212024,10004,3.79,50.00,BOB,13.21,0.11,18/04/2025 17:30:06,6857155600,S-001,Banexcoin Bolivia
47,"18/04/2025 18:38:18, UTC -04:00",Completed,Sell,AdrianaLopez212024,10004,0.76,10.00,BOB,13.21,0.03,18/04/2025 18:38:31,208755380,S-001,Banexcoin Bolivia
48,"18/04/2025 18:39:21, UTC -04:00",Completed,Sell,AdrianaLopez212024,10004,0.76,10.00,BOB,13.21,0.03,18/04/2025 18:39:50,6857304960,S-001,Banexcoin Bolivia
49,"18/04/2025 18:40:18, UTC -04:00",Completed,Sell,AdrianaLopez212024,10004,0.76,10.00,BOB,13.21,0.03,18/04/2025 18:40:34,6857306620,S-001,Banexcoin Bolivia
50,"18/04/2025 18:40:58, UTC -04:00",Completed,Sell,AdrianaLopez212024,10004,0.76,10.00,BOB,13.21,0.03,18/04/2025 18:41:12,6857308000,S-001,Banexcoin Bolivia
51,"18/04/2025 18:42:31, UTC -04:00",Completed,Sell,VictorFernandez452024,10001,0.76,10.00,BOB,13.21,0.03,18/04/2025 18:42:52,6857311800,S-001,Banexcoin Bolivia
52,"18/04/2025 18:43:11, UTC -04:00",Completed,Sell,VictorFernandez452024,10001,0.30,4.00,BOB,13.21,0.03,18/04/2025 18:43:22,6857312760,S-001,Banexcoin Bolivia
53,"18/04/2025 18:44:29, UTC -04:00",Completed,Sell,AdrianaLopez212024,10004,3.79,50.00,BOB,13.21,0.11,18/04/2025 18:44:42,6857315630,S-001,Banexcoin Bolivia
54,"18/04/2025 18:45:08, UTC -04:00",Completed,Sell,AdrianaLopez212024,10004,0.76,10.00,BOB,13.21,0.03,18/04/2025 18:45:22,6857317100,S-001,Banexcoin Bolivia
55,"18/04/2025 18:48:52, UTC -04:00",Completed,Sell,AdrianaLopez212024,10004,1.51,20.00,BOB,13.21,0.05,18/04/2025 18:49:04,208757200,S-001,Banexcoin Bolivia
57,"20/04/2025 13:32:35, UTC -04:00",Completed,Sell,AdrianaLopez212024,10004,9.09,120.00,BOB,13.21,0.27,20/04/2025 13:32:45,6862281620,S-001,Banexcoin Bolivia
58,"20/04/2025 14:07:18, UTC -04:00",Completed,Sell,AdrianaLopez212024,10004,0.38,5.00,BOB,13.21,0.03,20/04/2025 14:07:30,6862380050,S-001,Banexcoin Bolivia
59,"21/04/2025 15:09:23, UTC -04:00",Completed,Sell,VictorFernandez452024,10001,0.75,10.00,BOB,13.32,0.03,21/04/2025 15:10:08,6865442300,S-001,Banexcoin Bolivia
60,"21/04/2025 15:19:12, UTC -04:00",Completed,Sell,AdrianaLopez212024,10004,0.38,5.00,BOB,13.32,0.03,21/04/2025 15:19:26,209426890,S-001,Banexcoin Bolivia
61,"21/04/2025 15:46:03, UTC -04:00",Completed,Sell,VictorFernandez452024,10001,0.23,3.00,BOB,13.32,0.03,21/04/2025 15:46:19,6865580290,S-001,Banexcoin Bolivia
62,"21/04/2025 19:38:11, UTC -04:00",Completed,Sell,VictorFernandez452024,10001,0.30,4.00,BOB,13.32,0.03,21/04/2025 19:38:34,6866510550,S-001,Banexcoin Bolivia
68,"22/04/2025 15:19:24, UTC -04:00",Completed,Sell,AdrianaLopez212024,10004,0.75,10.00,BOB,13.32,0.03,22/04/2025 15:20:11,209720530,S-001,Banexcoin Bolivia
69,"22/04/2025 20:01:03, UTC -04:00",Completed,Sell,CristinaSuarez852025,10003,0.75,10.00,BOB,13.32,0.03,22/04/2025 20:01:56,6869920370,S-001,Banexcoin Bolivia
99,"23/04/2025 17:17:44, UTC -04:00",Completed,Sell,OscarVargas212025,10011,0.38,5.00,BOB,13.32,0.03,23/04/2025 17:18:05,210047220,S-001,Banexcoin Bolivia
106,"23/04/2025 18:59:36, UTC -04:00",Completed,Sell,AdrianaLopez212024,10004,7.51,100.00,BOB,13.32,0.23,23/04/2025 18:59:50,6873103820,S-001,Banexcoin Bolivia
107,"23/04/2025 19:34:56, UTC -04:00",Completed,Sell,VictorFernandez452024,10001,0.11,1.50,BOB,13.32,0.03,23/04/2025 19:35:11,6873252270,S-001,Banexcoin Bolivia
108,"23/04/2025 21:02:43, UTC -04:00",Completed,Sell,OscarTorres64Co,10009,0.08,1.00,BOB,13.32,0.03,23/04/2025 21:02:55,210118140,S-001,Banexcoin Bolivia
111,"24/04/2025 12:17:56, UTC -04:00",Completed,Sell,VictorFernandez452024,10001,0.30,4.00,BOB,13.32,0.03,24/04/2025 12:18:12,6874995900,S-001,Banexcoin Bolivia
114,"24/04/2025 16:36:28, UTC -04:00",Completed,Sell,PatriciaRomero37Pro,10010,0.37,5.00,BOB,13.66,0.03,24/04/2025 16:36:46,210330470,S-001,Banexcoin Bolivia
115,"24/04/2025 17:36:12, UTC -04:00",Completed,Sell,AlbertoLeon10007,10008,2.56,35.00,BOB,13.66,0.08,24/04/2025 17:36:27,6876272160,S-001,Banexcoin Bolivia
119,"24/04/2025 19:13:40, UTC -04:00",Completed,Sell,AlbertoLeon10007,10008,3.60,49.20,BOB,13.66,0.11,24/04/2025 19:13:57,6876699320,S-001,Banexcoin Bolivia
137,"25/04/2025 12:57:25, UTC -04:00",Completed,Sell,VictorFernandez452024,10001,0.71,10.00,BOB,14.09,0.03,25/04/2025 12:57:37,6878720280,S-001,Banexcoin Bolivia
138,"25/04/2025 17:31:38, UTC -04:00",Completed,Sell,OscarTorres64Co,10009,4.52,63.10,BOB,13.97,0.14,25/04/2025 17:31:55,6879823470,S-001,Banexcoin Bolivia
139,"25/04/2025 23:30:25, UTC -04:00",Completed,Sell,VictorFernandez452024,10001,0.14,2.00,BOB,13.97,0.03,25/04/2025 23:30:53,6881028870,S-001,Banexcoin Bolivia
140,"25/04/2025 23:31:36, UTC -04:00",Completed,Sell,VictorFernandez452024,10001,0.18,2.50,BOB,13.97,0.03,25/04/2025 23:31:49,6881030010,S-001,Banexcoin Bolivia
141,"25/04/2025 23:44:16, UTC -04:00",Completed,Sell,OscarVargas212025,10011,4.41,61.56,BOB,13.96,0.13,25/04/2025 23:44:30,6881045390,S-001,Banexcoin Bolivia
143,"26/04/2025 10:51:59, UTC -04:00",Completed,Sell,PatriciaRomero37Pro,10010,9.61,135.00,BOB,14.05,0.29,26/04/2025 10:52:18,6881890710,S-001,Banexcoin Bolivia
144,"26/04/2025 13:30:30, UTC -04:00",Completed,Sell,PatriciaRomero37Pro,10010,0.14,2.00,BOB,14.04,0.03,26/04/2025 13:30:45,210871920,S-001,Banexcoin Bolivia
145,"26/04/2025 16:51:46, UTC -04:00",Completed,Sell,OscarVargas212025,10011,10.68,150.00,BOB,14.05,0.32,26/04/2025 16:52:04,6883510450,S-001,Banexcoin Bolivia
146,"26/04/2025 21:49:54, UTC -04:00",Completed,Sell,CristinaSuarez852025,10003,0.36,5.00,BOB,14.03,0.03,26/04/2025 21:50:47,6884609000,S-001,Banexcoin Bolivia
147,"27/04/2025 10:12:40, UTC -04:00",Completed,Sell,OscarVargas212025,10011,4.18,59.00,BOB,14.12,0.13,27/04/2025 10:12:54,6885377180,S-001,Banexcoin Bolivia
149,"28/04/2025 15:05:19, UTC -04:00",Completed,Sell,FernandoRodriguez54123,10012,0.49,7.00,BOB,14.38,0.03,28/04/2025 15:05:44,6889197210,S-001,Banexcoin Bolivia
156,"30/04/2025 07:48:10, UTC -04:00",Completed,Sell,FernandoRodriguez54123,10012,1.00,15.00,BOB,15.00,0.03,30/04/2025 07:48:31,6894779350,S-001,Banexcoin Bolivia
166,"30/04/2025 13:48:38, UTC -04:00",Completed,Sell,AlbertoLeon10007,10008,1.66,25.00,BOB,15.07,0.05,30/04/2025 13:48:53,212022780,S-001,Banexcoin Bolivia
175,"30/04/2025 17:27:21, UTC -04:00",Completed,Sell,RosaMoreno87Mx,10005,290.55,"4,365.00",BOB,15.02,8.72,30/04/2025 17:27:57,6897412220,S-001,Banexcoin Bolivia
176,"30/04/2025 17:33:48, UTC -04:00",Completed,Sell,RosaMoreno87Mx,10005,99.82,"1,500.00",BOB,15.03,2.99,30/04/2025 17:34:21,6897446170,S-001,Banexcoin Bolivia
178,"30/04/2025 20:14:28, UTC -04:00",Completed,Sell,VictorFernandez452024,10001,0.66,10.00,BOB,15.05,0.03,30/04/2025 20:14:44,212204850,S-001,Banexcoin Bolivia
179,"30/04/2025 20:53:27, UTC -04:00",Completed,Sell,MariaFlores93Max,10006,4.77,72.00,BOB,15.09,0.14,30/04/2025 20:54:14,6898478980,S-001,Banexcoin Bolivia
180,"30/04/2025 21:06:26, UTC -04:00",Completed,Sell,MariaFlores93Max,10006,0.96,14.50,BOB,15.09,0.03,30/04/2025 21:06:51,6898527950,S-001,Banexcoin Bolivia
181,"30/04/2025 22:03:44, UTC -04:00",Completed,Sell,MariaFlores93Max,10006,46.39,700.00,BOB,15.09,1.39,30/04/2025 22:04:51,6898730730,S-001,Banexcoin Bolivia
183,"01/05/2025 22:24:24, UTC -04:00",Completed,Sell,VictorFernandez452024,10001,0.20,3.00,BOB,15.10,0.03,01/05/2025 22:24:40,212556230,S-001,Banexcoin Bolivia
184,"02/05/2025 08:53:12, UTC -04:00",Completed,Sell,FernandoRodriguez54123,10012,0.66,10.00,BOB,15.05,0.03,02/05/2025 08:53:27,6908915160,S-001,Banexcoin Bolivia
185,"02/05/2025 08:55:50, UTC -04:00",Completed,Sell,FernandoRodriguez54123,10012,0.80,12.00,BOB,15.05,0.03,02/05/2025 08:56:01,6908924630,S-001,Banexcoin Bolivia
187,"02/05/2025 12:47:45, UTC -04:00",Completed,Sell,MariaFlores93Max,10006,3.05,46.00,BOB,15.06,0.09,02/05/2025 12:48:11,6909969660,S-001,Banexcoin Bolivia
188,"02/05/2025 15:58:13, UTC -04:00",Completed,Sell,MariaFlores93Max,10006,3.47,52.00,BOB,14.97,0.10,02/05/2025 15:58:42,6910864550,S-001,Banexcoin Bolivia
199,"03/05/2025 08:40:27, UTC -04:00",Completed,Sell,CristinaSuarez852025,10003,2.67,40.00,BOB,14.96,0.08,03/05/2025 08:41:10,6913010660,S-001,Banexcoin Bolivia
200,"03/05/2025 09:02:41, UTC -04:00",Completed,Sell,MariaFlores93Max,10006,130.76,"1,960.00",BOB,14.99,3.92,03/05/2025 09:03:09,6913067480,S-001,Banexcoin Bolivia
203,"05/05/2025 07:48:00, UTC -04:00",Completed,Sell,FernandoRodriguez54123,10012,1.07,16.00,BOB,15.01,0.03,05/05/2025 07:48:12,6919899640,S-001,Banexcoin Bolivia
206,"05/05/2025 08:57:53, UTC -04:00",Completed,Sell,MariaFlores93Max,10006,166.45,"2,500.00",BOB,15.02,4.99,05/05/2025 08:58:34,6920109960,S-001,Banexcoin Bolivia
210,"06/05/2025 14:45:41, UTC -04:00",Completed,Sell,AdrianaLopez212024,10004,3.13,47.10,BOB,15.03,0.09,06/05/2025 14:45:55,6925730670,S-001,Banexcoin Bolivia
211,"06/05/2025 14:53:10, UTC -04:00",Completed,Sell,AdrianaLopez212024,10004,0.93,14.00,BOB,15.03,0.03,06/05/2025 14:53:22,214243200,S-001,Banexcoin Bolivia
212,"06/05/2025 18:34:44, UTC -04:00",Completed,Sell,AdrianaLopez212024,10004,0.53,8.00,BOB,15.11,0.03,06/05/2025 18:35:07,6926765130,S-001,Banexcoin Bolivia
213,"06/05/2025 19:28:35, UTC -04:00",Completed,Sell,AdrianaLopez212024,10004,7.29,110.00,BOB,15.09,0.22,06/05/2025 19:28:55,6927017980,S-001,Banexcoin Bolivia
214,"07/05/2025 07:42:12, UTC -04:00",Completed,Sell,FernandoRodriguez54123,10012,1.06,16.00,BOB,15.06,0.03,07/05/2025 07:42:36,6927940760,S-001,Banexcoin Bolivia
218,"07/05/2025 11:31:17, UTC -04:00",Completed,Sell,MariaFlores93Max,10006,6.94,104.94,BOB,15.12,0.21,07/05/2025 11:31:36,6928818180,S-001,Banexcoin Bolivia
219,"07/05/2025 11:39:22, UTC -04:00",Completed,Sell,OscarVargas212025,10011,7.87,119.00,BOB,15.12,0.24,07/05/2025 11:39:40,6928853750,S-001,Banexcoin Bolivia
224,"08/05/2025 09:01:31, UTC -04:00",Completed,Sell,VictorFernandez452024,10001,0.20,3.00,BOB,15.15,0.03,08/05/2025 09:01:46,214822560,S-001,Banexcoin Bolivia
231,"08/05/2025 10:43:06, UTC -04:00",Completed,Sell,AlbertoLeon10007,10008,2.31,35.00,BOB,15.17,0.07,08/05/2025 10:43:40,6932382600,S-001,Banexcoin Bolivia
239,"08/05/2025 12:59:35, UTC -04:00",Completed,Sell,MariaFlores93Max,10006,3.09,47.00,BOB,15.22,0.09,08/05/2025 13:00:10,6933000080,S-001,Banexcoin Bolivia
243,"08/05/2025 13:55:04, UTC -04:00",Completed,Sell,AlbertoLeon10007,10008,0.98,15.00,BOB,15.23,0.03,08/05/2025 13:55:29,214936680,S-001,Banexcoin Bolivia
246,"08/05/2025 18:16:46, UTC -04:00",Completed,Sell,MariaFlores93Max,10006,32.62,498.00,BOB,15.27,0.98,08/05/2025 18:17:09,6934362780,S-001,Banexcoin Bolivia
250,"08/05/2025 20:50:13, UTC -04:00",Completed,Sell,VictorFernandez452024,10001,0.98,15.00,BOB,15.25,0.03,08/05/2025 20:50:25,215092840,S-001,Banexcoin Bolivia
252,"09/05/2025 07:45:56, UTC -04:00",Completed,Sell,FernandoRodriguez54123,10012,0.65,10.00,BOB,15.29,0.03,09/05/2025 07:46:11,6935680880,S-001,Banexcoin Bolivia
262,"09/05/2025 11:47:30, UTC -04:00",Completed,Sell,CristinaSuarez852025,10003,5.90,90.00,BOB,15.25,0.18,09/05/2025 11:47:52,215234340,S-001,Banexcoin Bolivia
263,"09/05/2025 17:44:49, UTC -04:00",Completed,Sell,MonicaTorres55123,10021,0.65,10.00,BOB,15.27,0.03,09/05/2025 17:45:24,6938208170,S-001,Banexcoin Bolivia
264,"09/05/2025 18:48:01, UTC -04:00",Completed,Sell,MonicaTorres55123,10021,0.07,1.00,BOB,15.28,0.03,09/05/2025 18:48:36,6938505980,S-001,Banexcoin Bolivia
268,"10/05/2025 11:08:18, UTC -04:00",Completed,Sell,MariaFlores93Max,10006,3.67,56.00,BOB,15.27,0.11,10/05/2025 11:08:40,6940368540,S-001,Banexcoin Bolivia
273,"10/05/2025 13:12:40, UTC -04:00",Completed,Sell,BeatrizPerez91Ar,10023,6.55,100.00,BOB,15.26,0.20,10/05/2025 13:12:54,6941031110,S-001,Banexcoin Bolivia
274,"10/05/2025 18:05:39, UTC -04:00",Completed,Sell,AdrianaLopez212024,10004,0.07,1.00,BOB,15.24,0.03,10/05/2025 18:05:53,215717610,S-001,Banexcoin Bolivia
275,"10/05/2025 18:10:35, UTC -04:00",Completed,Sell,AdrianaLopez212024,10004,0.33,5.00,BOB,15.25,0.03,10/05/2025 18:10:57,215719320,S-001,Banexcoin Bolivia
278,"11/05/2025 11:37:37, UTC -04:00",Completed,Sell,MariaFlores93Max,10006,32.82,500.00,BOB,15.23,0.98,11/05/2025 11:37:53,6944339280,S-001,Banexcoin Bolivia
279,"11/05/2025 13:57:11, UTC -04:00",Completed,Sell,MariaFlores93Max,10006,5.97,91.00,BOB,15.24,0.18,11/05/2025 13:57:31,6944829390,S-001,Banexcoin Bolivia
282,"12/05/2025 07:33:49, UTC -04:00",Completed,Sell,MariaFlores93Max,10006,32.75,500.00,BOB,15.27,0.98,12/05/2025 07:34:04,6946483510,S-001,Banexcoin Bolivia
283,"12/05/2025 07:51:15, UTC -04:00",Completed,Sell,FernandoRodriguez54123,10012,0.98,15.00,BOB,15.26,0.03,12/05/2025 07:51:29,6946516640,S-001,Banexcoin Bolivia
341,"13/05/2025 16:58:44, UTC -04:00",Completed,Sell,RosaRomero97Co,10022,1.58,25.00,BOB,15.78,0.05,13/05/2025 16:59:24,216601450,S-001,Banexcoin Bolivia
352,"14/05/2025 10:10:35, UTC -04:00",Completed,Sell,EduardoAlvarez15Pe,10013,6.16,100.00,BOB,16.23,0.18,14/05/2025 10:11:23,216782230,S-001,Banexcoin Bolivia
353,"14/05/2025 11:48:15, UTC -04:00",Completed,Sell,PabloBlanco44456,10025,1.52,24.88,BOB,16.37,0.05,14/05/2025 11:48:45,6955094430,S-001,Banexcoin Bolivia
356,"14/05/2025 12:05:52, UTC -04:00",Completed,Sell,PabloBlanco44456,10025,4.91,80.50,BOB,16.40,0.15,14/05/2025 12:06:14,216825690,S-001,Banexcoin Bolivia
374,"14/05/2025 17:12:54, UTC -04:00",Completed,Sell,PabloBlanco44456,10025,16.86,277.00,BOB,16.43,0.51,14/05/2025 17:13:20,6956520480,S-001,Banexcoin Bolivia
375,"14/05/2025 19:53:16, UTC -04:00",Completed,Sell,PabloBlanco44456,10025,7.60,128.00,BOB,16.85,0.23,14/05/2025 19:53:37,6957246580,S-001,Banexcoin Bolivia
376,"14/05/2025 20:03:34, UTC -04:00",Completed,Sell,MariaFlores93Max,10006,4.87,82.00,BOB,16.85,0.15,14/05/2025 20:03:57,6957293130,S-001,Banexcoin Bolivia
378,"14/05/2025 22:22:29, UTC -04:00",Completed,Sell,RosaRomero97Co,10022,0.29,5.00,BOB,16.97,0.03,14/05/2025 22:22:44,6957727130,S-001,Banexcoin Bolivia
382,"15/05/2025 08:49:51, UTC -04:00",Completed,Sell,VictorFernandez452024,10001,0.11,2.00,BOB,18.17,0.03,15/05/2025 08:50:04,217091440,S-001,Banexcoin Bolivia
395,"15/05/2025 19:35:10, UTC -04:00",Completed,Sell,AlbertoLeon10007,10008,2.38,42.00,BOB,17.67,0.07,15/05/2025 19:35:44,6961309080,S-001,Banexcoin Bolivia
396,"15/05/2025 20:38:34, UTC -04:00",Completed,Sell,MariaFlores93Max,10006,3.85,68.00,BOB,17.68,0.12,15/05/2025 20:38:56,6961586030,S-001,Banexcoin Bolivia
399,"16/05/2025 09:42:08, UTC -04:00",Completed,Sell,AntonioSanchez14Max,10027,0.56,10.00,BOB,17.75,0.03,16/05/2025 09:42:37,6962687680,S-001,Banexcoin Bolivia
401,"16/05/2025 10:20:19, UTC -04:00",Completed,Sell,FernandoRodriguez54123,10012,0.28,5.00,BOB,17.67,0.03,16/05/2025 10:20:47,6962848760,S-001,Banexcoin Bolivia
410,"16/05/2025 18:23:36, UTC -04:00",Completed,Sell,FernandoGonzalez47Mx,10015,1.15,20.00,BOB,17.41,0.03,16/05/2025 18:23:53,6964985140,S-001,Banexcoin Bolivia
411,"17/05/2025 11:45:00, UTC -04:00",Completed,Sell,EduardoAlvarez15Pe,10013,9.91,171.30,BOB,17.29,0.30,17/05/2025 11:45:18,217869250,S-001,Banexcoin Bolivia
412,"17/05/2025 12:37:08, UTC -04:00",Completed,Sell,AntonioSanchez14Max,10027,2.89,50.00,BOB,17.31,0.09,17/05/2025 12:37:30,6967531580,S-001,Banexcoin Bolivia
414,"17/05/2025 14:46:34, UTC -04:00",Completed,Sell,VictorFernandez452024,10001,0.17,3.00,BOB,17.18,0.03,17/05/2025 14:46:48,217937890,S-001,Banexcoin Bolivia
417,"17/05/2025 19:54:21, UTC -04:00",Completed,Sell,PabloBlanco44456,10025,0.58,10.00,BOB,17.18,0.03,17/05/2025 19:54:48,6969452770,S-001,Banexcoin Bolivia
419,"17/05/2025 20:04:19, UTC -04:00",Completed,Sell,AntonioSanchez14Max,10027,4.19,72.00,BOB,17.19,0.13,17/05/2025 20:04:34,6969490810,S-001,Banexcoin Bolivia
420,"17/05/2025 20:43:07, UTC -04:00",Completed,Sell,AntonioSanchez14Max,10027,4.66,80.00,BOB,17.18,0.14,17/05/2025 20:43:22,6969636220,S-001,Banexcoin Bolivia
421,"19/05/2025 12:05:04, UTC -04:00",Completed,Sell,MariaFlores93Max,10006,0.93,16.00,BOB,17.26,0.03,19/05/2025 12:05:52,6974105580,S-001,Banexcoin Bolivia
427,"19/05/2025 16:00:38, UTC -04:00",Completed,Sell,AntonioSanchez14Max,10027,4.30,74.00,BOB,17.23,0.13,19/05/2025 16:00:54,6975123290,S-001,Banexcoin Bolivia
430,"19/05/2025 17:20:09, UTC -04:00",Completed,Sell,GabrielBlanco25Mx,10014,0.69,12.00,BOB,17.31,0.03,19/05/2025 17:20:24,218522810,S-001,Banexcoin Bolivia
432,"19/05/2025 17:59:33, UTC -04:00",Completed,Sell,FernandoRomero91Bo,10020,2.88,50.00,BOB,17.35,0.09,19/05/2025 17:59:46,218537710,S-001,Banexcoin Bolivia
452,"20/05/2025 07:56:03, UTC -04:00",Completed,Sell,FernandoRodriguez54123,10012,1.05,18.00,BOB,17.22,0.03,20/05/2025 07:56:25,6976930600,S-001,Banexcoin Bolivia
508,"20/05/2025 12:35:54, UTC -04:00",Completed,Sell,MonicaTorres77Mx,10047,1.16,20.00,BOB,17.20,0.03,20/05/2025 12:36:38,6978029590,S-001,Banexcoin Bolivia
523,"20/05/2025 14:23:08, UTC -04:00",Completed,Sell,RosaMolina92456,10030,0.58,10.00,BOB,17.22,0.03,20/05/2025 14:23:32,6978489050,S-001,Banexcoin Bolivia
538,"20/05/2025 17:32:09, UTC -04:00",Completed,Sell,AntonioSanchez14Max,10027,2.61,45.00,BOB,17.22,0.08,20/05/2025 18:29:11,6979277540,S-001,Banexcoin Bolivia
540,"20/05/2025 17:57:43, UTC -04:00",Completed,Sell,AntonioSanchez14Max,10027,5.34,92.00,BOB,17.23,0.16,20/05/2025 17:57:56,6979394290,S-001,Banexcoin Bolivia
541,"20/05/2025 18:11:04, UTC -04:00",Completed,Sell,MartaMunoz402024,10050,13.65,235.00,BOB,17.22,0.41,20/05/2025 18:32:02,6979452220,S-001,Banexcoin Bolivia
543,"20/05/2025 18:49:05, UTC -04:00",Completed,Sell,VictorFernandez452024,10001,0.64,11.00,BOB,17.22,0.03,20/05/2025 18:49:24,218876610,S-001,Banexcoin Bolivia
544,"20/05/2025 19:02:10, UTC -04:00",Completed,Sell,AntonioSanchez14Max,10027,2.03,35.00,BOB,17.22,0.06,20/05/2025 19:02:27,6979653340,S-001,Banexcoin Bolivia
545,"20/05/2025 19:07:47, UTC -04:00",Completed,Sell,AntonioSanchez14Max,10027,1.74,30.00,BOB,17.22,0.05,20/05/2025 19:07:59,6979678860,S-001,Banexcoin Bolivia
559,"20/05/2025 21:00:31, UTC -04:00",Completed,Sell,VictorFernandez452024,10001,2.90,50.00,BOB,17.24,0.09,20/05/2025 21:00:52,218916280,S-001,Banexcoin Bolivia
582,"21/05/2025 09:52:38, UTC -04:00",Completed,Sell,FernandoRodriguez54123,10012,1.05,18.00,BOB,17.21,0.03,21/05/2025 09:52:54,6981044680,S-001,Banexcoin Bolivia
592,"21/05/2025 10:53:55, UTC -04:00",Completed,Sell,AntonioSanchez14Max,10027,1.45,25.00,BOB,17.23,0.04,21/05/2025 10:54:07,6981304220,S-001,Banexcoin Bolivia
600,"21/05/2025 11:57:58, UTC -04:00",Completed,Sell,LuisRodriguez942025,10067,0.29,5.00,BOB,17.26,0.03,21/05/2025 11:59:04,6981586780,S-001,Banexcoin Bolivia
601,"21/05/2025 12:20:04, UTC -04:00",Completed,Sell,AntonioSanchez14Max,10027,3.48,60.00,BOB,17.23,0.10,21/05/2025 12:20:19,6981687980,S-001,Banexcoin Bolivia
605,"21/05/2025 12:43:24, UTC -04:00",Completed,Sell,PabloBlanco44456,10025,17.39,300.00,BOB,17.25,0.52,21/05/2025 12:43:58,6981802900,S-001,Banexcoin Bolivia
613,"21/05/2025 13:43:24, UTC -04:00",Completed,Sell,LuciaMolina79Max,10064,1.45,25.00,BOB,17.22,0.04,21/05/2025 13:44:20,6982074920,S-001,Banexcoin Bolivia
614,"21/05/2025 13:59:54, UTC -04:00",Completed,Sell,AntonioSanchez14Max,10027,1.75,30.00,BOB,17.19,0.05,21/05/2025 14:00:07,6982140160,S-001,Banexcoin Bolivia
619,"21/05/2025 16:15:33, UTC -04:00",Completed,Sell,AntonioSanchez14Max,10027,2.96,51.00,BOB,17.22,0.09,21/05/2025 16:15:47,6982734400,S-001,Banexcoin Bolivia
621,"21/05/2025 16:55:21, UTC -04:00",Completed,Sell,FernandoGonzalez47Mx,10015,2.32,40.00,BOB,17.22,0.07,21/05/2025 16:55:35,6982907850,S-001,Banexcoin Bolivia
625,"21/05/2025 19:11:29, UTC -04:00",Completed,Sell,FernandoRodriguez54123,10012,1.45,25.00,BOB,17.23,0.04,21/05/2025 19:11:55,6983536090,S-001,Banexcoin Bolivia
628,"21/05/2025 20:47:06, UTC -04:00",Completed,Sell,CristinaSuarez852025,10003,6.38,110.00,BOB,17.23,0.19,21/05/2025 20:47:39,6983928350,S-001,Banexcoin Bolivia
629,"21/05/2025 20:51:35, UTC -04:00",Completed,Sell,CristinaSuarez852025,10003,27.85,480.00,BOB,17.23,0.84,21/05/2025 20:52:06,6983942970,S-001,Banexcoin Bolivia
630,"21/05/2025 20:57:31, UTC -04:00",Completed,Sell,FernandoRodriguez54123,10012,2.78,48.00,BOB,17.25,0.08,21/05/2025 20:57:44,6983961200,S-001,Banexcoin Bolivia
631,"21/05/2025 20:57:43, UTC -04:00",Completed,Sell,CristinaSuarez852025,10003,6.96,120.00,BOB,17.25,0.21,21/05/2025 20:58:06,6983962350,S-001,Banexcoin Bolivia
641,"22/05/2025 08:37:37, UTC -04:00",Completed,Sell,FernandoRodriguez54123,10012,1.04,18.00,BOB,17.23,0.03,22/05/2025 08:38:05,219298640,S-001,Banexcoin Bolivia
642,"22/05/2025 08:55:14, UTC -04:00",Completed,Sell,FernandoRodriguez54123,10012,2.55,44.00,BOB,17.24,0.08,22/05/2025 08:55:28,6984728230,S-001,Banexcoin Bolivia
663,"22/05/2025 11:43:47, UTC -04:00",Completed,Sell,AntonioSanchez14Max,10027,4.64,80.00,BOB,17.25,0.14,22/05/2025 11:44:04,6985404390,S-001,Banexcoin Bolivia
664,"22/05/2025 12:08:39, UTC -04:00",Completed,Sell,LuisRodriguez942025,10067,1.45,25.00,BOB,17.22,0.04,22/05/2025 12:09:13,6985517800,S-001,Banexcoin Bolivia
670,"22/05/2025 14:36:07, UTC -04:00",Completed,Sell,LauraMunoz62Pro,10077,1.16,20.00,BOB,17.20,0.03,22/05/2025 14:36:55,6986166890,S-001,Banexcoin Bolivia
705,"23/05/2025 08:57:32, UTC -04:00",Completed,Sell,FernandoAlvarez68Cl,10080,9.68,166.50,BOB,17.20,0.29,23/05/2025 08:58:45,219617190,S-001,Banexcoin Bolivia
707,"23/05/2025 09:26:22, UTC -04:00",Completed,Sell,FernandoRodriguez54123,10012,1.45,25.00,BOB,17.18,0.04,23/05/2025 09:27:04,6988633940,S-001,Banexcoin Bolivia
710,"23/05/2025 11:45:51, UTC -04:00",Completed,Sell,VictorFernandez452024,10001,0.29,5.00,BOB,17.18,0.03,23/05/2025 11:46:24,219673890,S-001,Banexcoin Bolivia
715,"23/05/2025 12:24:28, UTC -04:00",Completed,Sell,CristinaSuarez852025,10003,0.58,10.00,BOB,17.14,0.03,23/05/2025 12:24:56,6989388610,S-001,Banexcoin Bolivia
719,"23/05/2025 14:16:40, UTC -04:00",Completed,Sell,RosaAguilar50Cl,10029,1.53,26.00,BOB,16.96,0.05,23/05/2025 14:16:55,6989906080,S-001,Banexcoin Bolivia
727,"23/05/2025 17:35:54, UTC -04:00",Completed,Sell,MariaFlores93Max,10006,3.65,62.50,BOB,17.13,0.11,23/05/2025 17:36:40,6990787780,S-001,Banexcoin Bolivia
729,"23/05/2025 18:02:58, UTC -04:00",Completed,Sell,RafaelRuiz18Co,10017,17.60,300.00,BOB,17.04,0.00,23/05/2025 18:03:51,219811340,S-001,Banexcoin Bolivia
730,"23/05/2025 18:08:29, UTC -04:00",Completed,Sell,RosaMolina92456,10030,4.69,80.00,BOB,17.05,0.14,23/05/2025 19:09:38,6990939360,S-001,Banexcoin Bolivia
731,"23/05/2025 18:33:39, UTC -04:00",Completed,Sell,VictorFernandez452024,10001,4.70,80.00,BOB,17.03,0.14,23/05/2025 18:33:53,219822860,S-001,Banexcoin Bolivia
733,"23/05/2025 19:17:02, UTC -04:00",Completed,Sell,FernandoRodriguez54123,10012,10.33,175.00,BOB,16.95,0.31,23/05/2025 19:17:21,6991263270,S-001,Banexcoin Bolivia
739,"23/05/2025 20:46:58, UTC -04:00",Completed,Sell,RosaMolina92456,10030,7.97,135.00,BOB,16.94,0.24,23/05/2025 20:47:19,6991632980,S-001,Banexcoin Bolivia
740,"23/05/2025 21:00:30, UTC -04:00",Completed,Sell,RosaMolina92456,10030,10.14,171.80,BOB,16.94,0.30,23/05/2025 21:00:55,6991682250,S-001,Banexcoin Bolivia
744,"23/05/2025 22:37:25, UTC -04:00",Completed,Sell,CristinaSuarez852025,10003,9.15,125.80,BOB,13.74,0.27,23/05/2025 22:37:44,6991973500,S-001,Banexcoin Bolivia
768,"24/05/2025 08:34:43, UTC -04:00",Completed,Sell,MonicaTorres77Mx,10047,3.09,50.00,BOB,16.16,0.09,24/05/2025 08:34:57,6992471360,S-001,Banexcoin Bolivia
774,"24/05/2025 10:09:03, UTC -04:00",Completed,Sell,PabloBlanco44456,10025,6.59,106.00,BOB,16.08,0.20,24/05/2025 10:09:23,6992813990,S-001,Banexcoin Bolivia
775,"24/05/2025 10:12:47, UTC -04:00",Completed,Sell,PabloBlanco44456,10025,1.05,17.00,BOB,16.13,0.03,24/05/2025 10:13:09,6992829850,S-001,Banexcoin Bolivia
777,"24/05/2025 10:24:19, UTC -04:00",Completed,Sell,RosaRomero97Co,10022,0.62,10.00,BOB,16.06,0.03,24/05/2025 10:24:48,219966530,S-001,Banexcoin Bolivia
780,"24/05/2025 12:32:52, UTC -04:00",Completed,Sell,SandraSanchez93Es,10069,11.63,189.00,BOB,16.25,0.35,24/05/2025 12:33:10,6993524450,S-001,Banexcoin Bolivia
784,"24/05/2025 13:21:21, UTC -04:00",Completed,Sell,CristinaSuarez852025,10003,9.13,150.00,BOB,16.43,0.27,24/05/2025 13:21:50,220035140,S-001,Banexcoin Bolivia
788,"24/05/2025 14:00:49, UTC -04:00",Completed,Sell,CristinaSuarez852025,10003,1.79,29.50,BOB,16.48,0.05,24/05/2025 14:01:12,6993969700,S-001,Banexcoin Bolivia
789,"24/05/2025 14:02:18, UTC -04:00",Completed,Sell,CristinaSuarez852025,10003,6.39,105.00,BOB,16.44,0.19,24/05/2025 14:03:26,220050630,S-001,Banexcoin Bolivia
793,"24/05/2025 16:44:41, UTC -04:00",Completed,Sell,AntonioSantos18007,10028,8.54,140.00,BOB,16.40,0.26,24/05/2025 16:44:55,6994661690,S-001,Banexcoin Bolivia
794,"24/05/2025 19:16:39, UTC -04:00",Completed,Sell,FernandoRodriguez54123,10012,6.12,100.00,BOB,16.33,0.18,24/05/2025 19:16:56,6995317870,S-001,Banexcoin Bolivia
795,"24/05/2025 21:12:51, UTC -04:00",Completed,Sell,PabloBlanco44456,10025,1.23,20.00,BOB,16.28,0.04,24/05/2025 21:13:13,6995768880,S-001,Banexcoin Bolivia
797,"24/05/2025 22:02:18, UTC -04:00",Completed,Sell,LauraMunoz62Pro,10077,6.78,110.00,BOB,16.23,0.20,24/05/2025 22:02:49,6995920880,S-001,Banexcoin Bolivia
799,"24/05/2025 22:15:11, UTC -04:00",Completed,Sell,CristinaSuarez852025,10003,0.62,10.00,BOB,16.22,0.03,24/05/2025 22:16:02,6995956970,S-001,Banexcoin Bolivia
805,"25/05/2025 11:00:19, UTC -04:00",Completed,Sell,MariaFlores93Max,10006,18.30,300.00,BOB,16.40,0.55,25/05/2025 11:00:38,6996899960,S-001,Banexcoin Bolivia
807,"25/05/2025 11:09:43, UTC -04:00",Completed,Sell,MariaFlores93Max,10006,4.80,78.70,BOB,16.40,0.14,25/05/2025 11:09:59,6996930910,S-001,Banexcoin Bolivia
809,"25/05/2025 11:52:49, UTC -04:00",Completed,Sell,FernandoRodriguez54123,10012,7.63,125.00,BOB,16.38,0.23,25/05/2025 11:53:01,6997078320,S-001,Banexcoin Bolivia
810,"25/05/2025 13:41:18, UTC -04:00",Completed,Sell,PabloBlanco44456,10025,11.02,179.00,BOB,16.25,0.33,25/05/2025 13:41:35,6997474300,S-001,Banexcoin Bolivia
811,"25/05/2025 14:05:06, UTC -04:00",Completed,Sell,PabloBlanco44456,10025,0.74,12.00,BOB,16.27,0.03,25/05/2025 14:05:20,6997550780,S-001,Banexcoin Bolivia
817,"25/05/2025 17:06:25, UTC -04:00",Completed,Sell,CristinaSuarez852025,10003,8.63,140.00,BOB,16.22,0.26,25/05/2025 17:06:49,6998064310,S-001,Banexcoin Bolivia
818,"25/05/2025 17:33:51, UTC -04:00",Completed,Sell,FernandoRodriguez54123,10012,30.78,500.00,BOB,16.25,0.92,25/05/2025 17:34:12,6998141540,S-001,Banexcoin Bolivia
819,"25/05/2025 18:00:31, UTC -04:00",Completed,Sell,CristinaSuarez852025,10003,4.68,76.00,BOB,16.25,0.14,25/05/2025 18:00:53,6998217810,S-001,Banexcoin Bolivia
820,"25/05/2025 18:19:01, UTC -04:00",Completed,Sell,PabloBlanco44456,10025,0.62,10.00,BOB,16.24,0.03,25/05/2025 18:19:16,6998272130,S-001,Banexcoin Bolivia
831,"25/05/2025 21:35:18, UTC -04:00",Completed,Sell,PabloBlanco44456,10025,0.80,13.00,BOB,16.30,0.03,25/05/2025 21:35:31,6998837350,S-001,Banexcoin Bolivia
833,"25/05/2025 21:52:38, UTC -04:00",Completed,Sell,IsabelSantos822025,10089,1.05,17.07,BOB,16.29,0.03,25/05/2025 21:53:27,6998876060,S-001,Banexcoin Bolivia
835,"26/05/2025 07:54:53, UTC -04:00",Completed,Sell,FernandoRodriguez54123,10012,1.11,18.00,BOB,16.23,0.03,26/05/2025 07:55:09,6999245460,S-001,Banexcoin Bolivia
841,"26/05/2025 10:27:38, UTC -04:00",Completed,Sell,VictorFernandez452024,10001,0.68,11.00,BOB,16.15,0.03,26/05/2025 10:27:55,220498850,S-001,Banexcoin Bolivia
843,"26/05/2025 10:32:52, UTC -04:00",Completed,Sell,FernandoRodriguez54123,10012,4.64,75.00,BOB,16.15,0.14,26/05/2025 10:33:06,6999811330,S-001,Banexcoin Bolivia
844,"26/05/2025 11:07:30, UTC -04:00",Completed,Sell,FernandoRodriguez54123,10012,9.25,150.00,BOB,16.22,0.28,26/05/2025 11:07:43,6999961420,S-001,Banexcoin Bolivia
852,"26/05/2025 12:09:47, UTC -04:00",Completed,Sell,FernandoRodriguez54123,10012,1.36,22.00,BOB,16.22,0.04,26/05/2025 12:10:06,7000239130,S-001,Banexcoin Bolivia
860,"26/05/2025 13:42:28, UTC -04:00",Completed,Sell,VictorFernandez452024,10001,0.12,2.00,BOB,16.19,0.03,26/05/2025 13:42:48,220569940,S-001,Banexcoin Bolivia
863,"26/05/2025 14:26:04, UTC -04:00",Completed,Sell,VictorFernandez452024,10001,0.09,1.50,BOB,16.22,0.03,26/05/2025 14:26:20,220589230,S-001,Banexcoin Bolivia
864,"26/05/2025 14:30:28, UTC -04:00",Completed,Sell,IsabelAlvarez26456,10094,0.08,1.25,BOB,16.22,0.03,26/05/2025 14:31:02,220591180,S-001,Banexcoin Bolivia
867,"26/05/2025 15:21:23, UTC -04:00",Completed,Sell,CristinaSuarez852025,10003,17.68,286.00,BOB,16.18,0.53,26/05/2025 15:21:43,7001150470,S-001,Banexcoin Bolivia
873,"26/05/2025 17:00:45, UTC -04:00",Completed,Sell,CristinaSuarez852025,10003,4.51,73.00,BOB,16.19,0.14,26/05/2025 17:01:07,7001605440,S-001,Banexcoin Bolivia
874,"26/05/2025 17:27:41, UTC -04:00",Completed,Sell,PabloBlanco44456,10025,0.93,15.00,BOB,16.18,0.03,26/05/2025 17:27:58,7001735690,S-001,Banexcoin Bolivia
875,"26/05/2025 18:23:24, UTC -04:00",Completed,Sell,SofiaDiaz30Es,10036,3.10,50.00,BOB,16.15,0.09,26/05/2025 18:24:37,7002026260,S-001,Banexcoin Bolivia
876,"26/05/2025 18:37:29, UTC -04:00",Completed,Sell,AlbertoLeon10007,10008,9.46,153.00,BOB,16.17,0.28,26/05/2025 18:37:45,220689810,S-001,Banexcoin Bolivia
878,"26/05/2025 18:50:48, UTC -04:00",Completed,Sell,PabloBlanco44456,10025,1.11,18.00,BOB,16.17,0.03,26/05/2025 18:51:06,7002161970,S-001,Banexcoin Bolivia
880,"26/05/2025 21:47:16, UTC -04:00",Completed,Sell,CristinaSuarez852025,10003,12.45,200.00,BOB,16.06,0.37,26/05/2025 21:47:30,220754450,S-001,Banexcoin Bolivia
887,"26/05/2025 23:30:00, UTC -04:00",Completed,Sell,PabloBlanco44456,10025,62.23,"1,000.00",BOB,16.07,1.87,26/05/2025 23:30:51,7003095590,S-001,Banexcoin Bolivia
894,"27/05/2025 07:53:54, UTC -04:00",Completed,Sell,FernandoRodriguez54123,10012,1.12,18.00,BOB,16.14,0.03,27/05/2025 07:54:11,7003356190,S-001,Banexcoin Bolivia
907,"27/05/2025 11:42:39, UTC -04:00",Completed,Sell,FernandoRodriguez54123,10012,22.41,360.00,BOB,16.07,0.67,27/05/2025 11:43:04,7004245660,S-001,Banexcoin Bolivia
909,"27/05/2025 12:53:48, UTC -04:00",Completed,Sell,CristinaSuarez852025,10003,19.91,320.00,BOB,16.07,0.60,27/05/2025 12:54:03,220902410,S-001,Banexcoin Bolivia
915,"27/05/2025 15:27:21, UTC -04:00",Completed,Sell,MonicaTorres77Mx,10047,36.36,582.00,BOB,16.01,1.09,27/05/2025 15:27:46,7005199250,S-001,Banexcoin Bolivia
917,"27/05/2025 15:41:45, UTC -04:00",Completed,Sell,PabloBlanco44456,10025,31.20,500.00,BOB,16.03,0.94,27/05/2025 15:42:36,7005259880,S-001,Banexcoin Bolivia
921,"27/05/2025 17:15:43, UTC -04:00",Completed,Sell,PatriciaRomero37Pro,10010,0.31,5.00,BOB,16.08,0.03,27/05/2025 17:16:18,220991200,S-001,Banexcoin Bolivia
925,"27/05/2025 17:50:27, UTC -04:00",Completed,Sell,IsabelAlvarez26456,10094,0.06,1.00,BOB,16.11,0.03,27/05/2025 17:50:44,221003170,S-001,Banexcoin Bolivia
926,"27/05/2025 17:56:53, UTC -04:00",Completed,Sell,IsabelAlvarez26456,10094,1.24,20.00,BOB,16.11,0.04,27/05/2025 17:57:28,221005670,S-001,Banexcoin Bolivia
929,"27/05/2025 18:48:05, UTC -04:00",Completed,Sell,JorgeHernandez43Mx,10098,3.10,50.00,BOB,16.13,0.09,27/05/2025 18:48:45,7006032070,S-001,Banexcoin Bolivia
934,"27/05/2025 20:05:28, UTC -04:00",Completed,Sell,JorgeHernandez43Mx,10098,1.24,20.00,BOB,16.07,0.04,27/05/2025 20:06:08,7006338240,S-001,Banexcoin Bolivia
936,"27/05/2025 22:02:38, UTC -04:00",Completed,Sell,AlbertoLeon10007,10008,11.12,179.00,BOB,16.09,0.33,27/05/2025 22:03:01,7006655760,S-001,Banexcoin Bolivia
939,"28/05/2025 07:53:41, UTC -04:00",Completed,Sell,FernandoRodriguez54123,10012,1.12,18.00,BOB,16.04,0.03,28/05/2025 07:54:12,7006980840,S-001,Banexcoin Bolivia
944,"28/05/2025 10:34:33, UTC -04:00",Completed,Sell,MonicaTorres77Mx,10047,74.49,"1,200.00",BOB,16.11,2.23,28/05/2025 10:34:53,7007460510,S-001,Banexcoin Bolivia
947,"28/05/2025 10:49:55, UTC -04:00",Completed,Sell,PabloBlanco44456,10025,0.31,5.00,BOB,16.10,0.03,28/05/2025 10:50:26,7007519480,S-001,Banexcoin Bolivia
951,"28/05/2025 11:28:16, UTC -04:00",Completed,Sell,FernandoRodriguez54123,10012,7.76,125.00,BOB,16.12,0.23,28/05/2025 11:28:38,7007666410,S-001,Banexcoin Bolivia
956,"28/05/2025 13:09:47, UTC -04:00",Completed,Sell,FernandoRodriguez54123,10012,1.36,22.00,BOB,16.13,0.04,28/05/2025 13:10:20,7008113570,S-001,Banexcoin Bolivia
962,"28/05/2025 13:28:56, UTC -04:00",Completed,Sell,SilviaLeon84456,10033,0.31,5.00,BOB,16.29,0.03,28/05/2025 13:29:27,7008191560,S-001,Banexcoin Bolivia
969,"28/05/2025 16:51:39, UTC -04:00",Completed,Sell,CristinaSuarez852025,10003,6.03,97.50,BOB,16.17,0.18,28/05/2025 16:52:08,7008992510,S-001,Banexcoin Bolivia
976,"28/05/2025 18:29:29, UTC -04:00",Completed,Sell,FernandoRodriguez54123,10012,3.46,56.00,BOB,16.19,0.10,28/05/2025 18:29:41,7009413850,S-001,Banexcoin Bolivia
978,"28/05/2025 21:09:34, UTC -04:00",Completed,Sell,MariaFlores93Max,10006,5.61,91.00,BOB,16.22,0.17,28/05/2025 21:10:08,7010025350,S-001,Banexcoin Bolivia
982,"29/05/2025 09:18:24, UTC -04:00",Completed,Sell,CristinaSuarez852025,10003,1.55,25.00,BOB,16.16,0.05,29/05/2025 09:19:35,7010687680,S-001,Banexcoin Bolivia
984,"29/05/2025 09:21:40, UTC -04:00",Completed,Sell,CristinaSuarez852025,10003,0.93,15.00,BOB,16.18,0.03,29/05/2025 09:21:55,7010695650,S-001,Banexcoin Bolivia
987,"29/05/2025 09:38:06, UTC -04:00",Completed,Sell,CristinaSuarez852025,10003,6.17,100.00,BOB,16.19,0.19,29/05/2025 09:38:36,7010755710,S-001,Banexcoin Bolivia
990,"29/05/2025 11:09:14, UTC -04:00",Completed,Sell,VictorFernandez452024,10001,0.08,1.30,BOB,16.58,0.03,29/05/2025 11:09:28,221466970,S-001,Banexcoin Bolivia
993,"29/05/2025 11:24:52, UTC -04:00",Completed,Sell,FernandoRodriguez54123,10012,7.08,116.00,BOB,16.39,0.21,29/05/2025 11:25:10,7011167820,S-001,Banexcoin Bolivia
994,"29/05/2025 11:48:26, UTC -04:00",Completed,Sell,IsabelSantos822025,10089,0.06,1.00,BOB,16.38,0.03,29/05/2025 11:48:43,7011268920,S-001,Banexcoin Bolivia
995,"29/05/2025 12:16:33, UTC -04:00",Completed,Sell,VictorFernandez452024,10001,0.09,1.40,BOB,16.32,0.03,29/05/2025 12:16:49,221492150,S-001,Banexcoin Bolivia
996,"29/05/2025 12:26:07, UTC -04:00",Completed,Sell,VictorFernandez452024,10001,0.10,1.55,BOB,16.27,0.03,29/05/2025 12:26:19,221495650,S-001,Banexcoin Bolivia
1000,"29/05/2025 12:39:13, UTC -04:00",Completed,Sell,SilviaLeon84456,10033,0.18,3.00,BOB,16.28,0.03,29/05/2025 12:39:32,7011497900,S-001,Banexcoin Bolivia
1001,"29/05/2025 12:54:52, UTC -04:00",Completed,Sell,FernandoRodriguez54123,10012,1.35,22.00,BOB,16.31,0.04,29/05/2025 12:55:11,7011570550,S-001,Banexcoin Bolivia
1002,"29/05/2025 13:14:52, UTC -04:00",Completed,Sell,VictorFernandez452024,10001,0.10,1.60,BOB,16.26,0.03,29/05/2025 13:15:15,221513940,S-001,Banexcoin Bolivia
1003,"29/05/2025 13:46:56, UTC -04:00",Completed,Sell,RosaMolina92456,10030,829.21,"13,500.00",BOB,16.28,24.88,29/05/2025 13:47:13,7011789670,S-001,Banexcoin Bolivia
1004,"29/05/2025 14:13:33, UTC -04:00",Completed,Sell,FernandoGonzalez47Mx,10015,0.74,12.00,BOB,16.27,0.03,29/05/2025 14:13:46,7011892020,S-001,Banexcoin Bolivia
1005,"29/05/2025 14:15:17, UTC -04:00",Completed,Sell,MariaFlores93Max,10006,2.15,35.00,BOB,16.27,0.06,29/05/2025 14:15:38,7011899510,S-001,Banexcoin Bolivia
1013,"29/05/2025 15:23:58, UTC -04:00",Completed,Sell,CristinaSuarez852025,10003,17.50,285.00,BOB,16.29,0.52,29/05/2025 15:24:19,7012169270,S-001,Banexcoin Bolivia
1026,"29/05/2025 17:08:55, UTC -04:00",Completed,Sell,MariaFlores93Max,10006,6.97,114.00,BOB,16.35,0.21,29/05/2025 17:09:10,7012615900,S-001,Banexcoin Bolivia
1028,"29/05/2025 17:34:08, UTC -04:00",Completed,Sell,CristinaSuarez852025,10003,17.98,294.00,BOB,16.35,0.54,29/05/2025 17:34:23,7012725560,S-001,Banexcoin Bolivia
1030,"29/05/2025 17:46:09, UTC -04:00",Completed,Sell,MiguelGomez24007,10104,10.39,170.00,BOB,16.37,0.31,29/05/2025 17:46:31,7012778960,S-001,Banexcoin Bolivia
1031,"29/05/2025 18:36:17, UTC -04:00",Completed,Sell,CristinaSuarez852025,10003,1.84,30.00,BOB,16.35,0.06,29/05/2025 18:36:36,7013003810,S-001,Banexcoin Bolivia
1034,"29/05/2025 20:11:53, UTC -04:00",Completed,Sell,CristinaSuarez852025,10003,9.79,160.00,BOB,16.34,0.29,29/05/2025 20:12:10,7013403000,S-001,Banexcoin Bolivia
1041,"29/05/2025 23:25:33, UTC -04:00",Completed,Sell,VictorFernandez452024,10001,0.11,1.76,BOB,16.26,0.03,29/05/2025 23:25:55,221695090,S-001,Banexcoin Bolivia
1043,"29/05/2025 23:29:52, UTC -04:00",Completed,Sell,VictorFernandez452024,10001,0.14,2.34,BOB,16.27,0.03,29/05/2025 23:30:09,221695360,S-001,Banexcoin Bolivia
1044,"30/05/2025 10:40:13, UTC -04:00",Completed,Sell,MariaFlores93Max,10006,7.36,120.00,BOB,16.31,0.22,30/05/2025 10:40:27,7014647270,S-001,Banexcoin Bolivia
1054,"30/05/2025 12:29:50, UTC -04:00",Completed,Sell,FranciscoHerrera53Max,10106,5.90,96.00,BOB,16.27,0.18,30/05/2025 12:30:14,7015163070,S-001,Banexcoin Bolivia
1055,"30/05/2025 12:49:21, UTC -04:00",Completed,Sell,FernandoGonzalez47Mx,10015,1.97,32.00,BOB,16.25,0.06,30/05/2025 12:49:35,7015265290,S-001,Banexcoin Bolivia
1056,"30/05/2025 12:58:18, UTC -04:00",Completed,Sell,PabloOrtiz64Mx,10111,8.83,143.50,BOB,16.26,0.26,30/05/2025 12:58:49,221824100,S-001,Banexcoin Bolivia
1059,"30/05/2025 13:43:57, UTC -04:00",Completed,Sell,MariaFlores93Max,10006,1.54,25.00,BOB,16.23,0.05,30/05/2025 13:44:25,7015520400,S-001,Banexcoin Bolivia
1061,"30/05/2025 14:00:23, UTC -04:00",Completed,Sell,VictorFernandez452024,10001,0.06,1.00,BOB,16.17,0.03,30/05/2025 14:00:56,221848720,S-001,Banexcoin Bolivia
1068,"30/05/2025 15:28:42, UTC -04:00",Completed,Sell,AlbertoLeon10007,10008,2.34,38.00,BOB,16.22,0.07,30/05/2025 15:29:16,7015986420,S-001,Banexcoin Bolivia
1080,"30/05/2025 19:58:26, UTC -04:00",Completed,Sell,AlbertoLeon10007,10008,2.72,44.00,BOB,16.19,0.08,30/05/2025 19:58:56,7017274130,S-001,Banexcoin Bolivia
1081,"30/05/2025 20:10:02, UTC -04:00",Completed,Sell,AlbertoLeon10007,10008,0.62,10.00,BOB,16.18,0.03,30/05/2025 20:10:27,7017322090,S-001,Banexcoin Bolivia
1082,"30/05/2025 23:38:35, UTC -04:00",Completed,Sell,MariaFlores93Max,10006,12.40,200.00,BOB,16.13,0.37,30/05/2025 23:39:04,222046140,S-001,Banexcoin Bolivia
1084,"31/05/2025 08:40:04, UTC -04:00",Completed,Sell,CristinaSuarez852025,10003,0.74,12.00,BOB,16.19,0.03,31/05/2025 08:40:33,7018261260,S-001,Banexcoin Bolivia
1091,"31/05/2025 11:27:09, UTC -04:00",Completed,Sell,CristinaSuarez852025,10003,2.60,42.00,BOB,16.13,0.08,31/05/2025 11:27:28,7018986270,S-001,Banexcoin Bolivia
1092,"31/05/2025 11:36:51, UTC -04:00",Completed,Sell,DiegoCastro18Cl,10099,0.62,10.00,BOB,16.13,0.03,31/05/2025 11:37:49,7019041150,S-001,Banexcoin Bolivia
1093,"31/05/2025 13:36:49, UTC -04:00",Completed,Sell,CristinaSuarez852025,10003,136.95,"2,201.00",BOB,16.07,4.11,31/05/2025 13:37:10,7019749730,S-001,Banexcoin Bolivia
1094,"31/05/2025 13:42:47, UTC -04:00",Completed,Sell,AlbertoLeon10007,10008,18.65,300.00,BOB,16.09,0.56,31/05/2025 13:42:58,222209850,S-001,Banexcoin Bolivia
1098,"31/05/2025 14:51:26, UTC -04:00",Completed,Sell,FernandoGonzalez47Mx,10015,13.34,215.00,BOB,16.11,0.40,31/05/2025 14:51:42,7020161410,S-001,Banexcoin Bolivia
1099,"31/05/2025 20:48:09, UTC -04:00",Completed,Sell,PabloBlanco44456,10025,8.00,129.00,BOB,16.13,0.24,31/05/2025 20:48:24,7021819790,S-001,Banexcoin Bolivia
1100,"31/05/2025 22:02:02, UTC -04:00",Completed,Sell,MariaFlores93Max,10006,6.87,111.00,BOB,16.15,0.21,31/05/2025 22:02:17,7022053940,S-001,Banexcoin Bolivia
1101,"31/05/2025 22:47:10, UTC -04:00",Completed,Sell,CristinaSuarez852025,10003,12.38,200.00,BOB,16.16,0.37,31/05/2025 22:47:29,7022166970,S-001,Banexcoin Bolivia
1102,"01/06/2025 03:48:07, UTC -04:00",Completed,Sell,AlbertoLeon10007,10008,1.99,32.00,BOB,16.10,0.06,01/06/2025 03:48:23,7028971020,S-001,Banexcoin Bolivia
1103,"01/06/2025 10:11:33, UTC -04:00",Completed,Sell,PabloBlanco44456,10025,1.05,17.00,BOB,16.16,0.03,01/06/2025 10:11:46,7029402030,S-001,Banexcoin Bolivia
1113,"02/06/2025 08:57:09, UTC -04:00",Completed,Sell,FernandoGonzalez47Mx,10015,6.33,102.00,BOB,16.10,0.19,02/06/2025 08:57:24,7032328780,S-001,Banexcoin Bolivia
1117,"02/06/2025 11:53:49, UTC -04:00",Completed,Sell,AndresVega17Pro,10086,80.80,"1,300.00",BOB,16.09,2.42,02/06/2025 11:54:24,7033112340,S-001,Banexcoin Bolivia
1118,"02/06/2025 11:57:36, UTC -04:00",Completed,Sell,AndresVega17Pro,10086,6.22,100.00,BOB,16.09,0.19,02/06/2025 11:57:56,7033129060,S-001,Banexcoin Bolivia
1121,"02/06/2025 12:36:33, UTC -04:00",Completed,Sell,AndresVega17Pro,10086,5.47,88.00,BOB,16.08,0.16,02/06/2025 12:36:50,7033339710,S-001,Banexcoin Bolivia
1127,"02/06/2025 14:16:55, UTC -04:00",Completed,Sell,CristinaSuarez852025,10003,3.66,59.00,BOB,16.10,0.11,02/06/2025 14:17:28,7033827340,S-001,Banexcoin Bolivia
1128,"02/06/2025 14:17:44, UTC -04:00",Completed,Sell,AdrianaRomero102024,10109,6.14,99.00,BOB,16.11,0.18,02/06/2025 14:18:02,7033829930,S-001,Banexcoin Bolivia
1129,"02/06/2025 14:27:02, UTC -04:00",Completed,Sell,CristinaSuarez852025,10003,2.30,37.00,BOB,16.11,0.07,02/06/2025 14:27:16,7033871500,S-001,Banexcoin Bolivia
1130,"02/06/2025 14:30:09, UTC -04:00",Completed,Sell,VictorFernandez452024,10001,0.12,2.00,BOB,16.11,0.03,02/06/2025 14:30:25,222929620,S-001,Banexcoin Bolivia
1131,"02/06/2025 14:32:14, UTC -04:00",Completed,Sell,VictorFernandez452024,10001,0.19,3.00,BOB,16.10,0.03,02/06/2025 14:32:29,222931030,S-001,Banexcoin Bolivia
1136,"02/06/2025 18:40:59, UTC -04:00",Completed,Sell,MonicaTorres77Mx,10047,18.58,300.00,BOB,16.15,0.56,02/06/2025 18:41:20,7035144250,S-001,Banexcoin Bolivia
1140,"02/06/2025 20:28:31, UTC -04:00",Completed,Sell,VictorFernandez452024,10001,0.08,1.25,BOB,16.14,0.03,02/06/2025 20:28:45,223107500,S-001,Banexcoin Bolivia
1142,"02/06/2025 21:04:00, UTC -04:00",Completed,Sell,AndresVega17Pro,10086,0.87,14.00,BOB,16.15,0.03,02/06/2025 21:04:14,7035789840,S-001,Banexcoin Bolivia
1143,"02/06/2025 21:05:48, UTC -04:00",Completed,Sell,MonicaTorres77Mx,10047,3.41,55.00,BOB,16.15,0.10,02/06/2025 21:06:06,7035796480,S-001,Banexcoin Bolivia
1144,"03/06/2025 10:08:23, UTC -04:00",Completed,Sell,MonicaTorres77Mx,10047,2.49,40.15,BOB,16.15,0.07,03/06/2025 10:08:35,7036895300,S-001,Banexcoin Bolivia
1145,"03/06/2025 11:54:32, UTC -04:00",Completed,Sell,VictorFernandez452024,10001,0.13,2.10,BOB,16.12,0.03,03/06/2025 11:54:48,223291180,S-001,Banexcoin Bolivia
1146,"03/06/2025 11:56:56, UTC -04:00",Completed,Sell,VictorFernandez452024,10001,0.13,2.14,BOB,16.12,0.03,03/06/2025 11:57:08,223292280,S-001,Banexcoin Bolivia
1151,"03/06/2025 12:20:46, UTC -04:00",Completed,Sell,AndresVega17Pro,10086,184.73,"2,980.00",BOB,16.13,5.54,03/06/2025 12:21:03,7037524090,S-001,Banexcoin Bolivia
1153,"03/06/2025 13:25:31, UTC -04:00",Completed,Sell,AndresVega17Pro,10086,6.20,100.00,BOB,16.13,0.19,03/06/2025 13:26:44,7037852450,S-001,Banexcoin Bolivia
1158,"03/06/2025 15:54:44, UTC -04:00",Completed,Sell,CristinaSuarez852025,10003,48.04,775.70,BOB,16.15,1.44,03/06/2025 15:55:09,7038516370,S-001,Banexcoin Bolivia
1160,"03/06/2025 18:34:39, UTC -04:00",Completed,Sell,OscarVargas212025,10011,26.01,420.00,BOB,16.15,0.78,03/06/2025 18:35:28,223469730,S-001,Banexcoin Bolivia
1162,"03/06/2025 18:44:45, UTC -04:00",Completed,Sell,AndresVega17Pro,10086,6.20,100.00,BOB,16.14,0.19,03/06/2025 18:45:01,7039326540,S-001,Banexcoin Bolivia
1163,"03/06/2025 19:04:55, UTC -04:00",Completed,Sell,MonicaTorres77Mx,10047,18.53,299.00,BOB,16.14,0.56,03/06/2025 19:05:16,7039425710,S-001,Banexcoin Bolivia
1172,"03/06/2025 19:51:57, UTC -04:00",Completed,Sell,JoseMartinez34Es,10126,0.62,10.00,BOB,16.13,0.03,03/06/2025 19:52:56,7039652470,S-001,Banexcoin Bolivia
1176,"03/06/2025 20:07:57, UTC -04:00",Completed,Sell,AndresVega17Pro,10086,10.17,164.00,BOB,16.12,0.31,03/06/2025 20:08:10,7039717580,S-001,Banexcoin Bolivia
1179,"04/06/2025 12:03:00, UTC -04:00",Completed,Sell,CristinaSuarez852025,10003,17.36,280.00,BOB,16.13,0.52,04/06/2025 12:03:30,7041576030,S-001,Banexcoin Bolivia
1195,"04/06/2025 12:29:52, UTC -04:00",Completed,Sell,AndresVega17Pro,10086,4.34,70.00,BOB,16.12,0.13,04/06/2025 12:30:05,7041712130,S-001,Banexcoin Bolivia
1208,"04/06/2025 13:29:08, UTC -04:00",Completed,Sell,MariaFlores93Max,10006,1.92,31.00,BOB,16.13,0.06,04/06/2025 13:29:36,7042006840,S-001,Banexcoin Bolivia
1213,"04/06/2025 16:26:12, UTC -04:00",Completed,Sell,CristinaSuarez852025,10003,23.55,380.00,BOB,16.14,0.71,04/06/2025 16:26:33,7042815450,S-001,Banexcoin Bolivia
1214,"04/06/2025 16:38:34, UTC -04:00",Completed,Sell,MariaRamirez52Co,10121,2.42,39.00,BOB,16.14,0.07,04/06/2025 16:39:10,7042874610,S-001,Banexcoin Bolivia
1219,"04/06/2025 18:36:55, UTC -04:00",Completed,Sell,FernandoRodriguez54123,10012,2.72,44.00,BOB,16.15,0.08,04/06/2025 18:37:18,7043454510,S-001,Banexcoin Bolivia
1220,"04/06/2025 19:20:41, UTC -04:00",Completed,Sell,AdrianaLopez212024,10004,0.62,10.00,BOB,16.15,0.03,04/06/2025 19:20:54,223872650,S-001,Banexcoin Bolivia
1221,"04/06/2025 19:58:40, UTC -04:00",Completed,Sell,AndresVega17Pro,10086,0.62,10.00,BOB,16.17,0.03,04/06/2025 19:58:53,7044159360,S-001,Banexcoin Bolivia
1222,"04/06/2025 20:57:14, UTC -04:00",Completed,Sell,AndresVega17Pro,10086,4.63,75.00,BOB,16.19,0.14,04/06/2025 20:57:30,7044396240,S-001,Banexcoin Bolivia
1223,"04/06/2025 21:14:31, UTC -04:00",Completed,Sell,AndresVega17Pro,10086,0.62,10.00,BOB,16.17,0.03,04/06/2025 21:14:45,7044461360,S-001,Banexcoin Bolivia
1230,"04/06/2025 21:49:25, UTC -04:00",Completed,Sell,MariaFlores93Max,10006,2.66,43.00,BOB,16.17,0.08,04/06/2025 21:50:20,7044571220,S-001,Banexcoin Bolivia
1234,"05/06/2025 12:56:00, UTC -04:00",Completed,Sell,AndresVega17Pro,10086,3.09,50.00,BOB,16.16,0.09,05/06/2025 12:56:13,7046339790,S-001,Banexcoin Bolivia
1246,"05/06/2025 15:04:51, UTC -04:00",Completed,Sell,SilviaLeon84456,10033,0.15,2.50,BOB,16.16,0.00,05/06/2025 15:05:07,7046948550,S-001,Banexcoin Bolivia
1254,"05/06/2025 17:38:57, UTC -04:00",Completed,Sell,AlbertoLeon10007,10008,61.93,"1,000.00",BOB,16.15,0.00,05/06/2025 17:40:00,224211620,S-001,Banexcoin Bolivia
1259,"05/06/2025 22:46:11, UTC -04:00",Completed,Sell,MariaFlores93Max,10006,247.54,"4,000.00",BOB,16.16,0.00,05/06/2025 22:47:00,7048909530,S-001,Banexcoin Bolivia
1262,"06/06/2025 10:08:36, UTC -04:00",Completed,Sell,PabloBlanco44456,10025,1.86,30.00,BOB,16.14,0.00,06/06/2025 10:09:29,7049731460,S-001,Banexcoin Bolivia
1265,"06/06/2025 11:37:38, UTC -04:00",Completed,Sell,CristinaSuarez852025,10003,0.62,10.00,BOB,16.17,0.00,06/06/2025 11:38:07,7050133110,S-001,Banexcoin Bolivia
1267,"06/06/2025 12:25:22, UTC -04:00",Completed,Sell,EduardoAlvarez15Pe,10013,1.05,17.00,BOB,16.16,0.00,06/06/2025 12:25:47,7050374160,S-001,Banexcoin Bolivia
1268,"06/06/2025 12:55:19, UTC -04:00",Completed,Sell,AndresVega17Pro,10086,30.94,500.00,BOB,16.16,0.00,06/06/2025 12:55:44,7050530550,S-001,Banexcoin Bolivia
1271,"06/06/2025 15:45:20, UTC -04:00",Completed,Sell,PabloOrtiz64Mx,10111,4.33,70.00,BOB,16.16,0.00,06/06/2025 15:46:18,7051315730,S-001,Banexcoin Bolivia
1276,"06/06/2025 18:02:17, UTC -04:00",Completed,Sell,CristinaSuarez852025,10003,3.09,50.00,BOB,16.16,0.00,06/06/2025 18:02:32,7052031000,S-001,Banexcoin Bolivia
1277,"06/06/2025 18:58:24, UTC -04:00",Completed,Sell,AndresVega17Pro,10086,12.38,200.00,BOB,16.16,0.00,06/06/2025 18:58:37,7052309500,S-001,Banexcoin Bolivia
1278,"06/06/2025 19:04:14, UTC -04:00",Completed,Sell,CristinaSuarez852025,10003,19.50,315.00,BOB,16.16,0.00,06/06/2025 19:04:41,7052341080,S-001,Banexcoin Bolivia
1279,"06/06/2025 20:35:14, UTC -04:00",Completed,Sell,MonicaTorres77Mx,10047,3.25,52.50,BOB,16.16,0.00,06/06/2025 20:35:27,224738480,S-001,Banexcoin Bolivia
1280,"06/06/2025 20:56:49, UTC -04:00",Completed,Sell,PabloBlanco44456,10025,0.93,15.00,BOB,16.14,0.00,06/06/2025 20:57:00,1471374740,S-001,Banexcoin Bolivia
1289,"07/06/2025 11:26:01, UTC -04:00",Completed,Sell,PabloBlanco44456,10025,1.86,30.00,BOB,16.14,0.00,07/06/2025 11:26:15,7054385590,S-001,Banexcoin Bolivia
1290,"07/06/2025 13:26:22, UTC -04:00",Completed,Sell,CristinaSuarez852025,10003,17.33,280.00,BOB,16.15,0.00,07/06/2025 13:26:41,7055056620,S-001,Banexcoin Bolivia
1291,"07/06/2025 13:41:32, UTC -04:00",Completed,Sell,CristinaSuarez852025,10003,14.24,230.00,BOB,16.15,0.00,07/06/2025 13:41:47,7055135440,S-001,Banexcoin Bolivia
1292,"07/06/2025 14:08:58, UTC -04:00",Completed,Sell,CristinaSuarez852025,10003,5.57,90.00,BOB,16.15,0.00,07/06/2025 14:09:50,7055276790,S-001,Banexcoin Bolivia
1293,"07/06/2025 15:37:10, UTC -04:00",Completed,Sell,AndresVega17Pro,10086,1.86,30.00,BOB,16.12,0.00,07/06/2025 15:37:24,7055671860,S-001,Banexcoin Bolivia
1294,"07/06/2025 15:42:48, UTC -04:00",Completed,Sell,AndresVega17Pro,10086,2.48,40.00,BOB,16.12,0.00,07/06/2025 15:43:01,7055696350,S-001,Banexcoin Bolivia
1295,"07/06/2025 21:15:22, UTC -04:00",Completed,Sell,RobertoLeon45Max,20015,0.74,12.00,BOB,16.12,0.00,07/06/2025 21:15:47,7057146360,S-001,Banexcoin Bolivia
1296,"07/06/2025 23:55:16, UTC -04:00",Completed,Sell,AdrianaLopez212024,10004,32.76,526.00,BOB,16.06,0.00,07/06/2025 23:55:33,7057545120,S-001,Banexcoin Bolivia
1297,"08/06/2025 14:39:37, UTC -04:00",Completed,Sell,LauraMunoz62Pro,10077,8.28,133.00,BOB,16.07,0.00,08/06/2025 14:39:54,7059138420,S-001,Banexcoin Bolivia
1304,"08/06/2025 16:28:46, UTC -04:00",Completed,Sell,DianaOrtega242025,20084,9.32,150.00,BOB,16.10,0.00,08/06/2025 16:29:15,7059477380,S-001,Banexcoin Bolivia
1306,"08/06/2025 17:28:34, UTC -04:00",Completed,Sell,DianaOrtega242025,20084,28.57,460.00,BOB,16.10,0.00,08/06/2025 17:28:58,7059640780,S-001,Banexcoin Bolivia
1308,"08/06/2025 18:24:00, UTC -04:00",Completed,Sell,SilviaLeon84456,10033,3.11,50.00,BOB,16.10,0.00,08/06/2025 18:24:22,7059802750,S-001,Banexcoin Bolivia
1309,"08/06/2025 19:35:02, UTC -04:00",Completed,Sell,CristinaSuarez852025,10003,5.34,86.00,BOB,16.12,0.00,08/06/2025 19:35:17,7060028630,S-001,Banexcoin Bolivia
1310,"08/06/2025 20:17:35, UTC -04:00",Completed,Sell,AntonioSanchez14Max,10027,45.29,730.00,BOB,16.12,0.00,08/06/2025 20:17:51,7060153360,S-001,Banexcoin Bolivia
1311,"08/06/2025 21:19:49, UTC -04:00",Completed,Sell,MariaFlores93Max,10006,3.97,64.00,BOB,16.12,0.00,08/06/2025 21:20:40,7060314730,S-001,Banexcoin Bolivia
1312,"08/06/2025 22:16:56, UTC -04:00",Completed,Sell,MariaFlores93Max,10006,3.68,59.30,BOB,16.11,0.00,08/06/2025 22:17:22,7060426670,S-001,Banexcoin Bolivia
1313,"09/06/2025 09:36:22, UTC -04:00",Completed,Sell,AntonioSanchez14Max,10027,2.08,33.50,BOB,16.11,0.00,09/06/2025 09:36:40,7061087600,S-001,Banexcoin Bolivia
1317,"09/06/2025 11:52:05, UTC -04:00",Completed,Sell,AntonioSanchez14Max,10027,2.61,42.00,BOB,16.09,0.00,09/06/2025 11:52:18,7061675640,S-001,Banexcoin Bolivia
1318,"09/06/2025 13:36:28, UTC -04:00",Completed,Sell,AntonioSanchez14Max,10027,2.05,33.00,BOB,16.06,0.00,09/06/2025 13:36:43,7062179140,S-001,Banexcoin Bolivia
1319,"09/06/2025 15:27:58, UTC -04:00",Completed,Sell,AndresVega17Pro,10086,2.24,36.00,BOB,16.05,0.00,09/06/2025 15:28:14,7062656920,S-001,Banexcoin Bolivia
1322,"09/06/2025 16:18:36, UTC -04:00",Completed,Sell,AntonioSanchez14Max,10027,3.24,52.00,BOB,16.06,0.00,09/06/2025 16:18:54,7062892620,S-001,Banexcoin Bolivia
1323,"09/06/2025 17:02:11, UTC -04:00",Completed,Sell,AndresVega17Pro,10086,87.10,"1,400.00",BOB,16.07,0.00,09/06/2025 17:02:22,7063094270,S-001,Banexcoin Bolivia
1324,"09/06/2025 17:06:23, UTC -04:00",Completed,Sell,CristinaSuarez852025,10003,3.86,62.00,BOB,16.07,0.00,09/06/2025 17:06:44,7063115620,S-001,Banexcoin Bolivia
1325,"09/06/2025 17:19:10, UTC -04:00",Completed,Sell,DianaBlanco84123,20163,43.53,700.00,BOB,16.08,0.00,09/06/2025 17:19:33,7063177650,S-001,Banexcoin Bolivia
1326,"09/06/2025 17:32:10, UTC -04:00",Completed,Sell,CristinaSuarez852025,10003,4.04,65.00,BOB,16.09,0.00,09/06/2025 17:32:28,7063237800,S-001,Banexcoin Bolivia
1327,"09/06/2025 17:51:08, UTC -04:00",Completed,Sell,MariaFlores93Max,10006,49.73,800.00,BOB,16.09,0.00,09/06/2025 17:51:30,7063329500,S-001,Banexcoin Bolivia
1328,"09/06/2025 18:36:38, UTC -04:00",Completed,Sell,MariaFlores93Max,10006,18.64,300.00,BOB,16.09,0.00,09/06/2025 18:37:05,7063554490,S-001,Banexcoin Bolivia
1329,"09/06/2025 18:54:05, UTC -04:00",Completed,Sell,AndresVega17Pro,10086,10.56,170.00,BOB,16.09,0.00,09/06/2025 18:54:17,7063637080,S-001,Banexcoin Bolivia
1330,"09/06/2025 20:02:08, UTC -04:00",Completed,Sell,AndresVega17Pro,10086,3.48,56.00,BOB,16.09,0.00,09/06/2025 20:02:20,225691980,S-001,Banexcoin Bolivia
1331,"09/06/2025 21:10:53, UTC -04:00",Completed,Sell,MonicaTorres77Mx,10047,3.42,55.00,BOB,16.07,0.00,09/06/2025 21:11:13,7064207710,S-001,Banexcoin Bolivia
1334,"10/06/2025 07:37:13, UTC -04:00",Completed,Sell,MariaFlores93Max,10006,6.17,99.00,BOB,16.05,0.00,10/06/2025 07:37:31,7064687830,S-001,Banexcoin Bolivia
1335,"10/06/2025 08:31:49, UTC -04:00",Completed,Sell,AndresVega17Pro,10086,2.73,43.86,BOB,16.06,0.00,10/06/2025 08:32:04,7064826870,S-001,Banexcoin Bolivia
1336,"10/06/2025 08:43:41, UTC -04:00",Completed,Sell,AntonioSanchez14Max,10027,2.94,47.21,BOB,16.07,0.00,10/06/2025 08:43:56,7064864440,S-001,Banexcoin Bolivia
1337,"10/06/2025 09:40:05, UTC -04:00",Completed,Sell,PabloBlanco44456,10025,1.12,18.00,BOB,16.07,0.00,10/06/2025 09:40:23,7065074830,S-001,Banexcoin Bolivia
1338,"10/06/2025 09:49:34, UTC -04:00",Completed,Sell,MariaFlores93Max,10006,20.04,322.00,BOB,16.07,0.00,10/06/2025 09:49:53,7065114310,S-001,Banexcoin Bolivia
1339,"10/06/2025 09:53:05, UTC -04:00",Completed,Sell,MariaFlores93Max,10006,7.87,126.49,BOB,16.08,0.00,10/06/2025 09:53:32,7065128980,S-001,Banexcoin Bolivia
1340,"10/06/2025 09:55:49, UTC -04:00",Completed,Sell,MariaFlores93Max,10006,130.60,"2,100.00",BOB,16.08,0.00,10/06/2025 09:56:08,7065140400,S-001,Banexcoin Bolivia
1341,"10/06/2025 11:09:27, UTC -04:00",Completed,Sell,CristinaSuarez852025,10003,1.49,24.00,BOB,16.08,0.00,10/06/2025 11:09:51,7065465060,S-001,Banexcoin Bolivia
1343,"10/06/2025 12:01:37, UTC -04:00",Completed,Sell,AntonioSanchez14Max,10027,1.37,22.00,BOB,16.02,0.00,10/06/2025 12:01:50,7065723290,S-001,Banexcoin Bolivia
1346,"10/06/2025 13:56:42, UTC -04:00",Completed,Sell,AndresVega17Pro,10086,5.23,84.00,BOB,16.05,0.00,10/06/2025 13:56:55,7066305750,S-001,Banexcoin Bolivia
1347,"10/06/2025 14:01:18, UTC -04:00",Completed,Sell,AndresVega17Pro,10086,3.12,50.00,BOB,16.05,0.00,10/06/2025 14:01:31,7066326240,S-001,Banexcoin Bolivia
1348,"10/06/2025 14:55:31, UTC -04:00",Completed,Sell,AndresVega17Pro,10086,59.21,950.00,BOB,16.04,0.00,10/06/2025 14:55:45,7066584610,S-001,Banexcoin Bolivia
1349,"10/06/2025 18:13:13, UTC -04:00",Completed,Sell,AndresVega17Pro,10086,41.43,665.00,BOB,16.05,0.00,10/06/2025 18:13:24,7067514380,S-001,Banexcoin Bolivia
1350,"10/06/2025 18:41:49, UTC -04:00",Completed,Sell,MariaFlores93Max,10006,4.42,71.00,BOB,16.05,0.00,10/06/2025 18:42:05,7067661100,S-001,Banexcoin Bolivia
1351,"10/06/2025 19:05:48, UTC -04:00",Completed,Sell,AndresVega17Pro,10086,3.74,60.00,BOB,16.05,0.00,10/06/2025 19:06:02,7067780920,S-001,Banexcoin Bolivia
1352,"10/06/2025 19:42:43, UTC -04:00",Completed,Sell,AndresVega17Pro,10086,3.12,50.00,BOB,16.04,0.00,10/06/2025 19:42:54,7067952360,S-001,Banexcoin Bolivia
1353,"10/06/2025 20:14:20, UTC -04:00",Completed,Sell,AntonioSanchez14Max,10027,1.50,24.00,BOB,16.04,0.00,10/06/2025 20:14:31,7068090230,S-001,Banexcoin Bolivia
1360,"11/06/2025 12:02:27, UTC -04:00",Completed,Sell,AntonioSanchez14Max,10027,11.10,178.00,BOB,16.04,0.00,11/06/2025 12:02:50,7069771420,S-001,Banexcoin Bolivia
1362,"11/06/2025 13:03:04, UTC -04:00",Completed,Sell,AntonioSanchez14Max,10027,3.12,50.00,BOB,16.04,0.00,11/06/2025 13:03:18,7070071580,S-001,Banexcoin Bolivia
1364,"11/06/2025 13:33:11, UTC -04:00",Completed,Sell,MariaFlores93Max,10006,18.69,300.00,BOB,16.05,0.00,11/06/2025 13:33:24,7070207430,S-001,Banexcoin Bolivia
1370,"11/06/2025 18:38:45, UTC -04:00",Completed,Sell,MariaFlores93Max,10006,2.80,45.00,BOB,16.05,0.00,11/06/2025 18:39:06,7071552440,S-001,Banexcoin Bolivia
1372,"11/06/2025 19:05:29, UTC -04:00",Completed,Sell,DianaBlanco84123,20163,80.34,"1,290.00",BOB,16.06,0.00,11/06/2025 19:05:47,7071677420,S-001,Banexcoin Bolivia
1373,"11/06/2025 20:16:42, UTC -04:00",Completed,Sell,AndresVega17Pro,10086,6.84,110.00,BOB,16.07,0.00,11/06/2025 20:17:00,7071989980,S-001,Banexcoin Bolivia
1374,"11/06/2025 20:21:03, UTC -04:00",Completed,Sell,OscarRubio472025,20177,0.93,15.00,BOB,16.06,0.00,11/06/2025 20:21:50,7072009770,S-001,Banexcoin Bolivia
1381,"12/06/2025 09:42:00, UTC -04:00",Completed,Sell,AntonioSanchez14Max,10027,7.87,126.50,BOB,16.08,0.00,12/06/2025 09:42:16,7073054270,S-001,Banexcoin Bolivia
1383,"12/06/2025 10:10:03, UTC -04:00",Completed,Sell,CristinaSuarez852025,10003,0.06,1.00,BOB,16.09,0.00,12/06/2025 10:11:02,7073171920,S-001,Banexcoin Bolivia
1392,"12/06/2025 13:09:10, UTC -04:00",Completed,Sell,PabloBlanco44456,10025,0.93,15.00,BOB,16.10,0.00,12/06/2025 13:09:24,7073988150,S-001,Banexcoin Bolivia
1399,"12/06/2025 16:31:26, UTC -04:00",Completed,Sell,AlbertoLeon10007,10008,23.49,378.00,BOB,16.09,0.00,12/06/2025 16:32:05,7074838330,S-001,Banexcoin Bolivia
1400,"12/06/2025 16:42:01, UTC -04:00",Completed,Sell,AndresVega17Pro,10086,0.62,10.00,BOB,16.09,0.00,12/06/2025 16:42:15,7074882290,S-001,Banexcoin Bolivia
1403,"12/06/2025 17:53:27, UTC -04:00",Completed,Sell,AndresVega17Pro,10086,6.21,100.00,BOB,16.09,0.00,12/06/2025 17:53:48,7075210730,S-001,Banexcoin Bolivia
1416,"13/06/2025 09:02:36, UTC -04:00",Completed,Sell,CristinaSuarez852025,10003,0.81,13.00,BOB,16.09,0.00,13/06/2025 09:02:50,7076854440,S-001,Banexcoin Bolivia
1418,"13/06/2025 10:34:45, UTC -04:00",Completed,Sell,AntonioSanchez14Max,10027,3.11,50.00,BOB,16.08,0.00,13/06/2025 10:35:00,7077231940,S-001,Banexcoin Bolivia
1422,"13/06/2025 15:39:54, UTC -04:00",Completed,Sell,CristinaSuarez852025,10003,4.98,80.00,BOB,16.07,0.00,13/06/2025 15:40:16,7078664490,S-001,Banexcoin Bolivia
1424,"13/06/2025 16:24:28, UTC -04:00",Completed,Sell,AlbertoLeon10007,10008,1.99,32.00,BOB,16.06,0.00,13/06/2025 16:24:58,7078877200,S-001,Banexcoin Bolivia
1427,"13/06/2025 17:53:20, UTC -04:00",Completed,Sell,AndresVega17Pro,10086,75.25,"1,210.00",BOB,16.08,0.00,13/06/2025 17:54:04,7079309050,S-001,Banexcoin Bolivia
1429,"13/06/2025 18:25:26, UTC -04:00",Completed,Sell,CristinaSuarez852025,10003,209.80,"3,372.00",BOB,16.07,0.00,13/06/2025 18:26:08,7079475120,S-001,Banexcoin Bolivia
1430,"13/06/2025 19:40:33, UTC -04:00",Completed,Sell,SofiaDiaz30Es,10036,6.04,97.00,BOB,16.07,0.00,13/06/2025 19:40:57,7079852660,S-001,Banexcoin Bolivia
1431,"14/06/2025 10:53:03, UTC -04:00",Completed,Sell,PabloBlanco44456,10025,1.37,22.00,BOB,16.04,0.00,14/06/2025 10:53:16,7081525450,S-001,Banexcoin Bolivia
1432,"14/06/2025 12:50:16, UTC -04:00",Completed,Sell,AndresVega17Pro,10086,6.23,100.00,BOB,16.04,0.00,14/06/2025 12:50:30,7082185470,S-001,Banexcoin Bolivia
1433,"14/06/2025 14:02:57, UTC -04:00",Completed,Sell,CristinaSuarez852025,10003,13.50,216.50,BOB,16.03,0.00,14/06/2025 14:03:13,7082572940,S-001,Banexcoin Bolivia
1434,"14/06/2025 14:54:40, UTC -04:00",Completed,Sell,AlbertoLeon10007,10008,18.70,300.00,BOB,16.04,0.00,14/06/2025 14:54:53,227325810,S-001,Banexcoin Bolivia
1435,"14/06/2025 15:10:59, UTC -04:00",Completed,Sell,CristinaSuarez852025,10003,12.84,206.00,BOB,16.04,0.00,14/06/2025 15:11:18,7082894380,S-001,Banexcoin Bolivia
1436,"14/06/2025 15:14:39, UTC -04:00",Completed,Sell,PabloBlanco44456,10025,0.75,12.00,BOB,16.04,0.00,14/06/2025 15:14:52,7082911190,S-001,Banexcoin Bolivia
1437,"14/06/2025 16:18:11, UTC -04:00",Completed,Sell,AndresVega17Pro,10086,4.05,65.00,BOB,16.04,0.00,14/06/2025 16:18:25,7083196660,S-001,Banexcoin Bolivia
1441,"15/06/2025 14:02:44, UTC -04:00",Completed,Sell,CristinaSuarez852025,10003,10.39,166.50,BOB,16.02,0.00,15/06/2025 14:03:03,7086254280,S-001,Banexcoin Bolivia
1442,"16/06/2025 09:31:56, UTC -04:00",Completed,Sell,CristinaSuarez852025,10003,49.81,800.00,BOB,16.06,0.00,16/06/2025 09:32:40,7088380610,S-001,Banexcoin Bolivia
1443,"16/06/2025 10:49:38, UTC -04:00",Completed,Sell,AntonioSanchez14Max,10027,0.93,15.00,BOB,16.05,0.00,16/06/2025 10:49:55,7088710650,S-001,Banexcoin Bolivia
1444,"16/06/2025 11:19:27, UTC -04:00",Completed,Sell,CristinaSuarez852025,10003,6.23,100.00,BOB,16.04,0.00,16/06/2025 11:19:53,7088847350,S-001,Banexcoin Bolivia
1445,"16/06/2025 12:58:55, UTC -04:00",Completed,Sell,CristinaSuarez852025,10003,4.49,72.00,BOB,16.03,0.00,16/06/2025 12:59:13,227860130,S-001,Banexcoin Bolivia
1446,"16/06/2025 13:11:54, UTC -04:00",Completed,Sell,AntonioSanchez14Max,10027,8.95,143.50,BOB,16.03,0.00,16/06/2025 13:12:14,7089384220,S-001,Banexcoin Bolivia
1447,"16/06/2025 17:20:12, UTC -04:00",Completed,Sell,CristinaSuarez852025,10003,1.34,21.50,BOB,16.03,0.00,16/06/2025 17:20:29,7090517580,S-001,Banexcoin Bolivia
1448,"16/06/2025 17:22:36, UTC -04:00",Completed,Sell,CristinaSuarez852025,10003,0.81,13.00,BOB,16.04,0.00,16/06/2025 17:22:51,7090529470,S-001,Banexcoin Bolivia
1450,"16/06/2025 19:17:38, UTC -04:00",Completed,Sell,AlbertoLeon10007,10008,15.58,250.00,BOB,16.05,0.00,16/06/2025 19:17:56,228008370,S-001,Banexcoin Bolivia
1451,"16/06/2025 19:35:56, UTC -04:00",Completed,Sell,AntonioSanchez14Max,10027,0.93,15.00,BOB,16.05,0.00,16/06/2025 19:36:07,7091188740,S-001,Banexcoin Bolivia
1452,"16/06/2025 21:11:20, UTC -04:00",Completed,Sell,MonicaTorres77Mx,10047,4.05,65.00,BOB,16.04,0.00,16/06/2025 21:11:31,1503525210,S-001,Banexcoin Bolivia
1454,"17/06/2025 11:47:18, UTC -04:00",Completed,Sell,AntonioSanchez14Max,10027,8.73,140.00,BOB,16.04,0.00,17/06/2025 11:47:31,228171040,S-001,Banexcoin Bolivia
1455,"17/06/2025 13:02:10, UTC -04:00",Completed,Sell,CristinaSuarez852025,10003,5.11,82.00,BOB,16.06,0.00,17/06/2025 13:02:26,228201230,S-001,Banexcoin Bolivia
1457,"17/06/2025 16:55:15, UTC -04:00",Completed,Sell,CristinaSuarez852025,10003,23.41,375.00,BOB,16.02,0.00,17/06/2025 16:55:43,7094398140,S-001,Banexcoin Bolivia
1458,"17/06/2025 18:53:22, UTC -04:00",Completed,Sell,AlbertoLeon10007,10008,17.45,280.00,BOB,16.04,0.00,17/06/2025 18:53:46,7094958660,S-001,Banexcoin Bolivia
1459,"17/06/2025 20:15:28, UTC -04:00",Completed,Sell,MariaFlores93Max,10006,14.96,240.00,BOB,16.05,0.00,17/06/2025 20:15:46,7095323320,S-001,Banexcoin Bolivia
1471,"18/06/2025 10:05:50, UTC -04:00",Completed,Sell,CristinaSuarez852025,10003,0.62,10.00,BOB,16.03,0.00,18/06/2025 10:06:37,7096565500,S-001,Banexcoin Bolivia
1489,"18/06/2025 13:46:59, UTC -04:00",Completed,Sell,PabloBlanco44456,10025,1.49,24.00,BOB,16.08,0.00,18/06/2025 13:47:11,7097596920,S-001,Banexcoin Bolivia
1490,"18/06/2025 21:59:46, UTC -04:00",Completed,Sell,MariaFlores93Max,10006,27.31,440.00,BOB,16.11,0.00,18/06/2025 22:00:01,7099717590,S-001,Banexcoin Bolivia
1491,"19/06/2025 10:27:32, UTC -04:00",Completed,Sell,AndresVega17Pro,10086,235.94,"3,800.00",BOB,16.11,0.00,19/06/2025 10:27:51,7100424350,S-001,Banexcoin Bolivia
1492,"19/06/2025 10:47:32, UTC -04:00",Completed,Sell,PabloBlanco44456,10025,1.37,22.00,BOB,16.10,0.00,19/06/2025 10:47:51,7100491970,S-001,Banexcoin Bolivia
1496,"19/06/2025 14:40:19, UTC -04:00",Completed,Sell,AntonioSanchez14Max,10027,2.49,40.00,BOB,16.07,0.00,19/06/2025 14:40:38,7101353850,S-001,Banexcoin Bolivia
1498,"19/06/2025 15:11:12, UTC -04:00",Completed,Sell,AdrianaLopez212024,10004,0.62,10.00,BOB,16.07,0.00,19/06/2025 15:11:25,228871200,S-001,Banexcoin Bolivia
1503,"19/06/2025 16:16:21, UTC -04:00",Completed,Sell,AdrianaLopez212024,10004,6.23,100.00,BOB,16.06,0.00,19/06/2025 16:16:38,228886940,S-001,Banexcoin Bolivia
1505,"19/06/2025 18:31:02, UTC -04:00",Completed,Sell,MariaFlores93Max,10006,18.75,300.00,BOB,16.00,0.00,19/06/2025 18:31:16,7102102450,S-001,Banexcoin Bolivia
1506,"19/06/2025 19:33:19, UTC -04:00",Completed,Sell,AndresVega17Pro,10086,5.00,80.00,BOB,16.01,0.00,19/06/2025 19:33:31,7102307250,S-001,Banexcoin Bolivia
1507,"19/06/2025 19:37:36, UTC -04:00",Completed,Sell,VictorFernandez452024,10001,0.06,1.00,BOB,16.01,0.00,19/06/2025 19:37:59,228935480,S-001,Banexcoin Bolivia
1508,"19/06/2025 20:22:07, UTC -04:00",Completed,Sell,CristinaSuarez852025,10003,9.24,148.00,BOB,16.02,0.00,19/06/2025 20:22:43,7102460030,S-001,Banexcoin Bolivia
1518,"20/06/2025 09:36:50, UTC -04:00",Completed,Sell,AndresVega17Pro,10086,25.53,400.00,BOB,15.67,0.00,20/06/2025 09:37:03,7103346490,S-001,Banexcoin Bolivia
1522,"20/06/2025 10:18:34, UTC -04:00",Completed,Sell,CristinaSuarez852025,10003,0.77,12.00,BOB,15.53,0.00,20/06/2025 10:18:59,7103513000,S-001,Banexcoin Bolivia
1523,"20/06/2025 10:33:08, UTC -04:00",Completed,Sell,AntonioSanchez14Max,10027,32.20,500.00,BOB,15.53,0.00,20/06/2025 10:33:25,7103572560,S-001,Banexcoin Bolivia
1524,"20/06/2025 10:51:44, UTC -04:00",Completed,Sell,AntonioSanchez14Max,10027,5.62,87.50,BOB,15.58,0.00,20/06/2025 10:51:56,7103654090,S-001,Banexcoin Bolivia
1526,"20/06/2025 12:19:41, UTC -04:00",Completed,Sell,CristinaSuarez852025,10003,5.70,90.00,BOB,15.80,0.00,20/06/2025 12:19:56,229087550,S-001,Banexcoin Bolivia
1527,"20/06/2025 12:24:08, UTC -04:00",Completed,Sell,RosaMolina92456,10030,8.23,130.00,BOB,15.80,0.00,20/06/2025 12:24:28,7104092450,S-001,Banexcoin Bolivia
1531,"20/06/2025 12:40:06, UTC -04:00",Completed,Sell,RosaMolina92456,10030,7.58,120.00,BOB,15.83,0.00,20/06/2025 12:40:23,7104176400,S-001,Banexcoin Bolivia
1532,"20/06/2025 13:02:06, UTC -04:00",Completed,Sell,AntonioSanchez14Max,10027,3.78,60.00,BOB,15.85,0.00,20/06/2025 13:02:18,7104288090,S-001,Banexcoin Bolivia
1536,"20/06/2025 13:38:31, UTC -04:00",Completed,Sell,VictorFernandez452024,10001,0.63,10.00,BOB,15.91,0.00,20/06/2025 13:38:44,229117570,S-001,Banexcoin Bolivia
1539,"20/06/2025 13:41:43, UTC -04:00",Completed,Sell,AntonioSanchez14Max,10027,2.83,45.00,BOB,15.92,0.00,20/06/2025 13:41:58,7104475550,S-001,Banexcoin Bolivia
1541,"20/06/2025 15:32:14, UTC -04:00",Completed,Sell,VictorFernandez452024,10001,0.75,12.00,BOB,15.98,0.00,20/06/2025 15:32:33,229159640,S-001,Banexcoin Bolivia
1545,"20/06/2025 18:49:50, UTC -04:00",Completed,Sell,CristinaSuarez852025,10003,14.10,225.00,BOB,15.96,0.00,20/06/2025 18:50:10,7105962080,S-001,Banexcoin Bolivia
1546,"20/06/2025 20:13:26, UTC -04:00",Completed,Sell,PabloBlanco44456,10025,0.94,15.00,BOB,15.91,0.00,20/06/2025 20:13:37,7106363600,S-001,Banexcoin Bolivia
1547,"20/06/2025 20:15:49, UTC -04:00",Completed,Sell,RosaAguilar50Cl,10029,1.70,27.00,BOB,15.91,0.00,20/06/2025 20:16:52,7106377310,S-001,Banexcoin Bolivia
1548,"20/06/2025 20:52:25, UTC -04:00",Completed,Sell,AntonioSanchez14Max,10027,3.16,50.00,BOB,15.85,0.00,20/06/2025 20:52:37,7106528780,S-001,Banexcoin Bolivia
1552,"21/06/2025 11:42:26, UTC -04:00",Completed,Sell,MariaFlores93Max,10006,2.85,45.00,BOB,15.77,0.00,21/06/2025 11:42:39,7107977890,S-001,Banexcoin Bolivia
1554,"21/06/2025 11:47:27, UTC -04:00",Completed,Sell,MariaFlores93Max,10006,1.71,27.00,BOB,15.78,0.00,21/06/2025 11:47:49,7108003690,S-001,Banexcoin Bolivia
1555,"21/06/2025 12:00:23, UTC -04:00",Completed,Sell,MariaFlores93Max,10006,1.27,20.00,BOB,15.79,0.00,21/06/2025 12:00:44,7108065980,S-001,Banexcoin Bolivia
1556,"21/06/2025 13:10:33, UTC -04:00",Completed,Sell,AntonioSanchez14Max,10027,19.52,308.00,BOB,15.78,0.00,21/06/2025 13:10:47,7108412090,S-001,Banexcoin Bolivia
1557,"21/06/2025 13:18:04, UTC -04:00",Completed,Sell,MariaFlores93Max,10006,6.81,107.40,BOB,15.77,0.00,21/06/2025 13:18:17,7108447980,S-001,Banexcoin Bolivia
1559,"21/06/2025 18:31:14, UTC -04:00",Completed,Sell,AntonioSanchez14Max,10027,7.63,120.00,BOB,15.74,0.00,21/06/2025 18:31:26,7109750320,S-001,Banexcoin Bolivia
1560,"21/06/2025 22:34:11, UTC -04:00",Completed,Sell,MariaFlores93Max,10006,1.46,23.00,BOB,15.71,0.00,21/06/2025 22:35:26,7110615020,S-001,Banexcoin Bolivia
1581,"22/06/2025 03:17:36, UTC -04:00",Completed,Sell,MariaFlores93Max,10006,1.41,22.00,BOB,15.65,0.00,22/06/2025 03:17:47,7110911870,S-001,Banexcoin Bolivia
1582,"22/06/2025 10:39:04, UTC -04:00",Completed,Sell,AndresVega17Pro,10086,1.14,18.00,BOB,15.79,0.00,22/06/2025 10:39:19,7111406690,S-001,Banexcoin Bolivia
1583,"22/06/2025 12:16:11, UTC -04:00",Completed,Sell,MariaFlores93Max,10006,2.53,40.00,BOB,15.80,0.00,22/06/2025 12:16:25,7111745470,S-001,Banexcoin Bolivia
1584,"22/06/2025 12:17:55, UTC -04:00",Completed,Sell,MariaFlores93Max,10006,1.65,26.00,BOB,15.80,0.00,22/06/2025 12:18:09,7111752130,S-001,Banexcoin Bolivia
1585,"22/06/2025 12:28:52, UTC -04:00",Completed,Sell,MariaFlores93Max,10006,1.65,26.00,BOB,15.79,0.00,22/06/2025 12:29:06,7111794050,S-001,Banexcoin Bolivia
1586,"22/06/2025 12:52:27, UTC -04:00",Completed,Sell,CristinaSuarez852025,10003,7.60,120.00,BOB,15.79,0.00,22/06/2025 12:52:51,7111883070,S-001,Banexcoin Bolivia
1587,"22/06/2025 12:53:48, UTC -04:00",Completed,Sell,JoseRivera68Cl,20119,2.22,35.00,BOB,15.79,0.00,22/06/2025 12:54:19,7111888780,S-001,Banexcoin Bolivia
1588,"22/06/2025 12:54:46, UTC -04:00",Completed,Sell,CristinaSuarez852025,10003,3.17,50.00,BOB,15.79,0.00,22/06/2025 12:55:03,7111891400,S-001,Banexcoin Bolivia
1598,"22/06/2025 15:09:54, UTC -04:00",Completed,Sell,PabloBlanco44456,10025,11.66,184.00,BOB,15.78,0.00,22/06/2025 15:10:15,7112336520,S-001,Banexcoin Bolivia
1599,"22/06/2025 16:26:21, UTC -04:00",Completed,Sell,AndresVega17Pro,10086,4.74,75.00,BOB,15.81,0.00,22/06/2025 16:26:32,7112546450,S-001,Banexcoin Bolivia
1601,"22/06/2025 18:02:35, UTC -04:00",Completed,Sell,AlbertoLeon10007,10008,0.95,15.00,BOB,15.85,0.00,22/06/2025 18:02:49,7112814250,S-001,Banexcoin Bolivia
1602,"22/06/2025 23:42:01, UTC -04:00",Completed,Sell,SilviaPerez41Ar,20046,22.48,356.18,BOB,15.85,0.00,22/06/2025 23:42:38,7113632950,S-001,Banexcoin Bolivia
1612,"23/06/2025 11:35:37, UTC -04:00",Completed,Sell,CristinaSuarez852025,10003,127.12,"2,011.44",BOB,15.82,0.00,23/06/2025 11:36:06,7114575410,S-001,Banexcoin Bolivia
1613,"23/06/2025 11:54:57, UTC -04:00",Completed,Sell,AndresVega17Pro,10086,15.81,250.00,BOB,15.82,0.00,23/06/2025 11:55:09,7114656420,S-001,Banexcoin Bolivia
1698,"23/06/2025 13:35:28, UTC -04:00",Completed,Sell,AndresVega17Pro,10086,3.28,52.00,BOB,15.83,0.00,23/06/2025 13:35:39,229948060,S-001,Banexcoin Bolivia
1699,"23/06/2025 13:40:45, UTC -04:00",Completed,Sell,CristinaSuarez852025,10003,8.28,131.00,BOB,15.82,0.00,23/06/2025 13:41:07,7115138690,S-001,Banexcoin Bolivia
1700,"23/06/2025 13:46:43, UTC -04:00",Completed,Sell,SilviaLeon84456,10033,0.19,3.00,BOB,15.82,0.00,23/06/2025 13:47:10,7115163930,S-001,Banexcoin Bolivia
1701,"23/06/2025 14:56:47, UTC -04:00",Completed,Sell,SilviaPerez41Ar,20046,252.74,"4,000.00",BOB,15.83,0.00,23/06/2025 14:57:25,7115459880,S-001,Banexcoin Bolivia
1702,"23/06/2025 16:00:16, UTC -04:00",Completed,Sell,AndresVega17Pro,10086,22.12,350.00,BOB,15.82,0.00,23/06/2025 16:00:30,7115731060,S-001,Banexcoin Bolivia
1706,"23/06/2025 17:07:16, UTC -04:00",Completed,Sell,CristinaSuarez852025,10003,100.00,"1,582.40",BOB,15.82,0.00,23/06/2025 17:07:29,7116037530,S-001,Banexcoin Bolivia
1721,"24/06/2025 12:28:13, UTC -04:00",Completed,Sell,GloriaDelgado61Max,10078,1.26,20.00,BOB,15.82,0.00,24/06/2025 12:28:27,7118520840,S-001,Banexcoin Bolivia
1723,"24/06/2025 14:58:49, UTC -04:00",Completed,Sell,CristinaSuarez852025,10003,3.74,59.00,BOB,15.79,0.00,24/06/2025 14:59:07,7119171430,S-001,Banexcoin Bolivia
1726,"24/06/2025 19:10:39, UTC -04:00",Completed,Sell,AntonioSanchez14Max,10027,6.44,102.00,BOB,15.84,0.00,24/06/2025 19:10:57,7120268420,S-001,Banexcoin Bolivia
1727,"24/06/2025 21:07:01, UTC -04:00",Completed,Sell,AndresVega17Pro,10086,5.06,80.00,BOB,15.82,0.00,24/06/2025 21:07:14,7120705950,S-001,Banexcoin Bolivia
1729,"25/06/2025 10:41:21, UTC -04:00",Completed,Sell,CristinaSuarez852025,10003,152.48,"2,412.00",BOB,15.82,0.00,25/06/2025 10:41:45,7121752310,S-001,Banexcoin Bolivia
1730,"25/06/2025 10:50:00, UTC -04:00",Completed,Sell,AntonioSanchez14Max,10027,6.32,100.00,BOB,15.82,0.00,25/06/2025 10:51:01,7121789910,S-001,Banexcoin Bolivia
1732,"25/06/2025 11:13:04, UTC -04:00",Completed,Sell,CristinaSuarez852025,10003,1.26,20.00,BOB,15.82,0.00,25/06/2025 11:13:24,7121883310,S-001,Banexcoin Bolivia
1733,"25/06/2025 12:02:48, UTC -04:00",Completed,Sell,CristinaSuarez852025,10003,8.84,140.00,BOB,15.83,0.00,25/06/2025 12:03:06,7122098340,S-001,Banexcoin Bolivia
1735,"25/06/2025 13:09:15, UTC -04:00",Completed,Sell,AntonioSanchez14Max,10027,6.32,100.00,BOB,15.84,0.00,25/06/2025 13:09:31,7122416870,S-001,Banexcoin Bolivia
1736,"25/06/2025 13:18:47, UTC -04:00",Completed,Sell,AntonioSanchez14Max,10027,2.84,45.00,BOB,15.83,0.00,25/06/2025 13:19:10,7122460410,S-001,Banexcoin Bolivia
1737,"25/06/2025 13:43:46, UTC -04:00",Completed,Sell,DianaBlanco84123,20163,22.74,360.00,BOB,15.83,0.00,25/06/2025 13:44:11,7122567500,S-001,Banexcoin Bolivia
1738,"25/06/2025 15:27:51, UTC -04:00",Completed,Sell,CristinaSuarez852025,10003,13.40,212.04,BOB,15.83,0.00,25/06/2025 15:28:10,7122997480,S-001,Banexcoin Bolivia
1739,"25/06/2025 15:28:35, UTC -04:00",Completed,Sell,CristinaSuarez852025,10003,58.05,918.84,BOB,15.83,0.00,25/06/2025 15:28:54,7123001040,S-001,Banexcoin Bolivia
1743,"25/06/2025 17:53:36, UTC -04:00",Completed,Sell,CristinaSuarez852025,10003,55.59,880.00,BOB,15.83,0.00,25/06/2025 17:53:52,7123637210,S-001,Banexcoin Bolivia
1744,"25/06/2025 19:43:57, UTC -04:00",Completed,Sell,AndresVega17Pro,10086,4.68,74.00,BOB,15.82,0.00,25/06/2025 19:44:11,7124153230,S-001,Banexcoin Bolivia
1745,"26/06/2025 08:21:47, UTC -04:00",Completed,Sell,AntonioSanchez14Max,10027,1.33,21.00,BOB,15.82,0.00,26/06/2025 08:22:01,7125052060,S-001,Banexcoin Bolivia
1747,"26/06/2025 08:25:54, UTC -04:00",Completed,Sell,AntonioSanchez14Max,10027,54.68,865.00,BOB,15.82,0.00,26/06/2025 08:26:11,7125061770,S-001,Banexcoin Bolivia
1750,"26/06/2025 10:53:02, UTC -04:00",Completed,Sell,AlbertoLeon10007,10008,0.51,8.00,BOB,15.83,0.00,26/06/2025 10:53:22,7125567000,S-001,Banexcoin Bolivia
1751,"26/06/2025 11:11:35, UTC -04:00",Completed,Sell,AndresVega17Pro,10086,2.53,40.00,BOB,15.83,0.00,26/06/2025 11:11:47,7125643650,S-001,Banexcoin Bolivia
1753,"26/06/2025 13:27:54, UTC -04:00",Completed,Sell,AndresVega17Pro,10086,0.63,10.00,BOB,15.82,0.00,26/06/2025 13:29:13,7126308200,S-001,Banexcoin Bolivia
1755,"26/06/2025 14:54:07, UTC -04:00",Completed,Sell,AlbertoLeon10007,10008,2.53,40.00,BOB,15.81,0.00,26/06/2025 14:54:22,7126676500,S-001,Banexcoin Bolivia
1756,"26/06/2025 15:38:04, UTC -04:00",Completed,Sell,RosaAguilar50Cl,10029,1.09,17.30,BOB,15.81,0.00,26/06/2025 15:38:18,230933760,S-001,Banexcoin Bolivia
1757,"26/06/2025 15:58:45, UTC -04:00",Completed,Sell,CristinaSuarez852025,10003,15.19,240.00,BOB,15.80,0.00,26/06/2025 15:59:01,7126954630,S-001,Banexcoin Bolivia
1761,"26/06/2025 17:00:08, UTC -04:00",Completed,Sell,AlejandroSuarez38456,10007,18.99,300.00,BOB,15.80,0.00,26/06/2025 17:00:32,7127220840,S-001,Banexcoin Bolivia
1762,"26/06/2025 17:41:12, UTC -04:00",Completed,Sell,AlbertoLeon10007,10008,0.51,8.00,BOB,15.79,0.00,26/06/2025 17:41:24,7127405840,S-001,Banexcoin Bolivia
1763,"26/06/2025 18:26:32, UTC -04:00",Completed,Sell,AndresVega17Pro,10086,9.49,150.00,BOB,15.80,0.00,26/06/2025 18:26:44,7127616920,S-001,Banexcoin Bolivia
1764,"26/06/2025 19:38:06, UTC -04:00",Completed,Sell,AndresVega17Pro,10086,18.99,300.00,BOB,15.80,0.00,26/06/2025 19:38:19,7127947420,S-001,Banexcoin Bolivia
1766,"27/06/2025 09:42:00, UTC -04:00",Completed,Sell,PabloBlanco44456,10025,2.54,40.00,BOB,15.76,0.00,27/06/2025 09:42:17,7129143930,S-001,Banexcoin Bolivia
1767,"27/06/2025 13:19:56, UTC -04:00",Completed,Sell,AntonioSanchez14Max,10027,2.85,44.50,BOB,15.63,0.00,27/06/2025 13:20:11,7130108900,S-001,Banexcoin Bolivia
1768,"27/06/2025 14:40:52, UTC -04:00",Completed,Sell,CristinaSuarez852025,10003,2.56,40.00,BOB,15.63,0.00,27/06/2025 14:41:11,7130459430,S-001,Banexcoin Bolivia
1769,"27/06/2025 14:46:33, UTC -04:00",Completed,Sell,CristinaSuarez852025,10003,3.58,56.00,BOB,15.63,0.00,27/06/2025 14:46:51,7130483590,S-001,Banexcoin Bolivia
1770,"27/06/2025 17:03:56, UTC -04:00",Completed,Sell,AndresVega17Pro,10086,1.78,28.00,BOB,15.70,0.00,27/06/2025 17:04:25,7131094430,S-001,Banexcoin Bolivia
1771,"27/06/2025 17:57:21, UTC -04:00",Completed,Sell,AntonioSanchez14Max,10027,15.94,250.00,BOB,15.68,0.00,27/06/2025 17:57:35,7131346010,S-001,Banexcoin Bolivia
1772,"27/06/2025 18:07:15, UTC -04:00",Completed,Sell,AntonioSanchez14Max,10027,9.56,150.00,BOB,15.69,0.00,27/06/2025 18:07:30,7131394050,S-001,Banexcoin Bolivia
1773,"27/06/2025 19:14:08, UTC -04:00",Completed,Sell,AlbertoLeon10007,10008,2.59,40.70,BOB,15.69,0.00,27/06/2025 19:14:21,7131714890,S-001,Banexcoin Bolivia
1774,"27/06/2025 21:45:05, UTC -04:00",Completed,Sell,AlbertoLeon10007,10008,33.59,527.20,BOB,15.70,0.00,27/06/2025 21:45:24,7132316890,S-001,Banexcoin Bolivia
1778,"28/06/2025 08:30:42, UTC -04:00",Completed,Sell,AntonioSanchez14Max,10027,40.23,630.00,BOB,15.66,0.00,28/06/2025 08:30:57,7132926850,S-001,Banexcoin Bolivia
1781,"28/06/2025 09:31:17, UTC -04:00",Completed,Sell,AlejandroSuarez38456,10007,95.97,"1,500.00",BOB,15.63,0.00,28/06/2025 09:31:27,231455290,S-001,Banexcoin Bolivia
1783,"28/06/2025 12:29:14, UTC -04:00",Completed,Sell,MariaFlores93Max,10006,1.60,25.00,BOB,15.61,0.00,28/06/2025 12:29:27,231524130,S-001,Banexcoin Bolivia
1784,"28/06/2025 13:06:00, UTC -04:00",Completed,Sell,AndresVega17Pro,10086,10.29,160.00,BOB,15.55,0.00,28/06/2025 13:06:13,7134222070,S-001,Banexcoin Bolivia
1785,"28/06/2025 13:48:13, UTC -04:00",Completed,Sell,RosaAguilar50Cl,10029,1.48,23.00,BOB,15.56,0.00,28/06/2025 13:48:29,7134437600,S-001,Banexcoin Bolivia
1786,"28/06/2025 15:17:33, UTC -04:00",Completed,Sell,CristinaSuarez852025,10003,4.25,66.00,BOB,15.54,0.00,28/06/2025 15:17:49,7134855540,S-001,Banexcoin Bolivia
1787,"28/06/2025 19:50:08, UTC -04:00",Completed,Sell,AndresVega17Pro,10086,4.97,76.00,BOB,15.28,0.00,28/06/2025 19:50:21,7136067290,S-001,Banexcoin Bolivia
1788,"28/06/2025 20:42:31, UTC -04:00",Completed,Sell,AlbertoLeon10007,10008,5.21,80.00,BOB,15.35,0.00,28/06/2025 20:42:46,7136283020,S-001,Banexcoin Bolivia
1789,"28/06/2025 23:17:18, UTC -04:00",Completed,Sell,SilviaPerez41Ar,20046,0.98,15.00,BOB,15.35,0.00,28/06/2025 23:17:40,7136751220,S-001,Banexcoin Bolivia
1790,"29/06/2025 09:55:32, UTC -04:00",Completed,Sell,RosaAguilar50Cl,10029,2.61,40.00,BOB,15.34,0.00,29/06/2025 09:55:51,7137339760,S-001,Banexcoin Bolivia
1791,"29/06/2025 11:18:37, UTC -04:00",Completed,Sell,PabloBlanco44456,10025,1.56,24.00,BOB,15.36,0.00,29/06/2025 11:18:51,7137588120,S-001,Banexcoin Bolivia
1792,"29/06/2025 12:50:22, UTC -04:00",Completed,Sell,MonicaTorres55123,10021,8.06,124.00,BOB,15.39,0.00,29/06/2025 12:50:59,7137929090,S-001,Banexcoin Bolivia
1793,"29/06/2025 13:00:57, UTC -04:00",Completed,Sell,MariaFlores93Max,10006,3.18,49.00,BOB,15.39,0.00,29/06/2025 13:01:13,7137968140,S-001,Banexcoin Bolivia
1799,"29/06/2025 15:48:22, UTC -04:00",Completed,Sell,MariaFlores93Max,10006,68.42,"1,051.22",BOB,15.37,0.00,29/06/2025 15:49:05,231859670,S-001,Banexcoin Bolivia
1801,"29/06/2025 19:36:52, UTC -04:00",Completed,Sell,AlbertoLeon10007,10008,32.54,500.00,BOB,15.36,0.00,29/06/2025 19:37:15,231908010,S-001,Banexcoin Bolivia
1802,"30/06/2025 10:51:28, UTC -04:00",Completed,Sell,AntonioSanchez14Max,10027,32.68,500.00,BOB,15.30,0.00,30/06/2025 10:51:48,7140414750,S-001,Banexcoin Bolivia
1803,"30/06/2025 11:16:22, UTC -04:00",Completed,Sell,AntonioSanchez14Max,10027,6.48,99.00,BOB,15.29,0.00,30/06/2025 11:16:37,7140524230,S-001,Banexcoin Bolivia
1804,"30/06/2025 12:01:09, UTC -04:00",Completed,Sell,LauraMunoz62Pro,10077,18.98,287.00,BOB,15.12,0.00,30/06/2025 12:01:33,7140730190,S-001,Banexcoin Bolivia
1806,"30/06/2025 12:48:35, UTC -04:00",Completed,Sell,AntonioSanchez14Max,10027,1.34,20.00,BOB,14.93,0.00,30/06/2025 12:48:47,7140962400,S-001,Banexcoin Bolivia
1807,"30/06/2025 12:52:12, UTC -04:00",Completed,Sell,AntonioSanchez14Max,10027,2.36,35.30,BOB,14.95,0.00,30/06/2025 12:52:27,7140983670,S-001,Banexcoin Bolivia
1808,"30/06/2025 13:51:54, UTC -04:00",Completed,Sell,MonicaTorres55123,10021,0.89,13.00,BOB,14.67,0.00,30/06/2025 13:52:16,7141277890,S-001,Banexcoin Bolivia
1809,"30/06/2025 14:48:18, UTC -04:00",Completed,Sell,MonicaTorres55123,10021,1.09,16.00,BOB,14.69,0.00,30/06/2025 14:48:36,7141547900,S-001,Banexcoin Bolivia
1821,"30/06/2025 22:16:53, UTC -04:00",Completed,Sell,AdrianaLopez212024,10004,"1,017.76","15,000.00",BOB,14.74,0.00,30/06/2025 22:17:07,232313420,S-001,Banexcoin Bolivia
1823,"01/07/2025 07:18:58, UTC -04:00",Completed,Sell,SandraAlvarez592025,20075,99.95,"1,458.00",BOB,14.59,0.00,01/07/2025 07:19:15,7150608160,S-001,Banexcoin Bolivia
1842,"01/07/2025 17:30:19, UTC -04:00",Completed,Sell,AndresVega17Pro,10086,148.38,"2,100.00",BOB,14.15,0.00,01/07/2025 17:30:31,7153375750,S-001,Banexcoin Bolivia
1843,"01/07/2025 18:08:10, UTC -04:00",Completed,Sell,AndresVega17Pro,10086,28.21,400.00,BOB,14.18,0.00,01/07/2025 18:08:23,7153576140,S-001,Banexcoin Bolivia
1844,"01/07/2025 19:21:56, UTC -04:00",Completed,Sell,CarlosRuiz32Pe,20154,2.41,34.00,BOB,14.13,0.00,01/07/2025 19:22:18,7153960450,S-001,Banexcoin Bolivia
1869,"02/07/2025 09:50:05, UTC -04:00",Completed,Sell,EduardoAlvarez15Pe,10013,2.39,32.00,BOB,13.40,0.00,02/07/2025 09:51:03,232855620,S-001,Banexcoin Bolivia
1912,"02/07/2025 11:23:21, UTC -04:00",Completed,Sell,AdrianaLopez212024,10004,347.58,"5,000.00",BOB,14.39,0.00,02/07/2025 11:23:39,232902770,S-001,Banexcoin Bolivia
1918,"02/07/2025 14:12:40, UTC -04:00",Completed,Sell,LuciaNavarro90Cl,20042,19.00,275.00,BOB,14.48,0.00,02/07/2025 14:12:55,7156666660,S-001,Banexcoin Bolivia
1919,"02/07/2025 14:13:57, UTC -04:00",Completed,Sell,LuciaNavarro90Cl,20042,2.07,30.00,BOB,14.48,0.00,02/07/2025 14:14:09,7156672230,S-001,Banexcoin Bolivia
1921,"02/07/2025 14:37:40, UTC -04:00",Completed,Sell,LuciaNavarro90Cl,20042,2.07,30.00,BOB,14.52,0.00,02/07/2025 14:37:56,7156782890,S-001,Banexcoin Bolivia
1937,"02/07/2025 16:53:36, UTC -04:00",Completed,Sell,FernandoAlvarez68Cl,10080,0.02,0.35,BOB,15.20,0.00,02/07/2025 16:53:52,233066410,S-001,Banexcoin Bolivia
1938,"02/07/2025 17:57:41, UTC -04:00",Completed,Sell,LuciaNavarro90Cl,20042,5.80,87.00,BOB,14.99,0.00,02/07/2025 17:57:57,7157797620,S-001,Banexcoin Bolivia
1939,"02/07/2025 18:05:15, UTC -04:00",Completed,Sell,LuciaNavarro90Cl,20042,6.06,90.70,BOB,14.97,0.00,02/07/2025 18:05:27,7157837770,S-001,Banexcoin Bolivia
1941,"02/07/2025 20:34:54, UTC -04:00",Completed,Sell,SilviaPerez41Ar,20046,1.90,28.00,BOB,14.70,0.00,02/07/2025 20:35:20,7158950350,S-001,Banexcoin Bolivia
1960,"03/07/2025 08:26:07, UTC -04:00",Completed,Sell,LuciaNavarro90Cl,20042,1.33,20.00,BOB,15.03,0.00,03/07/2025 08:26:20,7159724110,S-001,Banexcoin Bolivia
1961,"03/07/2025 09:39:03, UTC -04:00",Completed,Sell,AlejandroSuarez38456,10007,99.92,"1,500.00",BOB,15.01,0.00,03/07/2025 09:39:27,233279000,S-001,Banexcoin Bolivia
1962,"03/07/2025 11:42:45, UTC -04:00",Completed,Sell,LuciaNavarro90Cl,20042,4.04,60.00,BOB,14.85,0.00,03/07/2025 11:42:57,7160525830,S-001,Banexcoin Bolivia
1963,"03/07/2025 11:50:37, UTC -04:00",Completed,Sell,AndresVega17Pro,10086,18.17,270.00,BOB,14.86,0.00,03/07/2025 11:50:57,7160565660,S-001,Banexcoin Bolivia
1965,"03/07/2025 12:25:18, UTC -04:00",Completed,Sell,AndresVega17Pro,10086,101.64,"1,514.00",BOB,14.90,0.00,03/07/2025 12:25:41,7160747830,S-001,Banexcoin Bolivia
1967,"03/07/2025 12:56:09, UTC -04:00",Completed,Sell,LuciaNavarro90Cl,20042,5.51,82.00,BOB,14.89,0.00,03/07/2025 12:56:22,7160913480,S-001,Banexcoin Bolivia
1969,"03/07/2025 17:35:04, UTC -04:00",Completed,Sell,AndresVega17Pro,10086,3.66,55.00,BOB,15.01,0.00,03/07/2025 17:35:27,233493480,S-001,Banexcoin Bolivia
1970,"03/07/2025 17:52:29, UTC -04:00",Completed,Sell,LuciaNavarro90Cl,20042,13.34,200.00,BOB,15.00,0.00,03/07/2025 17:52:53,7162321310,S-001,Banexcoin Bolivia
1972,"03/07/2025 18:08:51, UTC -04:00",Completed,Sell,AlbertoLeon10007,10008,66.56,"1,000.00",BOB,15.03,0.00,03/07/2025 18:09:08,233507780,S-001,Banexcoin Bolivia
1973,"03/07/2025 18:34:19, UTC -04:00",Completed,Sell,CristinaSuarez852025,10003,0.53,8.00,BOB,15.03,0.00,03/07/2025 18:34:35,7162541280,S-001,Banexcoin Bolivia
1974,"03/07/2025 18:44:53, UTC -04:00",Completed,Sell,MariaFlores93Max,10006,73.23,"1,100.00",BOB,15.02,0.00,03/07/2025 18:45:10,7162595300,S-001,Banexcoin Bolivia
1975,"03/07/2025 18:56:13, UTC -04:00",Completed,Sell,ElenaMoreno57Max,20149,2.53,37.99,BOB,15.00,0.00,03/07/2025 18:56:26,7162660520,S-001,Banexcoin Bolivia
1976,"03/07/2025 19:04:59, UTC -04:00",Completed,Sell,AdrianaLopez212024,10004,267.22,"4,000.00",BOB,14.97,0.00,03/07/2025 19:05:13,7162705330,S-001,Banexcoin Bolivia
1977,"03/07/2025 19:20:04, UTC -04:00",Completed,Sell,LuciaNavarro90Cl,20042,14.68,220.00,BOB,14.99,0.00,03/07/2025 19:20:27,7162785490,S-001,Banexcoin Bolivia
1978,"03/07/2025 19:30:03, UTC -04:00",Completed,Sell,CarlosRuiz32Pe,20154,2.27,34.00,BOB,14.98,0.00,03/07/2025 19:30:28,7162834230,S-001,Banexcoin Bolivia
1980,"03/07/2025 20:17:31, UTC -04:00",Completed,Sell,LuciaNavarro90Cl,20042,9.35,140.00,BOB,14.98,0.00,03/07/2025 20:17:48,7163056120,S-001,Banexcoin Bolivia
1982,"03/07/2025 20:27:08, UTC -04:00",Completed,Sell,AndresVega17Pro,10086,11.35,170.00,BOB,14.98,0.00,03/07/2025 20:27:30,7163096600,S-001,Banexcoin Bolivia
1986,"03/07/2025 22:13:45, UTC -04:00",Completed,Sell,ElenaMoreno57Max,20149,1.53,22.99,BOB,15.00,0.00,03/07/2025 22:13:57,7163457280,S-001,Banexcoin Bolivia
1988,"03/07/2025 22:16:29, UTC -04:00",Completed,Sell,ElenaMoreno57Max,20149,5.06,75.99,BOB,15.01,0.00,03/07/2025 22:16:41,7163464510,S-001,Banexcoin Bolivia
1989,"03/07/2025 22:17:38, UTC -04:00",Completed,Sell,ElenaMoreno57Max,20149,2.53,37.99,BOB,15.01,0.00,03/07/2025 22:17:53,7163467670,S-001,Banexcoin Bolivia
1990,"03/07/2025 22:20:29, UTC -04:00",Completed,Sell,ElenaMoreno57Max,20149,0.50,7.49,BOB,15.01,0.00,03/07/2025 22:20:40,7163474610,S-001,Banexcoin Bolivia
1991,"03/07/2025 22:44:00, UTC -04:00",Completed,Sell,ElenaMoreno57Max,20149,5.06,75.99,BOB,15.01,0.00,03/07/2025 22:44:11,7163529080,S-001,Banexcoin Bolivia
1992,"03/07/2025 22:49:00, UTC -04:00",Completed,Sell,ElenaMoreno57Max,20149,23.97,359.99,BOB,15.02,0.00,03/07/2025 22:49:51,7163540610,S-001,Banexcoin Bolivia
1994,"03/07/2025 23:25:02, UTC -04:00",Completed,Sell,ElenaMoreno57Max,20149,24.02,359.99,BOB,14.99,0.00,03/07/2025 23:25:16,7163600120,S-001,Banexcoin Bolivia
1995,"03/07/2025 23:29:56, UTC -04:00",Completed,Sell,ElenaMoreno57Max,20149,24.02,359.99,BOB,14.99,0.00,03/07/2025 23:30:39,7163607400,S-001,Banexcoin Bolivia
1996,"03/07/2025 23:43:45, UTC -04:00",Completed,Sell,ElenaMoreno57Max,20149,10.00,149.99,BOB,14.99,0.00,03/07/2025 23:43:59,7163623440,S-001,Banexcoin Bolivia
1997,"04/07/2025 08:40:53, UTC -04:00",Completed,Sell,LuciaNavarro90Cl,20042,20.01,300.00,BOB,14.99,0.00,04/07/2025 08:41:07,7163975470,S-001,Banexcoin Bolivia
2010,"04/07/2025 10:29:50, UTC -04:00",Completed,Sell,ElenaMoreno57Max,20149,24.05,359.99,BOB,14.97,0.00,04/07/2025 10:30:06,7164403460,S-001,Banexcoin Bolivia
2013,"04/07/2025 11:09:28, UTC -04:00",Completed,Sell,AndresVega17Pro,10086,26.69,400.00,BOB,14.99,0.00,04/07/2025 11:09:44,7164608460,S-001,Banexcoin Bolivia
2019,"04/07/2025 11:33:35, UTC -04:00",Completed,Sell,CristinaSuarez852025,10003,0.67,10.00,BOB,14.99,0.00,04/07/2025 11:34:15,233724330,S-001,Banexcoin Bolivia
2026,"04/07/2025 12:29:52, UTC -04:00",Completed,Sell,AndresVega17Pro,10086,5.87,88.00,BOB,14.99,0.00,04/07/2025 12:30:03,233751460,S-001,Banexcoin Bolivia
2027,"04/07/2025 12:55:35, UTC -04:00",Completed,Sell,ElenaMoreno57Max,20149,1.53,22.99,BOB,15.00,0.00,04/07/2025 12:55:48,7165180070,S-001,Banexcoin Bolivia
2029,"04/07/2025 12:57:49, UTC -04:00",Completed,Sell,ElenaMoreno57Max,20149,10.00,149.99,BOB,14.99,0.00,04/07/2025 12:58:01,7165191950,S-001,Banexcoin Bolivia
2030,"04/07/2025 12:58:42, UTC -04:00",Completed,Sell,ElenaMoreno57Max,20149,10.00,149.99,BOB,14.99,0.00,04/07/2025 12:58:53,7165196930,S-001,Banexcoin Bolivia
2031,"04/07/2025 12:59:55, UTC -04:00",Completed,Sell,ElenaMoreno57Max,20149,1.53,22.99,BOB,14.99,0.00,04/07/2025 13:00:09,7165203380,S-001,Banexcoin Bolivia
2032,"04/07/2025 13:03:00, UTC -04:00",Completed,Sell,ElenaMoreno57Max,20149,2.53,37.99,BOB,14.99,0.00,04/07/2025 13:03:13,7165220210,S-001,Banexcoin Bolivia
2033,"04/07/2025 14:26:03, UTC -04:00",Completed,Sell,ElenaMoreno57Max,20149,10.01,149.99,BOB,14.99,0.00,04/07/2025 14:26:14,7165645690,S-001,Banexcoin Bolivia
2040,"04/07/2025 14:59:52, UTC -04:00",Completed,Sell,ElenaMoreno57Max,20149,24.03,359.99,BOB,14.98,0.00,04/07/2025 15:00:04,7165819220,S-001,Banexcoin Bolivia
2041,"04/07/2025 15:01:07, UTC -04:00",Completed,Sell,ElenaMoreno57Max,20149,24.03,359.99,BOB,14.98,0.00,04/07/2025 15:01:22,7165825640,S-001,Banexcoin Bolivia
2042,"04/07/2025 16:01:43, UTC -04:00",Completed,Sell,ElenaMoreno57Max,20149,1.53,22.99,BOB,14.98,0.00,04/07/2025 16:02:27,7166136980,S-001,Banexcoin Bolivia
2044,"04/07/2025 16:19:59, UTC -04:00",Completed,Sell,ElenaMoreno57Max,20149,2.53,37.99,BOB,15.01,0.00,04/07/2025 16:20:13,7166229940,S-001,Banexcoin Bolivia
2048,"04/07/2025 17:37:22, UTC -04:00",Completed,Sell,ElenaMoreno57Max,20149,5.07,75.99,BOB,15.00,0.00,04/07/2025 17:37:35,7166628290,S-001,Banexcoin Bolivia
2049,"04/07/2025 17:38:32, UTC -04:00",Completed,Sell,ElenaMoreno57Max,20149,1.53,22.99,BOB,15.00,0.00,04/07/2025 17:38:45,7166634680,S-001,Banexcoin Bolivia
2050,"04/07/2025 19:35:51, UTC -04:00",Completed,Sell,ElenaMoreno57Max,20149,10.00,149.99,BOB,14.99,0.00,04/07/2025 19:36:04,7167278500,S-001,Banexcoin Bolivia
2051,"04/07/2025 19:37:21, UTC -04:00",Completed,Sell,ElenaMoreno57Max,20149,5.07,75.99,BOB,15.00,0.00,04/07/2025 19:37:34,7167286130,S-001,Banexcoin Bolivia
2052,"04/07/2025 19:51:24, UTC -04:00",Completed,Sell,ElenaMoreno57Max,20149,0.50,7.49,BOB,14.99,0.00,04/07/2025 19:51:35,7167356820,S-001,Banexcoin Bolivia
2053,"04/07/2025 20:17:08, UTC -04:00",Completed,Sell,FernandoRodriguez54123,10012,38.27,572.91,BOB,14.97,0.00,04/07/2025 20:17:36,7167480760,S-001,Banexcoin Bolivia
2054,"04/07/2025 21:09:48, UTC -04:00",Completed,Sell,ElenaMoreno57Max,20149,24.06,359.99,BOB,14.96,0.00,04/07/2025 21:09:59,7167713010,S-001,Banexcoin Bolivia
2055,"04/07/2025 21:12:23, UTC -04:00",Completed,Sell,ElenaMoreno57Max,20149,24.07,359.99,BOB,14.96,0.00,04/07/2025 21:12:35,7167723770,S-001,Banexcoin Bolivia
2056,"04/07/2025 21:18:40, UTC -04:00",Completed,Sell,ElenaMoreno57Max,20149,5.08,75.99,BOB,14.95,0.00,04/07/2025 21:18:53,7167748390,S-001,Banexcoin Bolivia
2057,"04/07/2025 22:00:52, UTC -04:00",Completed,Sell,AndresVega17Pro,10086,182.15,"2,724.00",BOB,14.95,0.00,04/07/2025 22:01:09,7167896240,S-001,Banexcoin Bolivia
2059,"04/07/2025 22:24:51, UTC -04:00",Completed,Sell,FernandoRodriguez54123,10012,16.08,240.00,BOB,14.93,0.00,04/07/2025 22:25:08,7167969390,S-001,Banexcoin Bolivia
2060,"04/07/2025 22:34:22, UTC -04:00",Completed,Sell,ElenaMoreno57Max,20149,24.11,359.99,BOB,14.93,0.00,04/07/2025 22:34:34,7167995660,S-001,Banexcoin Bolivia
2061,"04/07/2025 23:14:04, UTC -04:00",Completed,Sell,ElenaMoreno57Max,20149,2.55,37.99,BOB,14.91,0.00,04/07/2025 23:14:18,7168082600,S-001,Banexcoin Bolivia
2063,"04/07/2025 23:23:34, UTC -04:00",Completed,Sell,AndresVega17Pro,10086,64.37,960.00,BOB,14.91,0.00,04/07/2025 23:23:44,7168101080,S-001,Banexcoin Bolivia
2064,"05/07/2025 09:07:41, UTC -04:00",Completed,Sell,MariaFlores93Max,10006,167.68,"2,500.00",BOB,14.91,0.00,05/07/2025 09:08:11,7168674260,S-001,Banexcoin Bolivia
2065,"05/07/2025 09:22:54, UTC -04:00",Completed,Sell,ElenaMoreno57Max,20149,5.10,75.99,BOB,14.91,0.00,05/07/2025 09:23:15,7168730510,S-001,Banexcoin Bolivia
2066,"05/07/2025 09:25:38, UTC -04:00",Completed,Sell,ElenaMoreno57Max,20149,5.10,75.99,BOB,14.91,0.00,05/07/2025 09:25:51,7168740360,S-001,Banexcoin Bolivia
2067,"05/07/2025 09:39:31, UTC -04:00",Completed,Sell,LuciaNavarro90Cl,20042,26.83,400.00,BOB,14.91,0.00,05/07/2025 09:39:44,7168796830,S-001,Banexcoin Bolivia
2068,"05/07/2025 10:01:17, UTC -04:00",Completed,Sell,ElenaMoreno57Max,20149,2.55,37.99,BOB,14.92,0.00,05/07/2025 10:01:31,7168892210,S-001,Banexcoin Bolivia
2069,"05/07/2025 10:35:25, UTC -04:00",Completed,Sell,LuciaNavarro90Cl,20042,4.69,70.00,BOB,14.91,0.00,05/07/2025 10:35:41,7169061960,S-001,Banexcoin Bolivia
2070,"05/07/2025 10:39:02, UTC -04:00",Completed,Sell,ElenaMoreno57Max,20149,24.14,359.99,BOB,14.92,0.00,05/07/2025 10:39:41,7169081600,S-001,Banexcoin Bolivia
2071,"05/07/2025 10:41:03, UTC -04:00",Completed,Sell,ElenaMoreno57Max,20149,24.14,359.99,BOB,14.91,0.00,05/07/2025 10:41:13,7169090530,S-001,Banexcoin Bolivia
2072,"05/07/2025 10:41:46, UTC -04:00",Completed,Sell,ElenaMoreno57Max,20149,24.14,359.99,BOB,14.91,0.00,05/07/2025 10:41:57,7169094680,S-001,Banexcoin Bolivia
2073,"05/07/2025 10:44:02, UTC -04:00",Completed,Sell,ElenaMoreno57Max,20149,24.14,359.99,BOB,14.92,0.00,05/07/2025 10:44:17,7169106540,S-001,Banexcoin Bolivia
2074,"05/07/2025 11:09:30, UTC -04:00",Completed,Sell,OscarVargas212025,10011,119.25,"1,780.00",BOB,14.93,0.00,05/07/2025 11:09:58,7169243260,S-001,Banexcoin Bolivia
2075,"05/07/2025 11:10:38, UTC -04:00",Completed,Sell,ElenaMoreno57Max,20149,24.12,359.99,BOB,14.93,0.00,05/07/2025 11:10:46,1562565290,S-001,Banexcoin Bolivia
2076,"05/07/2025 11:23:39, UTC -04:00",Completed,Sell,ElenaMoreno57Max,20149,5.09,75.99,BOB,14.93,0.00,05/07/2025 11:23:51,7169324490,S-001,Banexcoin Bolivia
2077,"05/07/2025 11:26:03, UTC -04:00",Completed,Sell,ElenaMoreno57Max,20149,2.55,37.99,BOB,14.92,0.00,05/07/2025 11:26:15,7169338060,S-001,Banexcoin Bolivia
2078,"05/07/2025 11:49:23, UTC -04:00",Completed,Sell,ElenaMoreno57Max,20149,0.50,7.49,BOB,14.91,0.00,05/07/2025 11:49:36,7169478130,S-001,Banexcoin Bolivia
2079,"05/07/2025 12:37:48, UTC -04:00",Completed,Sell,ElenaMoreno57Max,20149,0.50,7.49,BOB,14.86,0.00,05/07/2025 12:38:14,7169787610,S-001,Banexcoin Bolivia
2080,"05/07/2025 12:45:02, UTC -04:00",Completed,Sell,ElenaMoreno57Max,20149,2.56,37.99,BOB,14.86,0.00,05/07/2025 12:45:16,7169830160,S-001,Banexcoin Bolivia
2081,"05/07/2025 12:50:02, UTC -04:00",Completed,Sell,ElenaMoreno57Max,20149,1.55,22.99,BOB,14.88,0.00,05/07/2025 12:50:12,7169860940,S-001,Banexcoin Bolivia
2084,"05/07/2025 13:35:56, UTC -04:00",Completed,Sell,ElenaMoreno57Max,20149,2.59,37.99,BOB,14.69,0.00,05/07/2025 13:36:35,7170136820,S-001,Banexcoin Bolivia
2085,"05/07/2025 13:56:13, UTC -04:00",Completed,Sell,LuciaNavarro90Cl,20042,52.67,777.00,BOB,14.75,0.00,05/07/2025 13:56:23,7170239680,S-001,Banexcoin Bolivia
2087,"05/07/2025 15:47:09, UTC -04:00",Completed,Sell,LuciaNavarro90Cl,20042,2.71,40.00,BOB,14.78,0.00,05/07/2025 15:47:57,7170795900,S-001,Banexcoin Bolivia
2088,"05/07/2025 16:54:48, UTC -04:00",Completed,Sell,LuciaNavarro90Cl,20042,2.16,32.00,BOB,14.79,0.00,05/07/2025 16:55:02,7171120430,S-001,Banexcoin Bolivia
2092,"05/07/2025 21:39:40, UTC -04:00",Completed,Sell,LuciaNavarro90Cl,20042,10.06,149.00,BOB,14.81,0.00,05/07/2025 21:39:52,7172408170,S-001,Banexcoin Bolivia
2093,"05/07/2025 22:01:42, UTC -04:00",Completed,Sell,ElenaMoreno57Max,20149,24.30,359.99,BOB,14.81,0.00,05/07/2025 22:01:57,7172481860,S-001,Banexcoin Bolivia
2094,"05/07/2025 22:03:29, UTC -04:00",Completed,Sell,ElenaMoreno57Max,20149,5.13,75.99,BOB,14.81,0.00,05/07/2025 22:03:41,7172487340,S-001,Banexcoin Bolivia
2095,"05/07/2025 22:17:17, UTC -04:00",Completed,Sell,ElenaMoreno57Max,20149,2.56,37.99,BOB,14.82,0.00,05/07/2025 22:17:38,7172530640,S-001,Banexcoin Bolivia
2096,"05/07/2025 22:18:20, UTC -04:00",Completed,Sell,ElenaMoreno57Max,20149,5.13,75.99,BOB,14.82,0.00,05/07/2025 22:18:34,7172533380,S-001,Banexcoin Bolivia
2097,"05/07/2025 22:19:20, UTC -04:00",Completed,Sell,ElenaMoreno57Max,20149,5.13,75.99,BOB,14.82,0.00,05/07/2025 22:19:36,7172536460,S-001,Banexcoin Bolivia
2098,"05/07/2025 22:21:37, UTC -04:00",Completed,Sell,ElenaMoreno57Max,20149,5.13,75.99,BOB,14.82,0.00,05/07/2025 22:21:50,7172542910,S-001,Banexcoin Bolivia
2099,"05/07/2025 23:26:41, UTC -04:00",Completed,Sell,JoseMendoza542025,20200,3.36,50.00,BOB,14.87,0.00,05/07/2025 23:27:15,7172699860,S-001,Banexcoin Bolivia
2100,"06/07/2025 08:34:00, UTC -04:00",Completed,Sell,LuciaNavarro90Cl,20042,6.98,104.00,BOB,14.89,0.00,06/07/2025 08:34:11,234438640,S-001,Banexcoin Bolivia
2102,"06/07/2025 09:03:06, UTC -04:00",Completed,Sell,JoseMendoza542025,20200,4.39,65.00,BOB,14.81,0.00,06/07/2025 09:03:19,234443790,S-001,Banexcoin Bolivia
2103,"06/07/2025 09:41:38, UTC -04:00",Completed,Sell,LuciaNavarro90Cl,20042,1.90,28.00,BOB,14.77,0.00,06/07/2025 09:41:52,7173287180,S-001,Banexcoin Bolivia
2105,"06/07/2025 10:04:40, UTC -04:00",Completed,Sell,ElenaMoreno57Max,20149,0.51,7.49,BOB,14.78,0.00,06/07/2025 10:04:51,7173356070,S-001,Banexcoin Bolivia
2106,"06/07/2025 10:06:52, UTC -04:00",Completed,Sell,ElenaMoreno57Max,20149,2.57,37.99,BOB,14.78,0.00,06/07/2025 10:07:06,7173363610,S-001,Banexcoin Bolivia
2107,"06/07/2025 10:08:09, UTC -04:00",Completed,Sell,ElenaMoreno57Max,20149,2.57,37.99,BOB,14.79,0.00,06/07/2025 10:08:22,7173367790,S-001,Banexcoin Bolivia
2108,"06/07/2025 10:09:18, UTC -04:00",Completed,Sell,ElenaMoreno57Max,20149,2.57,37.99,BOB,14.79,0.00,06/07/2025 10:09:30,7173371210,S-001,Banexcoin Bolivia
2109,"06/07/2025 10:11:13, UTC -04:00",Completed,Sell,ElenaMoreno57Max,20149,10.14,149.99,BOB,14.79,0.00,06/07/2025 10:11:26,7173377800,S-001,Banexcoin Bolivia
2110,"06/07/2025 10:13:15, UTC -04:00",Completed,Sell,ElenaMoreno57Max,20149,1.55,22.99,BOB,14.79,0.00,06/07/2025 10:13:26,7173384680,S-001,Banexcoin Bolivia
2111,"06/07/2025 10:17:20, UTC -04:00",Completed,Sell,ElenaMoreno57Max,20149,24.33,359.99,BOB,14.79,0.00,06/07/2025 10:17:32,7173398320,S-001,Banexcoin Bolivia
2112,"06/07/2025 10:24:41, UTC -04:00",Completed,Sell,ElenaMoreno57Max,20149,10.14,149.99,BOB,14.80,0.00,06/07/2025 10:24:54,7173421870,S-001,Banexcoin Bolivia
2113,"06/07/2025 10:25:41, UTC -04:00",Completed,Sell,ElenaMoreno57Max,20149,5.14,75.99,BOB,14.80,0.00,06/07/2025 10:25:54,7173425100,S-001,Banexcoin Bolivia
2114,"06/07/2025 10:36:23, UTC -04:00",Completed,Sell,ElenaMoreno57Max,20149,1.55,22.99,BOB,14.80,0.00,06/07/2025 10:36:35,7173462110,S-001,Banexcoin Bolivia
2115,"06/07/2025 10:38:07, UTC -04:00",Completed,Sell,ElenaMoreno57Max,20149,2.57,37.99,BOB,14.80,0.00,06/07/2025 10:38:19,7173468420,S-001,Banexcoin Bolivia
2116,"06/07/2025 10:45:44, UTC -04:00",Completed,Sell,ElenaMoreno57Max,20149,1.55,22.99,BOB,14.80,0.00,06/07/2025 10:45:55,7173495490,S-001,Banexcoin Bolivia
2117,"06/07/2025 10:51:37, UTC -04:00",Completed,Sell,ElenaMoreno57Max,20149,5.14,75.99,BOB,14.80,0.00,06/07/2025 10:52:11,7173516770,S-001,Banexcoin Bolivia
2118,"06/07/2025 10:56:19, UTC -04:00",Completed,Sell,ElenaMoreno57Max,20149,5.13,75.99,BOB,14.80,0.00,06/07/2025 10:56:30,7173532220,S-001,Banexcoin Bolivia
2119,"06/07/2025 11:04:47, UTC -04:00",Completed,Sell,ElenaMoreno57Max,20149,2.57,37.99,BOB,14.80,0.00,06/07/2025 11:05:02,7173561710,S-001,Banexcoin Bolivia
2120,"06/07/2025 11:18:50, UTC -04:00",Completed,Sell,ElenaMoreno57Max,20149,1.55,22.99,BOB,14.81,0.00,06/07/2025 11:19:03,7173613360,S-001,Banexcoin Bolivia
2121,"06/07/2025 11:23:00, UTC -04:00",Completed,Sell,ElenaMoreno57Max,20149,0.51,7.49,BOB,14.81,0.00,06/07/2025 11:23:13,7173628620,S-001,Banexcoin Bolivia
2122,"06/07/2025 11:25:28, UTC -04:00",Completed,Sell,ElenaMoreno57Max,20149,0.51,7.49,BOB,14.81,0.00,06/07/2025 11:25:39,7173637780,S-001,Banexcoin Bolivia
2123,"06/07/2025 11:26:49, UTC -04:00",Completed,Sell,ElenaMoreno57Max,20149,0.51,7.49,BOB,14.81,0.00,06/07/2025 11:27:15,7173644200,S-001,Banexcoin Bolivia
2124,"06/07/2025 11:28:39, UTC -04:00",Completed,Sell,ElenaMoreno57Max,20149,5.13,75.99,BOB,14.81,0.00,06/07/2025 11:28:49,7173649950,S-001,Banexcoin Bolivia
2125,"06/07/2025 11:31:26, UTC -04:00",Completed,Sell,ElenaMoreno57Max,20149,5.13,75.99,BOB,14.81,0.00,06/07/2025 11:31:39,7173660520,S-001,Banexcoin Bolivia
2126,"06/07/2025 11:39:24, UTC -04:00",Completed,Sell,ElenaMoreno57Max,20149,1.55,22.99,BOB,14.81,0.00,06/07/2025 11:39:36,7173689720,S-001,Banexcoin Bolivia
2127,"06/07/2025 11:45:13, UTC -04:00",Completed,Sell,ElenaMoreno57Max,20149,24.31,359.99,BOB,14.81,0.00,06/07/2025 11:45:24,7173711080,S-001,Banexcoin Bolivia
2128,"06/07/2025 11:53:53, UTC -04:00",Completed,Sell,ElenaMoreno57Max,20149,0.51,7.49,BOB,14.81,0.00,06/07/2025 11:54:10,7173744950,S-001,Banexcoin Bolivia
2129,"06/07/2025 11:55:13, UTC -04:00",Completed,Sell,ElenaMoreno57Max,20149,1.55,22.99,BOB,14.80,0.00,06/07/2025 11:55:24,7173749440,S-001,Banexcoin Bolivia
2130,"06/07/2025 11:57:09, UTC -04:00",Completed,Sell,ElenaMoreno57Max,20149,5.13,75.99,BOB,14.80,0.00,06/07/2025 11:57:20,7173757780,S-001,Banexcoin Bolivia
2131,"06/07/2025 11:58:40, UTC -04:00",Completed,Sell,ElenaMoreno57Max,20149,2.57,37.99,BOB,14.80,0.00,06/07/2025 11:58:52,7173763270,S-001,Banexcoin Bolivia
2132,"06/07/2025 12:01:54, UTC -04:00",Completed,Sell,ElenaMoreno57Max,20149,0.51,7.49,BOB,14.80,0.00,06/07/2025 12:02:05,7173776980,S-001,Banexcoin Bolivia
2133,"06/07/2025 12:02:56, UTC -04:00",Completed,Sell,ElenaMoreno57Max,20149,0.51,7.49,BOB,14.81,0.00,06/07/2025 12:03:13,7173781870,S-001,Banexcoin Bolivia
2135,"06/07/2025 13:34:27, UTC -04:00",Completed,Sell,ElenaMoreno57Max,20149,24.34,359.99,BOB,14.79,0.00,06/07/2025 13:34:37,7174151800,S-001,Banexcoin Bolivia
2136,"06/07/2025 13:36:41, UTC -04:00",Completed,Sell,ElenaMoreno57Max,20149,10.15,149.99,BOB,14.78,0.00,06/07/2025 13:36:59,7174160640,S-001,Banexcoin Bolivia
2138,"06/07/2025 14:07:34, UTC -04:00",Completed,Sell,ElenaMoreno57Max,20149,10.14,149.99,BOB,14.79,0.00,06/07/2025 14:07:54,7174271560,S-001,Banexcoin Bolivia
2139,"06/07/2025 14:08:33, UTC -04:00",Completed,Sell,ElenaMoreno57Max,20149,5.14,75.99,BOB,14.79,0.00,06/07/2025 14:08:48,7174274750,S-001,Banexcoin Bolivia
2140,"06/07/2025 14:19:14, UTC -04:00",Completed,Sell,ElenaMoreno57Max,20149,5.14,75.99,BOB,14.80,0.00,06/07/2025 14:19:43,7174311890,S-001,Banexcoin Bolivia
2141,"06/07/2025 14:25:27, UTC -04:00",Completed,Sell,ElenaMoreno57Max,20149,10.13,149.99,BOB,14.81,0.00,06/07/2025 14:25:39,7174331540,S-001,Banexcoin Bolivia
2142,"06/07/2025 14:26:36, UTC -04:00",Completed,Sell,ElenaMoreno57Max,20149,5.13,75.99,BOB,14.81,0.00,06/07/2025 14:26:47,7174335280,S-001,Banexcoin Bolivia
2143,"06/07/2025 14:27:27, UTC -04:00",Completed,Sell,ElenaMoreno57Max,20149,2.57,37.99,BOB,14.81,0.00,06/07/2025 14:27:39,7174338230,S-001,Banexcoin Bolivia
2144,"06/07/2025 14:28:40, UTC -04:00",Completed,Sell,ElenaMoreno57Max,20149,0.51,7.49,BOB,14.81,0.00,06/07/2025 14:28:51,7174342600,S-001,Banexcoin Bolivia
2145,"06/07/2025 14:30:23, UTC -04:00",Completed,Sell,ElenaMoreno57Max,20149,5.13,75.99,BOB,14.81,0.00,06/07/2025 14:30:35,7174348150,S-001,Banexcoin Bolivia
2148,"06/07/2025 14:40:09, UTC -04:00",Completed,Sell,ElenaMoreno57Max,20149,5.13,75.99,BOB,14.82,0.00,06/07/2025 14:40:20,7174380450,S-001,Banexcoin Bolivia
2149,"06/07/2025 14:41:28, UTC -04:00",Completed,Sell,ElenaMoreno57Max,20149,5.13,75.99,BOB,14.82,0.00,06/07/2025 14:42:02,7174386110,S-001,Banexcoin Bolivia
2150,"06/07/2025 14:46:24, UTC -04:00",Completed,Sell,ElenaMoreno57Max,20149,2.56,37.99,BOB,14.82,0.00,06/07/2025 14:46:34,7174400770,S-001,Banexcoin Bolivia
2151,"06/07/2025 14:53:36, UTC -04:00",Completed,Sell,ElenaMoreno57Max,20149,5.13,75.99,BOB,14.82,0.00,06/07/2025 14:53:46,7174424810,S-001,Banexcoin Bolivia
2152,"06/07/2025 14:57:03, UTC -04:00",Completed,Sell,LuciaNavarro90Cl,20042,2.23,33.00,BOB,14.82,0.00,06/07/2025 14:57:16,7174435890,S-001,Banexcoin Bolivia
2153,"06/07/2025 15:35:58, UTC -04:00",Completed,Sell,ElenaMoreno57Max,20149,2.56,37.99,BOB,14.82,0.00,06/07/2025 15:36:12,7174565550,S-001,Banexcoin Bolivia
2154,"06/07/2025 15:37:07, UTC -04:00",Completed,Sell,ElenaMoreno57Max,20149,0.51,7.49,BOB,14.82,0.00,06/07/2025 15:37:20,7174568710,S-001,Banexcoin Bolivia
2155,"06/07/2025 15:38:19, UTC -04:00",Completed,Sell,ElenaMoreno57Max,20149,1.55,22.99,BOB,14.82,0.00,06/07/2025 15:38:40,7174572860,S-001,Banexcoin Bolivia
2156,"06/07/2025 15:38:57, UTC -04:00",Completed,Sell,LuciaNavarro90Cl,20042,7.83,116.00,BOB,14.82,0.00,06/07/2025 15:39:10,7174574230,S-001,Banexcoin Bolivia
2157,"06/07/2025 15:39:29, UTC -04:00",Completed,Sell,ElenaMoreno57Max,20149,0.51,7.49,BOB,14.82,0.00,06/07/2025 15:39:42,7174575720,S-001,Banexcoin Bolivia
2158,"06/07/2025 16:42:37, UTC -04:00",Completed,Sell,JoseMendoza542025,20200,52.50,778.80,BOB,14.83,0.00,06/07/2025 16:43:15,7174768640,S-001,Banexcoin Bolivia
2161,"06/07/2025 17:10:16, UTC -04:00",Completed,Sell,ElenaMoreno57Max,20149,0.50,7.49,BOB,14.87,0.00,06/07/2025 17:10:28,7174852150,S-001,Banexcoin Bolivia
2164,"06/07/2025 17:12:38, UTC -04:00",Completed,Sell,ElenaMoreno57Max,20149,1.55,22.99,BOB,14.87,0.00,06/07/2025 17:12:48,7174859490,S-001,Banexcoin Bolivia
2165,"06/07/2025 17:13:59, UTC -04:00",Completed,Sell,ElenaMoreno57Max,20149,2.55,37.99,BOB,14.87,0.00,06/07/2025 17:14:11,7174863580,S-001,Banexcoin Bolivia
2166,"06/07/2025 17:15:35, UTC -04:00",Completed,Sell,ElenaMoreno57Max,20149,5.11,75.99,BOB,14.87,0.00,06/07/2025 17:15:47,7174868680,S-001,Banexcoin Bolivia
2167,"06/07/2025 17:16:54, UTC -04:00",Completed,Sell,ElenaMoreno57Max,20149,0.50,7.49,BOB,14.87,0.00,06/07/2025 17:17:05,7174872710,S-001,Banexcoin Bolivia
2169,"06/07/2025 17:18:51, UTC -04:00",Completed,Sell,ElenaMoreno57Max,20149,1.55,22.99,BOB,14.88,0.00,06/07/2025 17:19:11,7174878880,S-001,Banexcoin Bolivia
2170,"06/07/2025 17:20:12, UTC -04:00",Completed,Sell,LuciaNavarro90Cl,20042,5.44,81.00,BOB,14.88,0.00,06/07/2025 17:20:25,234579090,S-001,Banexcoin Bolivia
2171,"06/07/2025 17:22:47, UTC -04:00",Completed,Sell,ElenaMoreno57Max,20149,5.11,75.99,BOB,14.88,0.00,06/07/2025 17:22:57,7174890130,S-001,Banexcoin Bolivia
2172,"06/07/2025 17:23:55, UTC -04:00",Completed,Sell,ElenaMoreno57Max,20149,2.55,37.99,BOB,14.89,0.00,06/07/2025 17:24:07,7174893580,S-001,Banexcoin Bolivia
2173,"06/07/2025 17:29:00, UTC -04:00",Completed,Sell,ElenaMoreno57Max,20149,5.11,75.99,BOB,14.89,0.00,06/07/2025 17:29:11,7174909760,S-001,Banexcoin Bolivia
2174,"06/07/2025 19:06:52, UTC -04:00",Completed,Sell,ElenaMoreno57Max,20149,5.11,75.99,BOB,14.86,0.00,06/07/2025 19:07:04,7175232540,S-001,Banexcoin Bolivia
2175,"06/07/2025 19:08:57, UTC -04:00",Completed,Sell,JoseMendoza542025,20200,3.70,55.00,BOB,14.86,0.00,06/07/2025 19:09:14,7175240620,S-001,Banexcoin Bolivia
2176,"06/07/2025 19:25:37, UTC -04:00",Completed,Sell,ElenaMoreno57Max,20149,5.11,75.99,BOB,14.87,0.00,06/07/2025 19:25:48,7175298500,S-001,Banexcoin Bolivia
2178,"06/07/2025 19:42:47, UTC -04:00",Completed,Sell,PedroTorres902024,20183,3.36,50.00,BOB,14.88,0.00,06/07/2025 19:43:11,7175358850,S-001,Banexcoin Bolivia
2179,"06/07/2025 20:42:05, UTC -04:00",Completed,Sell,ElenaMoreno57Max,20149,10.10,149.99,BOB,14.85,0.00,06/07/2025 20:42:16,7175550710,S-001,Banexcoin Bolivia
2180,"06/07/2025 20:47:12, UTC -04:00",Completed,Sell,ElenaMoreno57Max,20149,5.12,75.99,BOB,14.86,0.00,06/07/2025 20:47:24,7175565880,S-001,Banexcoin Bolivia
2182,"06/07/2025 21:05:45, UTC -04:00",Completed,Sell,AlbertoLeon10007,10008,0.67,10.00,BOB,14.85,0.00,06/07/2025 21:06:15,7175621350,S-001,Banexcoin Bolivia
2185,"06/07/2025 21:46:02, UTC -04:00",Completed,Sell,ElenaMoreno57Max,20149,10.09,149.99,BOB,14.87,0.00,06/07/2025 21:46:15,7175731080,S-001,Banexcoin Bolivia
2186,"06/07/2025 21:57:55, UTC -04:00",Completed,Sell,ElenaMoreno57Max,20149,5.11,75.99,BOB,14.87,0.00,06/07/2025 21:58:05,7175759140,S-001,Banexcoin Bolivia
2187,"06/07/2025 21:59:48, UTC -04:00",Completed,Sell,ElenaMoreno57Max,20149,10.09,149.99,BOB,14.87,0.00,06/07/2025 21:59:57,7175763740,S-001,Banexcoin Bolivia
2188,"06/07/2025 22:01:40, UTC -04:00",Completed,Sell,ElenaMoreno57Max,20149,10.09,149.99,BOB,14.87,0.00,06/07/2025 22:01:51,7175767850,S-001,Banexcoin Bolivia
2189,"06/07/2025 22:04:00, UTC -04:00",Completed,Sell,ElenaMoreno57Max,20149,2.56,37.99,BOB,14.87,0.00,06/07/2025 22:04:16,7175772710,S-001,Banexcoin Bolivia
2190,"06/07/2025 22:07:12, UTC -04:00",Completed,Sell,ElenaMoreno57Max,20149,5.11,75.99,BOB,14.86,0.00,06/07/2025 22:07:26,7175779670,S-001,Banexcoin Bolivia
2191,"06/07/2025 22:09:35, UTC -04:00",Completed,Sell,ElenaMoreno57Max,20149,1.55,22.99,BOB,14.86,0.00,06/07/2025 22:09:48,7175784670,S-001,Banexcoin Bolivia
2192,"06/07/2025 22:13:25, UTC -04:00",Completed,Sell,ElenaMoreno57Max,20149,2.56,37.99,BOB,14.86,0.00,06/07/2025 22:13:38,7175792950,S-001,Banexcoin Bolivia
2193,"06/07/2025 22:14:46, UTC -04:00",Completed,Sell,ElenaMoreno57Max,20149,5.11,75.99,BOB,14.86,0.00,06/07/2025 22:15:00,7175795890,S-001,Banexcoin Bolivia
2194,"06/07/2025 22:17:11, UTC -04:00",Completed,Sell,ElenaMoreno57Max,20149,0.50,7.49,BOB,14.86,0.00,06/07/2025 22:17:22,7175801190,S-001,Banexcoin Bolivia
2195,"06/07/2025 22:18:39, UTC -04:00",Completed,Sell,ElenaMoreno57Max,20149,0.50,7.49,BOB,14.86,0.00,06/07/2025 22:18:50,7175804340,S-001,Banexcoin Bolivia
2196,"06/07/2025 22:22:30, UTC -04:00",Completed,Sell,ElenaMoreno57Max,20149,5.11,75.99,BOB,14.87,0.00,06/07/2025 22:22:42,7175812850,S-001,Banexcoin Bolivia
2198,"06/07/2025 22:41:30, UTC -04:00",Completed,Sell,ElenaMoreno57Max,20149,2.56,37.99,BOB,14.87,0.00,06/07/2025 22:41:45,7175851300,S-001,Banexcoin Bolivia
2199,"06/07/2025 22:42:10, UTC -04:00",Completed,Sell,ElenaMoreno57Max,20149,0.50,7.49,BOB,14.87,0.00,06/07/2025 22:42:23,7175852430,S-001,Banexcoin Bolivia
2200,"06/07/2025 22:43:24, UTC -04:00",Completed,Sell,ElenaMoreno57Max,20149,2.56,37.99,BOB,14.87,0.00,06/07/2025 22:43:35,7175854820,S-001,Banexcoin Bolivia
2201,"06/07/2025 22:44:14, UTC -04:00",Completed,Sell,ElenaMoreno57Max,20149,0.50,7.49,BOB,14.87,0.00,06/07/2025 22:44:25,7175856390,S-001,Banexcoin Bolivia
2202,"06/07/2025 23:14:31, UTC -04:00",Completed,Sell,ElenaMoreno57Max,20149,2.55,37.99,BOB,14.90,0.00,06/07/2025 23:14:43,7175903590,S-001,Banexcoin Bolivia
2203,"07/07/2025 00:47:59, UTC -04:00",Completed,Sell,ElenaMoreno57Max,20149,5.11,75.99,BOB,14.89,0.00,07/07/2025 00:48:31,7175958790,S-001,Banexcoin Bolivia
2205,"07/07/2025 09:21:42, UTC -04:00",Completed,Sell,AdrianaLopez212024,10004,201.77,"3,000.00",BOB,14.87,0.00,07/07/2025 09:21:54,234722180,S-001,Banexcoin Bolivia
2206,"07/07/2025 09:35:55, UTC -04:00",Completed,Sell,LuciaNavarro90Cl,20042,8.88,132.00,BOB,14.87,0.00,07/07/2025 09:36:10,7176452460,S-001,Banexcoin Bolivia
2207,"07/07/2025 09:45:49, UTC -04:00",Completed,Sell,LuciaNavarro90Cl,20042,0.47,7.00,BOB,14.87,0.00,07/07/2025 09:46:07,7176492050,S-001,Banexcoin Bolivia
2208,"07/07/2025 09:58:25, UTC -04:00",Completed,Sell,ElenaMoreno57Max,20149,2.55,37.99,BOB,14.87,0.00,07/07/2025 09:58:39,7176543850,S-001,Banexcoin Bolivia
2209,"07/07/2025 09:59:20, UTC -04:00",Completed,Sell,ElenaMoreno57Max,20149,0.50,7.49,BOB,14.87,0.00,07/07/2025 10:00:16,7176550980,S-001,Banexcoin Bolivia
2210,"07/07/2025 10:19:40, UTC -04:00",Completed,Sell,JoseMendoza542025,20200,196.50,"2,923.20",BOB,14.88,0.00,07/07/2025 10:20:00,7176639300,S-001,Banexcoin Bolivia
2211,"07/07/2025 10:35:02, UTC -04:00",Completed,Sell,ElenaMoreno57Max,20149,2.55,37.99,BOB,14.88,0.00,07/07/2025 10:35:13,7176709750,S-001,Banexcoin Bolivia
2212,"07/07/2025 10:36:12, UTC -04:00",Completed,Sell,ElenaMoreno57Max,20149,24.19,359.99,BOB,14.88,0.00,07/07/2025 10:36:23,7176715580,S-001,Banexcoin Bolivia
2213,"07/07/2025 10:37:32, UTC -04:00",Completed,Sell,ElenaMoreno57Max,20149,2.55,37.99,BOB,14.88,0.00,07/07/2025 10:37:45,7176721950,S-001,Banexcoin Bolivia
2214,"07/07/2025 10:38:30, UTC -04:00",Completed,Sell,ElenaMoreno57Max,20149,5.11,75.99,BOB,14.88,0.00,07/07/2025 10:38:41,7176726780,S-001,Banexcoin Bolivia
2215,"07/07/2025 11:06:44, UTC -04:00",Completed,Sell,JoseMendoza542025,20200,1.75,26.00,BOB,14.89,0.00,07/07/2025 11:07:07,7176861350,S-001,Banexcoin Bolivia
2216,"07/07/2025 11:43:12, UTC -04:00",Completed,Sell,LuciaNavarro90Cl,20042,2.15,32.00,BOB,14.90,0.00,07/07/2025 11:43:26,7177036470,S-001,Banexcoin Bolivia
2217,"07/07/2025 11:50:35, UTC -04:00",Completed,Sell,LuciaNavarro90Cl,20042,11.41,170.00,BOB,14.90,0.00,07/07/2025 11:50:51,7177073670,S-001,Banexcoin Bolivia
2218,"07/07/2025 11:51:58, UTC -04:00",Completed,Sell,ElenaMoreno57Max,20149,0.50,7.49,BOB,14.90,0.00,07/07/2025 11:52:15,7177081020,S-001,Banexcoin Bolivia
2220,"07/07/2025 12:46:28, UTC -04:00",Completed,Sell,LuciaNavarro90Cl,20042,14.28,213.00,BOB,14.91,0.00,07/07/2025 12:46:39,234818950,S-001,Banexcoin Bolivia
2221,"07/07/2025 12:48:06, UTC -04:00",Completed,Sell,ElenaMoreno57Max,20149,1.54,22.99,BOB,14.91,0.00,07/07/2025 12:48:23,7177378730,S-001,Banexcoin Bolivia
2222,"07/07/2025 12:59:58, UTC -04:00",Completed,Sell,ElenaMoreno57Max,20149,1.54,22.99,BOB,14.90,0.00,07/07/2025 13:00:12,7177440520,S-001,Banexcoin Bolivia
2223,"07/07/2025 13:15:53, UTC -04:00",Completed,Sell,JoseMendoza542025,20200,10.14,151.00,BOB,14.90,0.00,07/07/2025 13:16:18,7177520250,S-001,Banexcoin Bolivia
2226,"07/07/2025 13:24:55, UTC -04:00",Completed,Sell,JoseMendoza542025,20200,80.57,"1,200.00",BOB,14.89,0.00,07/07/2025 13:26:05,7177568770,S-001,Banexcoin Bolivia
2228,"07/07/2025 13:34:19, UTC -04:00",Completed,Sell,ElenaMoreno57Max,20149,24.19,359.99,BOB,14.88,0.00,07/07/2025 13:34:31,7177607980,S-001,Banexcoin Bolivia
2229,"07/07/2025 14:00:59, UTC -04:00",Completed,Sell,LuciaNavarro90Cl,20042,10.90,162.00,BOB,14.86,0.00,07/07/2025 14:01:10,234851700,S-001,Banexcoin Bolivia
2230,"07/07/2025 14:04:46, UTC -04:00",Completed,Sell,ElenaMoreno57Max,20149,0.50,7.49,BOB,14.85,0.00,07/07/2025 14:04:58,7177744210,S-001,Banexcoin Bolivia
2231,"07/07/2025 14:28:11, UTC -04:00",Completed,Sell,ElenaMoreno57Max,20149,2.56,37.99,BOB,14.86,0.00,07/07/2025 14:28:21,7177848620,S-001,Banexcoin Bolivia
2232,"07/07/2025 14:42:05, UTC -04:00",Completed,Sell,LuciaNavarro90Cl,20042,4.04,60.00,BOB,14.86,0.00,07/07/2025 14:42:20,7177912200,S-001,Banexcoin Bolivia
2233,"07/07/2025 15:18:07, UTC -04:00",Completed,Sell,ElenaMoreno57Max,20149,10.10,149.99,BOB,14.85,0.00,07/07/2025 15:18:20,7178078090,S-001,Banexcoin Bolivia
2234,"07/07/2025 15:37:22, UTC -04:00",Completed,Sell,ElenaMoreno57Max,20149,5.11,75.99,BOB,14.86,0.00,07/07/2025 15:37:36,7178168130,S-001,Banexcoin Bolivia
2235,"07/07/2025 15:46:05, UTC -04:00",Completed,Sell,ElenaMoreno57Max,20149,2.56,37.99,BOB,14.86,0.00,07/07/2025 15:46:19,7178210450,S-001,Banexcoin Bolivia
2236,"07/07/2025 17:49:50, UTC -04:00",Completed,Sell,ElenaMoreno57Max,20149,0.50,7.49,BOB,14.90,0.00,07/07/2025 17:50:04,7178818890,S-001,Banexcoin Bolivia
2237,"07/07/2025 17:54:33, UTC -04:00",Completed,Sell,ElenaMoreno57Max,20149,5.10,75.99,BOB,14.90,0.00,07/07/2025 17:54:49,7178844040,S-001,Banexcoin Bolivia
2238,"07/07/2025 18:20:44, UTC -04:00",Completed,Sell,PabloBlanco44456,10025,6.44,96.00,BOB,14.90,0.00,07/07/2025 18:21:14,7178981400,S-001,Banexcoin Bolivia
2239,"07/07/2025 18:49:46, UTC -04:00",Completed,Sell,ElenaMoreno57Max,20149,0.50,7.49,BOB,14.90,0.00,07/07/2025 18:50:01,7179128910,S-001,Banexcoin Bolivia
2240,"07/07/2025 19:18:45, UTC -04:00",Completed,Sell,AndresVega17Pro,10086,46.99,701.00,BOB,14.92,0.00,07/07/2025 19:18:56,7179280130,S-001,Banexcoin Bolivia
2241,"07/07/2025 19:21:03, UTC -04:00",Completed,Sell,ElenaMoreno57Max,20149,1.54,22.99,BOB,14.91,0.00,07/07/2025 19:21:15,7179291000,S-001,Banexcoin Bolivia
2242,"07/07/2025 20:08:36, UTC -04:00",Completed,Sell,AndresVega17Pro,10086,3.22,48.00,BOB,14.90,0.00,07/07/2025 20:08:49,7179528430,S-001,Banexcoin Bolivia
2243,"07/07/2025 20:13:35, UTC -04:00",Completed,Sell,AndresVega17Pro,10086,127.53,"1,900.00",BOB,14.90,0.00,07/07/2025 20:13:55,7179549990,S-001,Banexcoin Bolivia
2244,"07/07/2025 20:14:27, UTC -04:00",Completed,Sell,LuciaNavarro90Cl,20042,1.68,25.00,BOB,14.90,0.00,07/07/2025 20:14:43,7179553000,S-001,Banexcoin Bolivia
2245,"07/07/2025 20:16:37, UTC -04:00",Completed,Sell,ElenaMoreno57Max,20149,5.10,75.99,BOB,14.90,0.00,07/07/2025 20:16:51,7179562270,S-001,Banexcoin Bolivia
2246,"07/07/2025 20:48:57, UTC -04:00",Completed,Sell,ElenaMoreno57Max,20149,10.07,149.99,BOB,14.90,0.00,07/07/2025 20:49:10,7179690720,S-001,Banexcoin Bolivia
2247,"07/07/2025 21:09:46, UTC -04:00",Completed,Sell,PedroTorres902024,20183,1.88,28.00,BOB,14.90,0.00,07/07/2025 21:10:01,7179767140,S-001,Banexcoin Bolivia
2248,"07/07/2025 21:41:32, UTC -04:00",Completed,Sell,ElenaMoreno57Max,20149,2.55,37.99,BOB,14.91,0.00,07/07/2025 21:41:43,7179874450,S-001,Banexcoin Bolivia
2249,"07/07/2025 21:58:58, UTC -04:00",Completed,Sell,ElenaMoreno57Max,20149,0.50,7.49,BOB,14.91,0.00,07/07/2025 21:59:10,7179924810,S-001,Banexcoin Bolivia
2250,"07/07/2025 22:07:54, UTC -04:00",Completed,Sell,PedroTorres902024,20183,2.08,31.00,BOB,14.93,0.00,07/07/2025 22:08:16,7179949810,S-001,Banexcoin Bolivia
2253,"08/07/2025 10:41:33, UTC -04:00",Completed,Sell,ElenaMoreno57Max,20149,1.55,22.99,BOB,14.88,0.00,08/07/2025 10:41:48,7180977320,S-001,Banexcoin Bolivia
2254,"08/07/2025 11:20:51, UTC -04:00",Completed,Sell,ElenaMoreno57Max,20149,24.18,359.99,BOB,14.89,0.00,08/07/2025 11:21:04,7181168590,S-001,Banexcoin Bolivia
2255,"08/07/2025 11:57:29, UTC -04:00",Completed,Sell,ElenaMoreno57Max,20149,5.10,75.99,BOB,14.89,0.00,08/07/2025 11:57:40,7181350030,S-001,Banexcoin Bolivia
2256,"08/07/2025 12:33:39, UTC -04:00",Completed,Sell,ElenaMoreno57Max,20149,10.07,149.99,BOB,14.90,0.00,08/07/2025 12:33:51,7181545120,S-001,Banexcoin Bolivia
2257,"08/07/2025 13:19:16, UTC -04:00",Completed,Sell,ElenaMoreno57Max,20149,24.19,359.99,BOB,14.88,0.00,08/07/2025 13:19:27,7181788770,S-001,Banexcoin Bolivia
2258,"08/07/2025 13:27:11, UTC -04:00",Completed,Sell,LuciaNavarro90Cl,20042,9.41,140.00,BOB,14.88,0.00,08/07/2025 13:27:42,7181828570,S-001,Banexcoin Bolivia
2259,"08/07/2025 13:28:02, UTC -04:00",Completed,Sell,JoseMendoza542025,20200,17.74,264.00,BOB,14.88,0.00,08/07/2025 13:28:26,7181832040,S-001,Banexcoin Bolivia
2260,"08/07/2025 13:46:28, UTC -04:00",Completed,Sell,MariaFlores93Max,10006,4.52,67.25,BOB,14.89,0.00,08/07/2025 13:46:51,7181920630,S-001,Banexcoin Bolivia
2261,"08/07/2025 14:46:04, UTC -04:00",Completed,Sell,ElenaMoreno57Max,20149,5.10,75.99,BOB,14.89,0.00,08/07/2025 14:46:17,7182199180,S-001,Banexcoin Bolivia
2264,"08/07/2025 16:23:37, UTC -04:00",Completed,Sell,PedroTorres902024,20183,2.01,30.00,BOB,14.90,0.00,08/07/2025 16:24:10,7182656950,S-001,Banexcoin Bolivia
2266,"08/07/2025 17:08:37, UTC -04:00",Completed,Sell,ElenaMoreno57Max,20149,2.55,37.99,BOB,14.89,0.00,08/07/2025 17:08:56,7182866420,S-001,Banexcoin Bolivia
2267,"08/07/2025 17:09:24, UTC -04:00",Completed,Sell,ElenaMoreno57Max,20149,5.10,75.99,BOB,14.89,0.00,08/07/2025 17:09:36,7182869620,S-001,Banexcoin Bolivia
2268,"08/07/2025 18:39:09, UTC -04:00",Completed,Sell,AndresVega17Pro,10086,13.42,200.00,BOB,14.90,0.00,08/07/2025 18:39:20,7183325430,S-001,Banexcoin Bolivia
2269,"08/07/2025 18:59:54, UTC -04:00",Completed,Sell,AndresVega17Pro,10086,26.10,389.00,BOB,14.91,0.00,08/07/2025 19:00:15,7183431170,S-001,Banexcoin Bolivia
2270,"08/07/2025 19:33:54, UTC -04:00",Completed,Sell,ElenaMoreno57Max,20149,0.50,7.49,BOB,14.90,0.00,08/07/2025 19:34:10,7183596190,S-001,Banexcoin Bolivia
2271,"08/07/2025 19:36:04, UTC -04:00",Completed,Sell,ElenaMoreno57Max,20149,24.16,359.99,BOB,14.90,0.00,08/07/2025 19:36:16,7183605380,S-001,Banexcoin Bolivia
2272,"08/07/2025 19:52:41, UTC -04:00",Completed,Sell,JoseMendoza542025,20200,8.73,130.00,BOB,14.88,0.00,08/07/2025 19:52:59,7183689250,S-001,Banexcoin Bolivia
2273,"08/07/2025 20:07:30, UTC -04:00",Completed,Sell,JoseMendoza542025,20200,4.97,74.00,BOB,14.89,0.00,08/07/2025 20:08:12,7183755670,S-001,Banexcoin Bolivia
2274,"08/07/2025 20:31:32, UTC -04:00",Completed,Sell,JoseMendoza542025,20200,3.69,55.00,BOB,14.89,0.00,08/07/2025 20:31:43,7183852540,S-001,Banexcoin Bolivia
2275,"08/07/2025 21:02:57, UTC -04:00",Completed,Sell,ElenaMoreno57Max,20149,0.50,7.49,BOB,14.89,0.00,08/07/2025 21:03:10,7183969110,S-001,Banexcoin Bolivia
2276,"08/07/2025 21:11:26, UTC -04:00",Completed,Sell,ElenaMoreno57Max,20149,1.54,22.99,BOB,14.89,0.00,08/07/2025 21:11:41,7183999930,S-001,Banexcoin Bolivia
2281,"08/07/2025 21:22:18, UTC -04:00",Completed,Sell,MariaFlores93Max,10006,33.57,500.00,BOB,14.89,0.00,08/07/2025 21:22:37,7184036810,S-001,Banexcoin Bolivia
2284,"08/07/2025 23:06:15, UTC -04:00",Completed,Sell,ElenaMoreno57Max,20149,1.54,22.99,BOB,14.88,0.00,08/07/2025 23:06:26,7184300230,S-001,Banexcoin Bolivia
2285,"08/07/2025 23:14:13, UTC -04:00",Completed,Sell,ElenaMoreno57Max,20149,1.54,22.99,BOB,14.88,0.00,08/07/2025 23:14:28,7184312210,S-001,Banexcoin Bolivia
2287,"08/07/2025 23:16:43, UTC -04:00",Completed,Sell,ElenaMoreno57Max,20149,2.55,37.99,BOB,14.88,0.00,08/07/2025 23:16:56,7184316080,S-001,Banexcoin Bolivia
2288,"09/07/2025 00:56:58, UTC -04:00",Completed,Sell,ElenaMoreno57Max,20149,1.55,22.99,BOB,14.86,0.00,09/07/2025 00:57:11,7184396010,S-001,Banexcoin Bolivia
2289,"09/07/2025 00:57:50, UTC -04:00",Completed,Sell,ElenaMoreno57Max,20149,5.11,75.99,BOB,14.86,0.00,09/07/2025 00:58:01,7184396400,S-001,Banexcoin Bolivia
2290,"09/07/2025 08:51:12, UTC -04:00",Completed,Sell,LuciaNavarro90Cl,20042,32.24,480.00,BOB,14.89,0.00,09/07/2025 08:52:22,7184794280,S-001,Banexcoin Bolivia
2291,"09/07/2025 08:57:47, UTC -04:00",Completed,Sell,JoseMendoza542025,20200,1.34,20.00,BOB,14.89,0.00,09/07/2025 08:58:03,7184812470,S-001,Banexcoin Bolivia
2292,"09/07/2025 09:03:13, UTC -04:00",Completed,Sell,LuciaNavarro90Cl,20042,18.81,280.00,BOB,14.89,0.00,09/07/2025 09:03:27,7184832080,S-001,Banexcoin Bolivia
2294,"09/07/2025 10:05:25, UTC -04:00",Completed,Sell,JoseMendoza542025,20200,4.17,62.00,BOB,14.88,0.00,09/07/2025 10:05:36,235556810,S-001,Banexcoin Bolivia
2295,"09/07/2025 10:35:58, UTC -04:00",Completed,Sell,JoseMendoza542025,20200,1.34,20.00,BOB,14.89,0.00,09/07/2025 10:36:11,7185222650,S-001,Banexcoin Bolivia
2296,"09/07/2025 10:51:09, UTC -04:00",Completed,Sell,ElenaMoreno57Max,20149,1.54,22.99,BOB,14.89,0.00,09/07/2025 10:51:22,7185293720,S-001,Banexcoin Bolivia
2297,"09/07/2025 11:57:38, UTC -04:00",Completed,Sell,JoseMendoza542025,20200,6.21,92.50,BOB,14.88,0.00,09/07/2025 11:58:05,7185620510,S-001,Banexcoin Bolivia
2298,"09/07/2025 12:14:27, UTC -04:00",Completed,Sell,ElenaMoreno57Max,20149,24.19,359.99,BOB,14.88,0.00,09/07/2025 12:14:37,7185710280,S-001,Banexcoin Bolivia
2300,"09/07/2025 13:03:26, UTC -04:00",Completed,Sell,AndresVega17Pro,10086,53.08,790.00,BOB,14.88,0.00,09/07/2025 13:03:40,7185982520,S-001,Banexcoin Bolivia
2303,"09/07/2025 13:19:52, UTC -04:00",Completed,Sell,LuciaNavarro90Cl,20042,8.13,121.00,BOB,14.88,0.00,09/07/2025 13:20:10,7186070740,S-001,Banexcoin Bolivia
2304,"09/07/2025 13:22:42, UTC -04:00",Completed,Sell,ElenaMoreno57Max,20149,1.54,22.99,BOB,14.88,0.00,09/07/2025 13:22:54,7186084250,S-001,Banexcoin Bolivia
2311,"09/07/2025 13:40:27, UTC -04:00",Completed,Sell,ElenaMoreno57Max,20149,1.55,22.99,BOB,14.88,0.00,09/07/2025 13:40:37,7186171530,S-001,Banexcoin Bolivia
2312,"09/07/2025 13:44:40, UTC -04:00",Completed,Sell,LuciaNavarro90Cl,20042,10.75,160.00,BOB,14.88,0.00,09/07/2025 13:44:51,7186191840,S-001,Banexcoin Bolivia
2317,"09/07/2025 14:07:45, UTC -04:00",Completed,Sell,RafaelSuarez152024,20156,1.00,14.88,BOB,14.88,0.00,09/07/2025 14:07:56,7186303890,S-001,Banexcoin Bolivia
2326,"09/07/2025 17:30:39, UTC -04:00",Completed,Sell,ElenaMoreno57Max,20149,2.55,37.99,BOB,14.88,0.00,09/07/2025 17:30:54,7187291540,S-001,Banexcoin Bolivia
2327,"09/07/2025 17:34:03, UTC -04:00",Completed,Sell,ElenaMoreno57Max,20149,0.50,7.49,BOB,14.88,0.00,09/07/2025 17:34:18,7187309560,S-001,Banexcoin Bolivia
2330,"09/07/2025 17:49:12, UTC -04:00",Completed,Sell,LuciaNavarro90Cl,20042,4.78,71.00,BOB,14.86,0.00,09/07/2025 17:49:26,7187387030,S-001,Banexcoin Bolivia
2334,"09/07/2025 18:15:02, UTC -04:00",Completed,Sell,ElenaMoreno57Max,20149,0.50,7.49,BOB,14.87,0.00,09/07/2025 18:15:15,7187517650,S-001,Banexcoin Bolivia
2335,"09/07/2025 18:28:34, UTC -04:00",Completed,Sell,LuciaNavarro90Cl,20042,1.68,25.00,BOB,14.88,0.00,09/07/2025 18:28:48,7187589320,S-001,Banexcoin Bolivia
2336,"09/07/2025 18:32:38, UTC -04:00",Completed,Sell,ElenaMoreno57Max,20149,1.55,22.99,BOB,14.88,0.00,09/07/2025 18:32:54,7187610750,S-001,Banexcoin Bolivia
2338,"09/07/2025 18:47:08, UTC -04:00",Completed,Sell,ElenaMoreno57Max,20149,2.55,37.99,BOB,14.88,0.00,09/07/2025 18:47:19,7187686120,S-001,Banexcoin Bolivia
2346,"09/07/2025 19:26:28, UTC -04:00",Completed,Sell,ElenaMoreno57Max,20149,2.55,37.99,BOB,14.87,0.00,09/07/2025 19:26:41,7187887280,S-001,Banexcoin Bolivia
2347,"09/07/2025 19:28:06, UTC -04:00",Completed,Sell,ElenaMoreno57Max,20149,1.55,22.99,BOB,14.87,0.00,09/07/2025 19:28:17,7187895050,S-001,Banexcoin Bolivia
2351,"09/07/2025 20:03:41, UTC -04:00",Completed,Sell,ElenaMoreno57Max,20149,5.11,75.99,BOB,14.88,0.00,09/07/2025 20:03:52,7188069800,S-001,Banexcoin Bolivia
2355,"09/07/2025 20:18:52, UTC -04:00",Completed,Sell,VeronicaVega74Cl,20054,0.67,10.00,BOB,14.88,0.00,09/07/2025 20:19:19,235822010,S-001,Banexcoin Bolivia
2368,"09/07/2025 20:47:28, UTC -04:00",Completed,Sell,ElenaMoreno57Max,20149,24.19,359.99,BOB,14.88,0.00,09/07/2025 20:47:40,7188250340,S-001,Banexcoin Bolivia
2369,"09/07/2025 21:07:14, UTC -04:00",Completed,Sell,JoseMendoza542025,20200,0.34,5.00,BOB,14.88,0.00,09/07/2025 21:07:33,7188323230,S-001,Banexcoin Bolivia
2378,"09/07/2025 21:20:31, UTC -04:00",Completed,Sell,LauraMolina72Bo,20169,0.13,2.00,BOB,14.88,0.00,09/07/2025 21:20:50,7188369430,S-001,Banexcoin Bolivia
2379,"09/07/2025 21:21:26, UTC -04:00",Completed,Sell,LauraMolina72Bo,20169,1.81,27.00,BOB,14.88,0.00,09/07/2025 21:21:54,7188373060,S-001,Banexcoin Bolivia
2381,"09/07/2025 21:27:51, UTC -04:00",Completed,Sell,ElenaMoreno57Max,20149,2.55,37.99,BOB,14.88,0.00,09/07/2025 21:28:02,7188392990,S-001,Banexcoin Bolivia
2385,"09/07/2025 21:29:30, UTC -04:00",Completed,Sell,CristinaMorales762024,20105,2.69,40.00,BOB,14.88,0.00,09/07/2025 21:30:08,7188400160,S-001,Banexcoin Bolivia
2395,"09/07/2025 21:42:53, UTC -04:00",Completed,Sell,CristinaMorales762024,20105,0.27,4.00,BOB,14.88,0.00,09/07/2025 21:43:21,7188441340,S-001,Banexcoin Bolivia
2426,"09/07/2025 23:07:06, UTC -04:00",Completed,Sell,EduardoFernandez99007,20045,13.44,200.00,BOB,14.88,0.00,09/07/2025 23:07:33,7188646220,S-001,Banexcoin Bolivia
2428,"09/07/2025 23:14:23, UTC -04:00",Completed,Sell,SergioRubio672024,20142,0.07,1.00,BOB,14.88,0.00,09/07/2025 23:15:11,7188658170,S-001,Banexcoin Bolivia
2444,"10/07/2025 00:21:04, UTC -04:00",Completed,Sell,ElenaMoreno57Max,20149,10.10,149.99,BOB,14.85,0.00,10/07/2025 00:21:16,7188722970,S-001,Banexcoin Bolivia
2461,"10/07/2025 04:17:11, UTC -04:00",Completed,Sell,MariaDominguez65Mx,20137,1.36,20.00,BOB,14.71,0.00,10/07/2025 04:17:40,7188789400,S-001,Banexcoin Bolivia
2463,"10/07/2025 06:17:01, UTC -04:00",Completed,Sell,MariaDominguez65Mx,20137,2.02,30.00,BOB,14.85,0.00,10/07/2025 06:17:24,7188818340,S-001,Banexcoin Bolivia
2471,"10/07/2025 09:06:39, UTC -04:00",Completed,Sell,IsabelMunoz76Max,20141,0.07,1.00,BOB,14.88,0.00,10/07/2025 09:07:27,7189138670,S-001,Banexcoin Bolivia
2489,"10/07/2025 09:57:59, UTC -04:00",Completed,Sell,LuisRodriguez942025,10067,0.34,5.00,BOB,14.84,0.00,10/07/2025 09:59:04,7189343960,S-001,Banexcoin Bolivia
2492,"10/07/2025 10:25:37, UTC -04:00",Completed,Sell,VictorFernandez452024,10001,0.20,3.00,BOB,14.86,0.00,10/07/2025 10:26:01,235945110,S-001,Banexcoin Bolivia
2493,"10/07/2025 10:34:27, UTC -04:00",Completed,Sell,ElenaRuiz70Ar,20153,0.94,14.00,BOB,14.86,0.00,10/07/2025 10:34:43,235948760,S-001,Banexcoin Bolivia
2494,"10/07/2025 10:45:41, UTC -04:00",Completed,Sell,JoseMendoza542025,20200,0.67,10.00,BOB,14.86,0.00,10/07/2025 10:45:52,7189554880,S-001,Banexcoin Bolivia
2502,"10/07/2025 11:38:47, UTC -04:00",Completed,Sell,JoseMendoza542025,20200,1.01,15.00,BOB,14.87,0.00,10/07/2025 11:39:00,7189813740,S-001,Banexcoin Bolivia
2506,"10/07/2025 11:49:29, UTC -04:00",Completed,Sell,LuisMedina73Mx,20113,1.01,15.00,BOB,14.87,0.00,10/07/2025 11:50:07,7189869530,S-001,Banexcoin Bolivia
2513,"10/07/2025 12:31:49, UTC -04:00",Completed,Sell,LuciaNavarro90Cl,20042,5.11,76.00,BOB,14.87,0.00,10/07/2025 12:32:01,7190094080,S-001,Banexcoin Bolivia
2514,"10/07/2025 12:41:20, UTC -04:00",Completed,Sell,JoseMendoza542025,20200,2.35,35.00,BOB,14.87,0.00,10/07/2025 12:41:43,7190147910,S-001,Banexcoin Bolivia
2520,"10/07/2025 13:15:48, UTC -04:00",Completed,Sell,JoseMendoza542025,20200,0.88,13.00,BOB,14.86,0.00,10/07/2025 13:15:59,7190327510,S-001,Banexcoin Bolivia
2526,"10/07/2025 13:47:40, UTC -04:00",Completed,Sell,ElenaMoreno57Max,20149,0.50,7.49,BOB,14.85,0.00,10/07/2025 13:47:52,7190478450,S-001,Banexcoin Bolivia
2527,"10/07/2025 13:48:10, UTC -04:00",Completed,Sell,LuciaNavarro90Cl,20042,1.68,25.00,BOB,14.85,0.00,10/07/2025 13:48:22,7190480570,S-001,Banexcoin Bolivia
2528,"10/07/2025 13:48:37, UTC -04:00",Completed,Sell,ElenaMoreno57Max,20149,5.12,75.99,BOB,14.85,0.00,10/07/2025 13:49:14,7190484060,S-001,Banexcoin Bolivia
2529,"10/07/2025 13:50:19, UTC -04:00",Completed,Sell,ElenaMoreno57Max,20149,5.12,75.99,BOB,14.85,0.00,10/07/2025 13:50:30,7190489970,S-001,Banexcoin Bolivia
2530,"10/07/2025 14:13:53, UTC -04:00",Completed,Sell,JoseMendoza542025,20200,62.60,929.00,BOB,14.84,0.00,10/07/2025 14:14:31,7190599850,S-001,Banexcoin Bolivia
2539,"10/07/2025 15:08:11, UTC -04:00",Completed,Sell,CarolinaMartinez50Pe,20017,1.01,15.00,BOB,14.83,0.00,10/07/2025 15:08:41,7190844140,S-001,Banexcoin Bolivia
2547,"10/07/2025 15:30:22, UTC -04:00",Completed,Sell,LuciaNavarro90Cl,20042,436.50,"6,450.00",BOB,14.78,0.00,10/07/2025 15:30:40,7190936970,S-001,Banexcoin Bolivia
2551,"10/07/2025 16:24:21, UTC -04:00",Completed,Sell,VeronicaRuiz14Mx,20178,3.11,46.00,BOB,14.80,0.00,10/07/2025 16:24:45,7191196440,S-001,Banexcoin Bolivia
2554,"10/07/2025 16:28:57, UTC -04:00",Completed,Sell,VeronicaRuiz14Mx,20178,40.08,593.00,BOB,14.80,0.00,10/07/2025 16:29:17,7191217890,S-001,Banexcoin Bolivia
2561,"10/07/2025 17:14:30, UTC -04:00",Completed,Sell,EnriqueSoto41Ec,20145,0.68,10.00,BOB,14.80,0.00,10/07/2025 17:14:49,7191442590,S-001,Banexcoin Bolivia
2565,"10/07/2025 17:44:24, UTC -04:00",Completed,Sell,AntonioMorales75123,20067,0.68,10.00,BOB,14.81,0.00,10/07/2025 17:46:07,7191601060,S-001,Banexcoin Bolivia
2566,"10/07/2025 18:09:15, UTC -04:00",Completed,Sell,MariaDominguez65Mx,20137,1.21,18.00,BOB,14.82,0.00,10/07/2025 18:09:40,7191719590,S-001,Banexcoin Bolivia
2577,"10/07/2025 20:35:28, UTC -04:00",Completed,Sell,ElenaMoreno57Max,20149,10.13,149.99,BOB,14.81,0.00,10/07/2025 20:35:38,7192436200,S-001,Banexcoin Bolivia
2578,"10/07/2025 20:38:11, UTC -04:00",Completed,Sell,ElenaMoreno57Max,20149,1.55,22.99,BOB,14.81,0.00,10/07/2025 20:38:32,7192447840,S-001,Banexcoin Bolivia
2579,"10/07/2025 20:39:26, UTC -04:00",Completed,Sell,ElenaMoreno57Max,20149,2.57,37.99,BOB,14.81,0.00,10/07/2025 20:39:36,7192452340,S-001,Banexcoin Bolivia
2580,"10/07/2025 20:41:26, UTC -04:00",Completed,Sell,ElenaMoreno57Max,20149,2.57,37.99,BOB,14.80,0.00,10/07/2025 20:41:37,7192460520,S-001,Banexcoin Bolivia
2581,"10/07/2025 20:49:56, UTC -04:00",Completed,Sell,CarolinaMartinez50Pe,20017,6.77,100.00,BOB,14.77,0.00,10/07/2025 20:50:13,7192494950,S-001,Banexcoin Bolivia
2584,"10/07/2025 21:14:35, UTC -04:00",Completed,Sell,JoseMendoza542025,20200,16.25,240.00,BOB,14.77,0.00,10/07/2025 21:14:50,7192588620,S-001,Banexcoin Bolivia
2585,"10/07/2025 21:20:45, UTC -04:00",Completed,Sell,ElenaMoreno57Max,20149,10.15,149.99,BOB,14.77,0.00,10/07/2025 21:20:56,7192611410,S-001,Banexcoin Bolivia
2586,"10/07/2025 21:24:31, UTC -04:00",Completed,Sell,ElenaMoreno57Max,20149,1.55,22.99,BOB,14.79,0.00,10/07/2025 21:24:42,7192625290,S-001,Banexcoin Bolivia
2593,"10/07/2025 21:45:32, UTC -04:00",Completed,Sell,MariaFlores93Max,10006,3.38,50.00,BOB,14.79,0.00,10/07/2025 21:45:47,7192696600,S-001,Banexcoin Bolivia
2594,"10/07/2025 21:46:52, UTC -04:00",Completed,Sell,JoseMendoza542025,20200,0.68,10.00,BOB,14.79,0.00,10/07/2025 21:47:03,7192700310,S-001,Banexcoin Bolivia
2595,"10/07/2025 21:52:12, UTC -04:00",Completed,Sell,ElenaMoreno57Max,20149,24.34,359.99,BOB,14.79,0.00,10/07/2025 21:52:24,7192716880,S-001,Banexcoin Bolivia
2596,"10/07/2025 21:56:07, UTC -04:00",Completed,Sell,ElenaMoreno57Max,20149,5.14,75.99,BOB,14.79,0.00,10/07/2025 21:56:22,7192728370,S-001,Banexcoin Bolivia
2602,"10/07/2025 22:05:51, UTC -04:00",Completed,Sell,MariaFlores93Max,10006,7.44,110.00,BOB,14.79,0.00,10/07/2025 22:06:06,7192756240,S-001,Banexcoin Bolivia
2603,"10/07/2025 22:14:58, UTC -04:00",Completed,Sell,MariaDominguez65Mx,20137,0.68,10.00,BOB,14.79,0.00,10/07/2025 22:15:13,7192781510,S-001,Banexcoin Bolivia
2604,"10/07/2025 22:19:05, UTC -04:00",Completed,Sell,MariaFlores93Max,10006,46.66,690.00,BOB,14.79,0.00,10/07/2025 22:19:21,7192792540,S-001,Banexcoin Bolivia
2619,"10/07/2025 23:03:57, UTC -04:00",Completed,Sell,LuisMedina73Mx,20113,5.56,82.00,BOB,14.75,0.00,10/07/2025 23:04:15,7192894770,S-001,Banexcoin Bolivia
2620,"10/07/2025 23:04:22, UTC -04:00",Completed,Sell,RaquelMarquez92Co,20204,1.02,15.00,BOB,14.75,0.00,10/07/2025 23:04:35,7192895400,S-001,Banexcoin Bolivia
2621,"10/07/2025 23:47:24, UTC -04:00",Completed,Sell,MariaDominguez65Mx,20137,2.06,30.00,BOB,14.55,0.00,10/07/2025 23:47:43,7192959470,S-001,Banexcoin Bolivia
2624,"11/07/2025 00:56:11, UTC -04:00",Completed,Sell,ElenaMoreno57Max,20149,2.61,37.99,BOB,14.55,0.00,11/07/2025 00:56:24,7193008970,S-001,Banexcoin Bolivia
2632,"11/07/2025 01:14:32, UTC -04:00",Completed,Sell,ElenaMoreno57Max,20149,2.60,37.99,BOB,14.61,0.00,11/07/2025 01:14:43,7193018300,S-001,Banexcoin Bolivia
2635,"11/07/2025 07:02:00, UTC -04:00",Completed,Sell,LuciaNavarro90Cl,20042,16.30,240.00,BOB,14.73,0.00,11/07/2025 07:02:22,7193127590,S-001,Banexcoin Bolivia
2636,"11/07/2025 07:56:56, UTC -04:00",Completed,Sell,LuciaNavarro90Cl,20042,3.39,50.00,BOB,14.76,0.00,11/07/2025 07:57:09,7193212430,S-001,Banexcoin Bolivia
2638,"11/07/2025 08:04:41, UTC -04:00",Completed,Sell,LuisMedina73Mx,20113,33.88,500.00,BOB,14.76,0.00,11/07/2025 08:05:09,7193231370,S-001,Banexcoin Bolivia
2644,"11/07/2025 08:33:29, UTC -04:00",Completed,Sell,LuisMedina73Mx,20113,7.11,105.00,BOB,14.76,0.00,11/07/2025 08:33:49,7193316340,S-001,Banexcoin Bolivia
2661,"11/07/2025 09:24:41, UTC -04:00",Completed,Sell,PabloMunoz57Max,20127,1.36,20.00,BOB,14.72,0.00,11/07/2025 09:25:11,7193494410,S-001,Banexcoin Bolivia
2667,"11/07/2025 10:32:15, UTC -04:00",Completed,Sell,LuisMedina73Mx,20113,7.15,105.00,BOB,14.69,0.00,11/07/2025 10:32:30,7193792560,S-001,Banexcoin Bolivia
2673,"11/07/2025 10:41:33, UTC -04:00",Completed,Sell,JoseMendoza542025,20200,1.97,29.00,BOB,14.69,0.00,11/07/2025 10:41:48,7193835580,S-001,Banexcoin Bolivia
2674,"11/07/2025 10:55:05, UTC -04:00",Completed,Sell,JoseMendoza542025,20200,0.48,7.00,BOB,14.69,0.00,11/07/2025 10:55:39,7193901670,S-001,Banexcoin Bolivia
2675,"11/07/2025 11:00:15, UTC -04:00",Completed,Sell,MariaFlores93Max,10006,21.92,322.00,BOB,14.69,0.00,11/07/2025 11:00:41,7193924420,S-001,Banexcoin Bolivia
2676,"11/07/2025 11:01:11, UTC -04:00",Completed,Sell,PabloMunoz57Max,20127,5.79,85.00,BOB,14.69,0.00,11/07/2025 11:01:25,236329920,S-001,Banexcoin Bolivia
2677,"11/07/2025 11:05:05, UTC -04:00",Completed,Sell,AndresVega17Pro,10086,25.87,380.00,BOB,14.69,0.00,11/07/2025 11:05:19,7193946390,S-001,Banexcoin Bolivia
2679,"11/07/2025 11:11:26, UTC -04:00",Completed,Sell,RosaFernandez56Ar,20020,0.34,5.00,BOB,14.69,0.00,11/07/2025 11:12:00,7193977590,S-001,Banexcoin Bolivia
2680,"11/07/2025 11:24:28, UTC -04:00",Completed,Sell,RosaFernandez56Ar,20020,8.17,120.00,BOB,14.68,0.00,11/07/2025 11:24:44,7194039750,S-001,Banexcoin Bolivia
2698,"11/07/2025 11:46:36, UTC -04:00",Completed,Sell,ClaudiaAguilar852025,20138,0.07,1.00,BOB,14.56,0.00,11/07/2025 11:47:07,7194149510,S-001,Banexcoin Bolivia
2716,"11/07/2025 13:55:04, UTC -04:00",Completed,Sell,SandraRamirez19Ec,20063,0.68,10.00,BOB,14.62,0.00,11/07/2025 13:55:19,7194849530,S-001,Banexcoin Bolivia
2718,"11/07/2025 13:55:30, UTC -04:00",Completed,Sell,JoseMendoza542025,20200,7.25,106.00,BOB,14.63,0.00,11/07/2025 13:55:45,7194851600,S-001,Banexcoin Bolivia
2720,"11/07/2025 14:19:45, UTC -04:00",Completed,Sell,LuisMedina73Mx,20113,7.18,105.00,BOB,14.62,0.00,11/07/2025 14:20:28,7194963820,S-001,Banexcoin Bolivia
2721,"11/07/2025 14:22:14, UTC -04:00",Completed,Sell,JoseMendoza542025,20200,1.03,15.00,BOB,14.62,0.00,11/07/2025 18:08:04,7194972910,S-001,Banexcoin Bolivia
2724,"11/07/2025 14:30:17, UTC -04:00",Completed,Sell,ClaudiaAguilar852025,20138,0.68,10.00,BOB,14.62,0.00,11/07/2025 14:31:03,7195013260,S-001,Banexcoin Bolivia
2726,"11/07/2025 14:34:14, UTC -04:00",Completed,Sell,ClaudiaAguilar852025,20138,0.35,5.14,BOB,14.63,0.00,11/07/2025 14:34:31,7195029170,S-001,Banexcoin Bolivia
2730,"11/07/2025 14:49:19, UTC -04:00",Completed,Sell,CarolinaRuiz352024,20098,0.34,5.00,BOB,14.63,0.00,11/07/2025 14:49:51,7195099240,S-001,Banexcoin Bolivia
2738,"11/07/2025 15:30:04, UTC -04:00",Completed,Sell,VictorFernandez452024,10001,0.34,5.00,BOB,14.61,0.00,11/07/2025 15:30:19,236440980,S-001,Banexcoin Bolivia
2752,"11/07/2025 16:25:11, UTC -04:00",Completed,Sell,ElenaMoreno57Max,20149,24.65,359.99,BOB,14.60,0.00,11/07/2025 16:25:22,7195558150,S-001,Banexcoin Bolivia
2753,"11/07/2025 16:26:02, UTC -04:00",Completed,Sell,ElenaMoreno57Max,20149,24.65,359.99,BOB,14.60,0.00,11/07/2025 16:26:20,7195563000,S-001,Banexcoin Bolivia
2755,"11/07/2025 16:29:55, UTC -04:00",Completed,Sell,ElenaMoreno57Max,20149,1.57,22.99,BOB,14.61,0.00,11/07/2025 16:30:28,7195583010,S-001,Banexcoin Bolivia
2756,"11/07/2025 16:31:34, UTC -04:00",Completed,Sell,ElenaMoreno57Max,20149,0.51,7.49,BOB,14.61,0.00,11/07/2025 16:31:46,7195590870,S-001,Banexcoin Bolivia
2759,"11/07/2025 17:10:16, UTC -04:00",Completed,Sell,LuisMedina73Mx,20113,7.18,105.00,BOB,14.62,0.00,11/07/2025 17:11:22,7195788340,S-001,Banexcoin Bolivia
2760,"11/07/2025 17:14:39, UTC -04:00",Completed,Sell,ElenaMoreno57Max,20149,24.63,359.99,BOB,14.62,0.00,11/07/2025 17:15:06,7195807210,S-001,Banexcoin Bolivia
2767,"11/07/2025 17:57:48, UTC -04:00",Completed,Sell,ElenaMoreno57Max,20149,24.64,359.99,BOB,14.61,0.00,11/07/2025 17:58:00,7195915060,S-001,Banexcoin Bolivia
2769,"11/07/2025 17:58:55, UTC -04:00",Completed,Sell,ElenaMoreno57Max,20149,10.26,149.99,BOB,14.61,0.00,11/07/2025 17:59:06,7195921810,S-001,Banexcoin Bolivia
2771,"11/07/2025 17:59:25, UTC -04:00",Completed,Sell,CristinaSuarez852025,10003,171.02,"2,500.00",BOB,14.62,0.00,11/07/2025 18:00:04,7195927290,S-001,Banexcoin Bolivia
2772,"11/07/2025 18:02:25, UTC -04:00",Completed,Sell,ElenaMoreno57Max,20149,1.57,22.99,BOB,14.62,0.00,11/07/2025 18:03:22,7195944950,S-001,Banexcoin Bolivia
2774,"11/07/2025 18:14:17, UTC -04:00",Completed,Sell,AntonioSanchez14Max,10027,7.32,107.00,BOB,14.63,0.00,11/07/2025 18:14:29,7196010310,S-001,Banexcoin Bolivia
2786,"11/07/2025 19:38:49, UTC -04:00",Completed,Sell,ElenaMoreno57Max,20149,0.51,7.49,BOB,14.61,0.00,11/07/2025 19:39:00,7196452960,S-001,Banexcoin Bolivia
2796,"11/07/2025 20:04:57, UTC -04:00",Completed,Sell,CristinaSuarez852025,10003,8.90,130.00,BOB,14.61,0.00,11/07/2025 20:05:19,7196583180,S-001,Banexcoin Bolivia
2798,"11/07/2025 20:26:25, UTC -04:00",Completed,Sell,ElenaMoreno57Max,20149,1.57,22.99,BOB,14.60,0.00,11/07/2025 20:26:36,7196680720,S-001,Banexcoin Bolivia
2799,"11/07/2025 20:27:30, UTC -04:00",Completed,Sell,ElenaMoreno57Max,20149,5.20,75.99,BOB,14.60,0.00,11/07/2025 20:27:42,7196685740,S-001,Banexcoin Bolivia
2800,"11/07/2025 20:29:14, UTC -04:00",Completed,Sell,ElenaMoreno57Max,20149,10.27,149.99,BOB,14.60,0.00,11/07/2025 20:29:25,7196692990,S-001,Banexcoin Bolivia
2807,"11/07/2025 21:11:17, UTC -04:00",Completed,Sell,CarolinaMartinez50Pe,20017,0.82,12.00,BOB,14.58,0.00,11/07/2025 21:11:36,7196868320,S-001,Banexcoin Bolivia
2809,"11/07/2025 21:28:25, UTC -04:00",Completed,Sell,ElenaMoreno57Max,20149,0.51,7.49,BOB,14.60,0.00,11/07/2025 21:28:35,7196931250,S-001,Banexcoin Bolivia
2810,"11/07/2025 21:32:04, UTC -04:00",Completed,Sell,ElenaMoreno57Max,20149,2.60,37.99,BOB,14.60,0.00,11/07/2025 21:32:15,7196944100,S-001,Banexcoin Bolivia
2811,"11/07/2025 21:34:21, UTC -04:00",Completed,Sell,ElenaMoreno57Max,20149,24.65,359.99,BOB,14.60,0.00,11/07/2025 21:34:31,7196952350,S-001,Banexcoin Bolivia
2812,"11/07/2025 21:36:55, UTC -04:00",Completed,Sell,MariaDominguez65Mx,20137,6.78,99.00,BOB,14.60,0.00,11/07/2025 21:37:13,7196962740,S-001,Banexcoin Bolivia
2816,"11/07/2025 21:43:02, UTC -04:00",Completed,Sell,MariaFlores93Max,10006,2.60,38.00,BOB,14.60,0.00,11/07/2025 21:43:34,7196985110,S-001,Banexcoin Bolivia
2820,"11/07/2025 22:16:52, UTC -04:00",Completed,Sell,JoseMendoza542025,20200,10.96,160.00,BOB,14.60,0.00,11/07/2025 22:17:05,7197092650,S-001,Banexcoin Bolivia
2824,"11/07/2025 22:52:01, UTC -04:00",Completed,Sell,ElenaMoreno57Max,20149,0.51,7.49,BOB,14.59,0.00,11/07/2025 22:52:11,7197185240,S-001,Banexcoin Bolivia
2828,"11/07/2025 23:18:31, UTC -04:00",Completed,Sell,MariaMendoza93Pe,20124,6.85,100.00,BOB,14.59,0.00,11/07/2025 23:18:58,7197241540,S-001,Banexcoin Bolivia
2830,"11/07/2025 23:20:56, UTC -04:00",Completed,Sell,ElenaMoreno57Max,20149,5.21,75.99,BOB,14.59,0.00,11/07/2025 23:21:06,7197245570,S-001,Banexcoin Bolivia
2831,"11/07/2025 23:41:37, UTC -04:00",Completed,Sell,ElenaMoreno57Max,20149,10.29,149.99,BOB,14.58,0.00,11/07/2025 23:41:47,7197282540,S-001,Banexcoin Bolivia
2832,"11/07/2025 23:43:07, UTC -04:00",Completed,Sell,ElenaMoreno57Max,20149,0.51,7.49,BOB,14.58,0.00,11/07/2025 23:43:17,7197284870,S-001,Banexcoin Bolivia
2834,"11/07/2025 23:50:24, UTC -04:00",Completed,Sell,ElenaMoreno57Max,20149,2.61,37.99,BOB,14.58,0.00,11/07/2025 23:50:33,7197295720,S-001,Banexcoin Bolivia
2835,"11/07/2025 23:52:37, UTC -04:00",Completed,Sell,ElenaMoreno57Max,20149,10.29,149.99,BOB,14.58,0.00,11/07/2025 23:52:48,7197298390,S-001,Banexcoin Bolivia
2836,"11/07/2025 23:54:07, UTC -04:00",Completed,Sell,ElenaMoreno57Max,20149,10.28,149.99,BOB,14.58,0.00,11/07/2025 23:54:18,7197300320,S-001,Banexcoin Bolivia
2841,"12/07/2025 00:02:57, UTC -04:00",Completed,Sell,ElenaMoreno57Max,20149,5.22,75.99,BOB,14.55,0.00,12/07/2025 00:03:08,7197305460,S-001,Banexcoin Bolivia
2846,"12/07/2025 00:34:36, UTC -04:00",Completed,Sell,ElenaMoreno57Max,20149,0.51,7.49,BOB,14.58,0.00,12/07/2025 00:34:48,7197339170,S-001,Banexcoin Bolivia
2847,"12/07/2025 00:41:51, UTC -04:00",Completed,Sell,ElenaMoreno57Max,20149,2.61,37.99,BOB,14.57,0.00,12/07/2025 00:42:04,7197346200,S-001,Banexcoin Bolivia
2848,"12/07/2025 00:50:06, UTC -04:00",Completed,Sell,ElenaMoreno57Max,20149,1.58,22.99,BOB,14.57,0.00,12/07/2025 00:50:16,7197353200,S-001,Banexcoin Bolivia
2849,"12/07/2025 01:21:59, UTC -04:00",Completed,Sell,ElenaMoreno57Max,20149,1.58,22.99,BOB,14.57,0.00,12/07/2025 01:22:12,7197377530,S-001,Banexcoin Bolivia
2850,"12/07/2025 01:37:09, UTC -04:00",Completed,Sell,ElenaMoreno57Max,20149,5.22,75.99,BOB,14.57,0.00,12/07/2025 01:37:20,7197387350,S-001,Banexcoin Bolivia
2852,"12/07/2025 02:31:55, UTC -04:00",Completed,Sell,ElenaMoreno57Max,20149,5.22,75.99,BOB,14.55,0.00,12/07/2025 02:32:05,7197415910,S-001,Banexcoin Bolivia
2867,"12/07/2025 03:02:12, UTC -04:00",Completed,Sell,VictorHerrera31Co,20132,0.21,3.00,BOB,14.52,0.00,12/07/2025 03:02:36,7197428090,S-001,Banexcoin Bolivia
2868,"12/07/2025 03:03:24, UTC -04:00",Completed,Sell,VictorHerrera31Co,20132,2.79,40.50,BOB,14.52,0.00,12/07/2025 03:03:36,7197428510,S-001,Banexcoin Bolivia
2884,"12/07/2025 09:43:38, UTC -04:00",Completed,Sell,JoseMendoza542025,20200,0.69,10.00,BOB,14.52,0.00,12/07/2025 09:43:50,7197806720,S-001,Banexcoin Bolivia
2885,"12/07/2025 10:19:37, UTC -04:00",Completed,Sell,MonicaMorales62Co,20062,16.82,243.00,BOB,14.44,0.00,12/07/2025 10:20:02,7197959790,S-001,Banexcoin Bolivia
2898,"12/07/2025 10:47:56, UTC -04:00",Completed,Sell,CristinaSuarez852025,10003,19.36,280.00,BOB,14.46,0.00,12/07/2025 10:48:13,236677570,S-001,Banexcoin Bolivia
2899,"12/07/2025 10:54:26, UTC -04:00",Completed,Sell,PabloMunoz57Max,20127,7.85,113.61,BOB,14.47,0.00,12/07/2025 10:54:39,7198127030,S-001,Banexcoin Bolivia
2907,"12/07/2025 11:28:44, UTC -04:00",Completed,Sell,ElenaMoreno57Max,20149,24.82,359.99,BOB,14.51,0.00,12/07/2025 11:28:55,7198310030,S-001,Banexcoin Bolivia
2909,"12/07/2025 11:35:10, UTC -04:00",Completed,Sell,ElenaMoreno57Max,20149,0.52,7.49,BOB,14.51,0.00,12/07/2025 11:35:21,7198343730,S-001,Banexcoin Bolivia
2910,"12/07/2025 11:36:43, UTC -04:00",Completed,Sell,ElenaMoreno57Max,20149,5.24,75.99,BOB,14.51,0.00,12/07/2025 11:36:55,7198351890,S-001,Banexcoin Bolivia
2913,"12/07/2025 11:39:28, UTC -04:00",Completed,Sell,AlbertoLeon10007,10008,8.28,120.00,BOB,14.50,0.00,12/07/2025 11:39:53,7198367400,S-001,Banexcoin Bolivia
2914,"12/07/2025 11:39:56, UTC -04:00",Completed,Sell,ElenaMoreno57Max,20149,2.62,37.99,BOB,14.50,0.00,12/07/2025 11:40:11,7198369060,S-001,Banexcoin Bolivia
2915,"12/07/2025 11:47:27, UTC -04:00",Completed,Sell,ElenaMoreno57Max,20149,24.84,359.99,BOB,14.49,0.00,12/07/2025 11:47:37,7198409220,S-001,Banexcoin Bolivia
2916,"12/07/2025 11:50:18, UTC -04:00",Completed,Sell,AlbertoLeon10007,10008,34.49,500.00,BOB,14.50,0.00,12/07/2025 11:50:44,7198425910,S-001,Banexcoin Bolivia
2921,"12/07/2025 12:28:09, UTC -04:00",Completed,Sell,ElenaMoreno57Max,20149,2.62,37.99,BOB,14.50,0.00,12/07/2025 12:28:21,7198635820,S-001,Banexcoin Bolivia
2922,"12/07/2025 12:30:32, UTC -04:00",Completed,Sell,LuciaNavarro90Cl,20042,13.66,198.00,BOB,14.50,0.00,12/07/2025 12:30:45,7198649510,S-001,Banexcoin Bolivia
2923,"12/07/2025 12:34:42, UTC -04:00",Completed,Sell,LuciaNavarro90Cl,20042,16.90,245.00,BOB,14.50,0.00,12/07/2025 12:34:56,7198673490,S-001,Banexcoin Bolivia
2924,"12/07/2025 13:16:54, UTC -04:00",Completed,Sell,ElenaMoreno57Max,20149,5.25,75.99,BOB,14.47,0.00,12/07/2025 13:17:05,7198918560,S-001,Banexcoin Bolivia
2927,"12/07/2025 13:39:32, UTC -04:00",Completed,Sell,MartaSoto702024,20165,0.97,14.00,BOB,14.47,0.00,12/07/2025 13:39:59,7199044670,S-001,Banexcoin Bolivia
2931,"12/07/2025 14:05:20, UTC -04:00",Completed,Sell,AlbertoLeon10007,10008,22.97,333.00,BOB,14.50,0.00,12/07/2025 14:05:36,7199177030,S-001,Banexcoin Bolivia
2932,"12/07/2025 14:24:06, UTC -04:00",Completed,Sell,MariaFlores93Max,10006,2.05,29.70,BOB,14.52,0.00,12/07/2025 14:24:23,7199268190,S-001,Banexcoin Bolivia
2945,"12/07/2025 15:02:31, UTC -04:00",Completed,Sell,JoseMendoza542025,20200,5.18,75.00,BOB,14.48,0.00,12/07/2025 15:02:52,7199451120,S-001,Banexcoin Bolivia
2961,"12/07/2025 16:52:02, UTC -04:00",Completed,Sell,ElenaMoreno57Max,20149,2.62,37.99,BOB,14.50,0.00,12/07/2025 16:52:13,7199955830,S-001,Banexcoin Bolivia
2966,"12/07/2025 18:22:42, UTC -04:00",Completed,Sell,ElenaMoreno57Max,20149,2.62,37.99,BOB,14.51,0.00,12/07/2025 18:22:55,7200376430,S-001,Banexcoin Bolivia
2967,"12/07/2025 18:39:44, UTC -04:00",Completed,Sell,JoseMendoza542025,20200,0.69,10.00,BOB,14.51,0.00,12/07/2025 18:39:58,7200458330,S-001,Banexcoin Bolivia
2970,"12/07/2025 19:28:02, UTC -04:00",Completed,Sell,EduardoTorres25456,20064,0.97,14.00,BOB,14.49,0.00,12/07/2025 19:28:24,7200689870,S-001,Banexcoin Bolivia
2971,"12/07/2025 19:37:52, UTC -04:00",Completed,Sell,ElenaMoreno57Max,20149,2.62,37.99,BOB,14.49,0.00,12/07/2025 19:38:02,7200734300,S-001,Banexcoin Bolivia
2972,"12/07/2025 19:47:04, UTC -04:00",Completed,Sell,ElenaMoreno57Max,20149,1.59,22.99,BOB,14.49,0.00,12/07/2025 19:47:15,7200776620,S-001,Banexcoin Bolivia
2982,"12/07/2025 20:20:16, UTC -04:00",Completed,Sell,ElenaMoreno57Max,20149,0.52,7.49,BOB,14.49,0.00,12/07/2025 20:20:30,7200925250,S-001,Banexcoin Bolivia
2983,"12/07/2025 20:22:41, UTC -04:00",Completed,Sell,JoseMendoza542025,20200,1.34,19.40,BOB,14.49,0.00,12/07/2025 20:22:58,7200936180,S-001,Banexcoin Bolivia
2989,"12/07/2025 21:03:48, UTC -04:00",Completed,Sell,ElenaMoreno57Max,20149,10.35,149.99,BOB,14.49,0.00,12/07/2025 21:04:00,7201107880,S-001,Banexcoin Bolivia
2990,"12/07/2025 21:04:57, UTC -04:00",Completed,Sell,ElenaMoreno57Max,20149,1.59,22.99,BOB,14.49,0.00,12/07/2025 21:05:08,7201112310,S-001,Banexcoin Bolivia
2994,"12/07/2025 22:09:00, UTC -04:00",Completed,Sell,JoseMendoza542025,20200,26.78,388.00,BOB,14.49,0.00,12/07/2025 22:09:13,7201337920,S-001,Banexcoin Bolivia
2995,"12/07/2025 22:21:48, UTC -04:00",Completed,Sell,ElenaMoreno57Max,20149,5.25,75.99,BOB,14.49,0.00,12/07/2025 22:22:00,7201376720,S-001,Banexcoin Bolivia
3004,"13/07/2025 00:22:09, UTC -04:00",Completed,Sell,ElenaMoreno57Max,20149,10.36,149.99,BOB,14.48,0.00,13/07/2025 00:22:19,7201599630,S-001,Banexcoin Bolivia
3005,"13/07/2025 00:23:39, UTC -04:00",Completed,Sell,ElenaMoreno57Max,20149,24.87,359.99,BOB,14.48,0.00,13/07/2025 00:23:49,7201601760,S-001,Banexcoin Bolivia
3006,"13/07/2025 00:25:04, UTC -04:00",Completed,Sell,ElenaMoreno57Max,20149,5.25,75.99,BOB,14.48,0.00,13/07/2025 00:25:15,7201603370,S-001,Banexcoin Bolivia
3007,"13/07/2025 00:28:15, UTC -04:00",Completed,Sell,ElenaMoreno57Max,20149,24.87,359.99,BOB,14.48,0.00,13/07/2025 00:28:27,7201607010,S-001,Banexcoin Bolivia
3008,"13/07/2025 00:29:04, UTC -04:00",Completed,Sell,ElenaMoreno57Max,20149,24.87,359.99,BOB,14.48,0.00,13/07/2025 00:29:16,7201607970,S-001,Banexcoin Bolivia
3043,"13/07/2025 09:19:24, UTC -04:00",Completed,Sell,MariaMendoza93Pe,20124,137.92,"2,000.00",BOB,14.50,0.00,13/07/2025 09:19:39,7202072260,S-001,Banexcoin Bolivia
3048,"13/07/2025 09:45:19, UTC -04:00",Completed,Sell,MariaMendoza93Pe,20124,13.79,200.00,BOB,14.50,0.00,13/07/2025 09:45:51,7202140720,S-001,Banexcoin Bolivia
3049,"13/07/2025 10:27:29, UTC -04:00",Completed,Sell,ElenaMoreno57Max,20149,2.62,37.99,BOB,14.49,0.00,13/07/2025 10:27:42,7202270700,S-001,Banexcoin Bolivia
3052,"13/07/2025 10:42:44, UTC -04:00",Completed,Sell,ElenaMoreno57Max,20149,2.62,37.99,BOB,14.50,0.00,13/07/2025 10:42:57,7202323880,S-001,Banexcoin Bolivia
3056,"13/07/2025 10:52:51, UTC -04:00",Completed,Sell,PatriciaGutierrez74Pro,20048,0.34,5.00,BOB,14.51,0.00,13/07/2025 10:53:08,7202359730,S-001,Banexcoin Bolivia
3061,"13/07/2025 11:08:38, UTC -04:00",Completed,Sell,ElenaMoreno57Max,20149,1.59,22.99,BOB,14.50,0.00,13/07/2025 11:08:48,7202417570,S-001,Banexcoin Bolivia
3062,"13/07/2025 11:46:34, UTC -04:00",Completed,Sell,VeronicaVega74Cl,20054,0.69,10.00,BOB,14.52,0.00,13/07/2025 11:46:50,7202559630,S-001,Banexcoin Bolivia
3081,"13/07/2025 13:57:14, UTC -04:00",Completed,Sell,ElenaMoreno57Max,20149,24.84,359.99,BOB,14.49,0.00,13/07/2025 13:57:34,7203093710,S-001,Banexcoin Bolivia
3088,"13/07/2025 15:11:01, UTC -04:00",Completed,Sell,RosaAguilar50Cl,10029,57.65,835.20,BOB,14.49,0.00,13/07/2025 15:11:53,7203387770,S-001,Banexcoin Bolivia
3089,"13/07/2025 15:29:12, UTC -04:00",Completed,Sell,ElenaMoreno57Max,20149,5.24,75.99,BOB,14.50,0.00,13/07/2025 15:29:24,7203447830,S-001,Banexcoin Bolivia
3090,"13/07/2025 15:32:53, UTC -04:00",Completed,Sell,IsabelMunoz76Max,20141,0.21,3.00,BOB,14.50,0.00,13/07/2025 15:33:10,7203460630,S-001,Banexcoin Bolivia
3091,"13/07/2025 15:33:48, UTC -04:00",Completed,Sell,ElenaMoreno57Max,20149,5.24,75.99,BOB,14.51,0.00,13/07/2025 15:33:58,7203463260,S-001,Banexcoin Bolivia
3092,"13/07/2025 15:37:29, UTC -04:00",Completed,Sell,ElenaMoreno57Max,20149,5.24,75.99,BOB,14.51,0.00,13/07/2025 15:37:40,7203476210,S-001,Banexcoin Bolivia
3093,"13/07/2025 16:39:55, UTC -04:00",Completed,Sell,ElenaMoreno57Max,20149,10.33,149.99,BOB,14.51,0.00,13/07/2025 16:40:07,7203677690,S-001,Banexcoin Bolivia
3094,"13/07/2025 16:41:43, UTC -04:00",Completed,Sell,ElenaMoreno57Max,20149,0.52,7.49,BOB,14.51,0.00,13/07/2025 16:41:55,7203683100,S-001,Banexcoin Bolivia
3095,"13/07/2025 16:44:13, UTC -04:00",Completed,Sell,ElenaMoreno57Max,20149,2.62,37.99,BOB,14.51,0.00,13/07/2025 16:44:25,7203690250,S-001,Banexcoin Bolivia
3100,"13/07/2025 17:19:42, UTC -04:00",Completed,Sell,ElenaMoreno57Max,20149,5.23,75.99,BOB,14.52,0.00,13/07/2025 17:19:53,7203792810,S-001,Banexcoin Bolivia
3103,"13/07/2025 17:21:43, UTC -04:00",Completed,Sell,ElenaMoreno57Max,20149,2.62,37.99,BOB,14.52,0.00,13/07/2025 17:21:53,7203799190,S-001,Banexcoin Bolivia
3104,"13/07/2025 17:23:03, UTC -04:00",Completed,Sell,ElenaMoreno57Max,20149,1.58,22.99,BOB,14.52,0.00,13/07/2025 17:23:13,7203803570,S-001,Banexcoin Bolivia
3105,"13/07/2025 17:24:58, UTC -04:00",Completed,Sell,ElenaMoreno57Max,20149,5.23,75.99,BOB,14.52,0.00,13/07/2025 17:25:11,7203809610,S-001,Banexcoin Bolivia
3106,"13/07/2025 17:28:18, UTC -04:00",Completed,Sell,ElenaMoreno57Max,20149,2.62,37.99,BOB,14.52,0.00,13/07/2025 17:28:29,7203820420,S-001,Banexcoin Bolivia
3107,"13/07/2025 17:28:37, UTC -04:00",Completed,Sell,PabloBlanco44456,10025,4.13,60.00,BOB,14.52,0.00,13/07/2025 17:28:49,7203821510,S-001,Banexcoin Bolivia
3108,"13/07/2025 17:31:49, UTC -04:00",Completed,Sell,ElenaMoreno57Max,20149,5.23,75.99,BOB,14.52,0.00,13/07/2025 17:32:07,7203832730,S-001,Banexcoin Bolivia
3109,"13/07/2025 17:35:14, UTC -04:00",Completed,Sell,ElenaMoreno57Max,20149,2.62,37.99,BOB,14.52,0.00,13/07/2025 17:35:26,7203843420,S-001,Banexcoin Bolivia
3110,"13/07/2025 17:36:28, UTC -04:00",Completed,Sell,ElenaMoreno57Max,20149,0.52,7.49,BOB,14.52,0.00,13/07/2025 17:36:40,7203847480,S-001,Banexcoin Bolivia
3111,"13/07/2025 17:38:25, UTC -04:00",Completed,Sell,ElenaMoreno57Max,20149,1.58,22.99,BOB,14.52,0.00,13/07/2025 17:38:36,7203853990,S-001,Banexcoin Bolivia
3112,"13/07/2025 17:59:21, UTC -04:00",Completed,Sell,ElenaMoreno57Max,20149,2.62,37.99,BOB,14.52,0.00,13/07/2025 17:59:33,7203921410,S-001,Banexcoin Bolivia
3113,"13/07/2025 18:00:10, UTC -04:00",Completed,Sell,ElenaMoreno57Max,20149,1.58,22.99,BOB,14.52,0.00,13/07/2025 18:00:21,7203924110,S-001,Banexcoin Bolivia
3114,"13/07/2025 18:01:46, UTC -04:00",Completed,Sell,ElenaMoreno57Max,20149,10.33,149.99,BOB,14.52,0.00,13/07/2025 18:01:57,7203929780,S-001,Banexcoin Bolivia
3115,"13/07/2025 18:03:21, UTC -04:00",Completed,Sell,ElenaMoreno57Max,20149,5.23,75.99,BOB,14.52,0.00,13/07/2025 18:03:33,7203934960,S-001,Banexcoin Bolivia
3116,"13/07/2025 18:06:02, UTC -04:00",Completed,Sell,ElenaMoreno57Max,20149,2.62,37.99,BOB,14.52,0.00,13/07/2025 18:06:13,7203943620,S-001,Banexcoin Bolivia
3117,"13/07/2025 18:07:28, UTC -04:00",Completed,Sell,ElenaMoreno57Max,20149,1.58,22.99,BOB,14.52,0.00,13/07/2025 18:07:39,7203948120,S-001,Banexcoin Bolivia
3121,"13/07/2025 18:39:02, UTC -04:00",Completed,Sell,JoseMendoza542025,20200,1.79,26.00,BOB,14.52,0.00,13/07/2025 18:39:14,7204051890,S-001,Banexcoin Bolivia
3124,"13/07/2025 18:54:57, UTC -04:00",Completed,Sell,ElenaMoreno57Max,20149,5.23,75.99,BOB,14.52,0.00,13/07/2025 18:55:09,7204106070,S-001,Banexcoin Bolivia
3125,"13/07/2025 19:04:11, UTC -04:00",Completed,Sell,ElenaMoreno57Max,20149,24.79,359.99,BOB,14.52,0.00,13/07/2025 19:04:22,7204138120,S-001,Banexcoin Bolivia
3126,"13/07/2025 19:37:44, UTC -04:00",Completed,Sell,ElenaMoreno57Max,20149,10.33,149.99,BOB,14.52,0.00,13/07/2025 19:37:57,7204253580,S-001,Banexcoin Bolivia
3127,"13/07/2025 19:42:19, UTC -04:00",Completed,Sell,ElenaMoreno57Max,20149,24.78,359.99,BOB,14.53,0.00,13/07/2025 19:42:29,7204268810,S-001,Banexcoin Bolivia
3128,"13/07/2025 19:46:47, UTC -04:00",Completed,Sell,ElenaMoreno57Max,20149,24.78,359.99,BOB,14.53,0.00,13/07/2025 19:47:00,7204284110,S-001,Banexcoin Bolivia
3129,"13/07/2025 19:54:09, UTC -04:00",Completed,Sell,ElenaMoreno57Max,20149,5.23,75.99,BOB,14.53,0.00,13/07/2025 19:54:22,7204308570,S-001,Banexcoin Bolivia
3133,"13/07/2025 20:11:13, UTC -04:00",Completed,Sell,ElenaMoreno57Max,20149,10.32,149.99,BOB,14.53,0.00,13/07/2025 20:11:25,7204362340,S-001,Banexcoin Bolivia
3134,"13/07/2025 20:12:34, UTC -04:00",Completed,Sell,ElenaMoreno57Max,20149,1.58,22.99,BOB,14.53,0.00,13/07/2025 20:12:45,7204366820,S-001,Banexcoin Bolivia
3136,"13/07/2025 20:33:44, UTC -04:00",Completed,Sell,ElenaMoreno57Max,20149,10.32,149.99,BOB,14.53,0.00,13/07/2025 20:33:56,7204431300,S-001,Banexcoin Bolivia
3137,"13/07/2025 20:38:21, UTC -04:00",Completed,Sell,CristinaSuarez852025,10003,0.69,10.00,BOB,14.53,0.00,13/07/2025 20:39:08,7204446840,S-001,Banexcoin Bolivia
3143,"13/07/2025 21:00:25, UTC -04:00",Completed,Sell,EduardoHernandez84456,20079,6.18,90.00,BOB,14.55,0.00,13/07/2025 21:01:27,7204513090,S-001,Banexcoin Bolivia
3147,"13/07/2025 21:48:38, UTC -04:00",Completed,Sell,EduardoHernandez84456,20079,2.89,42.10,BOB,14.59,0.00,13/07/2025 21:48:51,7204638360,S-001,Banexcoin Bolivia
3148,"13/07/2025 21:53:52, UTC -04:00",Completed,Sell,EduardoHernandez84456,20079,1.99,29.00,BOB,14.58,0.00,13/07/2025 21:54:05,7204650440,S-001,Banexcoin Bolivia
3149,"13/07/2025 22:04:35, UTC -04:00",Completed,Sell,ElenaMoreno57Max,20149,24.67,359.99,BOB,14.59,0.00,13/07/2025 22:04:48,7204674650,S-001,Banexcoin Bolivia
3154,"14/07/2025 00:26:27, UTC -04:00",Completed,Sell,ElenaMoreno57Max,20149,10.28,149.99,BOB,14.59,0.00,14/07/2025 00:26:40,7204853960,S-001,Banexcoin Bolivia
3165,"14/07/2025 10:49:38, UTC -04:00",Completed,Sell,JoseHerrera27Pro,20182,2.97,43.00,BOB,14.50,0.00,14/07/2025 10:49:54,237268020,S-001,Banexcoin Bolivia
3166,"14/07/2025 10:51:25, UTC -04:00",Completed,Sell,ElenaMoreno57Max,20149,1.59,22.99,BOB,14.50,0.00,14/07/2025 10:51:36,7205654190,S-001,Banexcoin Bolivia
3167,"14/07/2025 10:56:49, UTC -04:00",Completed,Sell,JoseMendoza542025,20200,0.55,8.00,BOB,14.53,0.00,14/07/2025 10:57:02,7205677730,S-001,Banexcoin Bolivia
3169,"14/07/2025 11:08:59, UTC -04:00",Completed,Sell,ElenaMoreno57Max,20149,1.58,22.99,BOB,14.53,0.00,14/07/2025 11:09:13,7205732700,S-001,Banexcoin Bolivia
3170,"14/07/2025 11:09:15, UTC -04:00",Completed,Sell,EduardoHernandez84456,20079,1.38,20.00,BOB,14.53,0.00,14/07/2025 11:09:37,7205734710,S-001,Banexcoin Bolivia
3175,"14/07/2025 11:28:20, UTC -04:00",Completed,Sell,SandraRamirez19Ec,20063,28.91,420.00,BOB,14.53,0.00,14/07/2025 11:28:38,7205824530,S-001,Banexcoin Bolivia
3178,"14/07/2025 11:44:12, UTC -04:00",Completed,Sell,ElenaMoreno57Max,20149,24.82,359.99,BOB,14.50,0.00,14/07/2025 11:44:22,7205901390,S-001,Banexcoin Bolivia
3179,"14/07/2025 11:44:17, UTC -04:00",Completed,Sell,LuciaNavarro90Cl,20042,2.41,35.00,BOB,14.50,0.00,14/07/2025 11:44:30,7205902000,S-001,Banexcoin Bolivia
3180,"14/07/2025 12:04:56, UTC -04:00",Completed,Sell,ElenaMoreno57Max,20149,5.24,75.99,BOB,14.51,0.00,14/07/2025 12:05:07,7206003880,S-001,Banexcoin Bolivia
3181,"14/07/2025 12:07:23, UTC -04:00",Completed,Sell,EduardoHernandez84456,20079,3.31,48.00,BOB,14.51,0.00,14/07/2025 12:07:39,7206017210,S-001,Banexcoin Bolivia
3190,"14/07/2025 13:10:17, UTC -04:00",Completed,Sell,IsabelMunoz76Max,20141,1.38,20.00,BOB,14.47,0.00,14/07/2025 13:10:40,7206341920,S-001,Banexcoin Bolivia
3195,"14/07/2025 13:32:29, UTC -04:00",Completed,Sell,JoseMendoza542025,20200,5.79,84.00,BOB,14.51,0.00,14/07/2025 13:32:41,7206458520,S-001,Banexcoin Bolivia
3198,"14/07/2025 14:24:05, UTC -04:00",Completed,Sell,ElenaMoreno57Max,20149,1.59,22.99,BOB,14.48,0.00,14/07/2025 14:24:15,7206682370,S-001,Banexcoin Bolivia
3199,"14/07/2025 14:35:03, UTC -04:00",Completed,Sell,ElenaMoreno57Max,20149,2.62,37.99,BOB,14.48,0.00,14/07/2025 14:35:14,7206730530,S-001,Banexcoin Bolivia
3200,"14/07/2025 14:47:41, UTC -04:00",Completed,Sell,AndresVega17Pro,10086,152.00,"2,200.00",BOB,14.47,0.00,14/07/2025 14:47:53,7206787240,S-001,Banexcoin Bolivia
3211,"14/07/2025 15:58:07, UTC -04:00",Completed,Sell,ElenaMoreno57Max,20149,10.34,149.99,BOB,14.51,0.00,14/07/2025 15:58:18,7207105870,S-001,Banexcoin Bolivia
3213,"14/07/2025 16:28:11, UTC -04:00",Completed,Sell,ElenaMoreno57Max,20149,1.58,22.99,BOB,14.51,0.00,14/07/2025 16:28:25,7207244250,S-001,Banexcoin Bolivia
3215,"14/07/2025 17:02:03, UTC -04:00",Completed,Sell,ElenaMoreno57Max,20149,5.23,75.99,BOB,14.52,0.00,14/07/2025 17:02:15,7207406370,S-001,Banexcoin Bolivia
3216,"14/07/2025 17:07:04, UTC -04:00",Completed,Sell,IsabelMunoz76Max,20141,0.17,2.50,BOB,14.52,0.00,14/07/2025 17:07:23,7207431410,S-001,Banexcoin Bolivia
3217,"14/07/2025 17:51:13, UTC -04:00",Completed,Sell,AndresOrtega34Max,20090,3.45,50.00,BOB,14.51,0.00,14/07/2025 17:51:51,7207651890,S-001,Banexcoin Bolivia
3218,"14/07/2025 18:05:53, UTC -04:00",Completed,Sell,ElenaMoreno57Max,20149,10.33,149.99,BOB,14.52,0.00,14/07/2025 18:06:03,7207722510,S-001,Banexcoin Bolivia
3219,"14/07/2025 18:42:27, UTC -04:00",Completed,Sell,LuciaNavarro90Cl,20042,20.69,300.00,BOB,14.50,0.00,14/07/2025 18:42:43,7207911220,S-001,Banexcoin Bolivia
3221,"14/07/2025 18:53:53, UTC -04:00",Completed,Sell,EduardoHernandez84456,20079,2.14,31.10,BOB,14.51,0.00,14/07/2025 18:54:06,237471200,S-001,Banexcoin Bolivia
3230,"14/07/2025 20:55:05, UTC -04:00",Completed,Sell,EduardoHernandez84456,20079,10.33,150.00,BOB,14.52,0.00,14/07/2025 20:55:19,237484260,S-001,Banexcoin Bolivia
3231,"14/07/2025 21:00:31, UTC -04:00",Completed,Sell,MiguelAlvarez302024,20006,2.07,30.00,BOB,14.52,0.00,14/07/2025 21:00:47,7208331500,S-001,Banexcoin Bolivia
3234,"14/07/2025 21:32:44, UTC -04:00",Completed,Sell,EduardoHernandez84456,20079,1.03,15.00,BOB,14.52,0.00,14/07/2025 21:32:57,7208446970,S-001,Banexcoin Bolivia
3235,"14/07/2025 21:33:22, UTC -04:00",Completed,Sell,VictorFernandez452024,10001,0.07,1.00,BOB,14.52,0.00,14/07/2025 21:33:39,237496040,S-001,Banexcoin Bolivia
3250,"14/07/2025 22:29:23, UTC -04:00",Completed,Sell,JoseMendoza542025,20200,11.23,163.00,BOB,14.51,0.00,14/07/2025 22:29:39,7208606680,S-001,Banexcoin Bolivia
3253,"14/07/2025 22:56:29, UTC -04:00",Completed,Sell,ElenaMoreno57Max,20149,10.34,149.99,BOB,14.51,0.00,14/07/2025 22:56:40,7208663880,S-001,Banexcoin Bolivia
3254,"14/07/2025 22:58:20, UTC -04:00",Completed,Sell,ElenaMoreno57Max,20149,1.58,22.99,BOB,14.51,0.00,14/07/2025 22:58:34,7208667710,S-001,Banexcoin Bolivia
3255,"14/07/2025 22:59:04, UTC -04:00",Completed,Sell,ElenaMoreno57Max,20149,1.58,22.99,BOB,14.51,0.00,14/07/2025 22:59:15,7208668770,S-001,Banexcoin Bolivia
3256,"14/07/2025 23:03:03, UTC -04:00",Completed,Sell,JuanDiaz56123,20191,1.59,22.99,BOB,14.50,0.00,14/07/2025 23:03:45,7208676270,S-001,Banexcoin Bolivia
3262,"15/07/2025 01:14:21, UTC -04:00",Completed,Sell,AnaTorres85Ec,20180,0.50,7.23,BOB,14.47,0.00,15/07/2025 01:14:47,7208761740,S-001,Banexcoin Bolivia
3263,"15/07/2025 03:19:27, UTC -04:00",Completed,Sell,ElenaMoreno57Max,20149,24.92,359.99,BOB,14.44,0.00,15/07/2025 03:19:40,7208785000,S-001,Banexcoin Bolivia
3264,"15/07/2025 04:38:24, UTC -04:00",Completed,Sell,IsabelMunoz76Max,20141,1.38,20.00,BOB,14.46,0.00,15/07/2025 04:38:40,237526380,S-001,Banexcoin Bolivia
3268,"15/07/2025 07:56:27, UTC -04:00",Completed,Sell,VictorHernandez22456,20176,0.07,1.00,BOB,14.52,0.00,15/07/2025 07:57:17,7208934040,S-001,Banexcoin Bolivia
3271,"15/07/2025 08:30:57, UTC -04:00",Completed,Sell,SilviaDiaz65Bo,20144,4.83,70.00,BOB,14.48,0.00,15/07/2025 08:31:12,7209028110,S-001,Banexcoin Bolivia
3276,"15/07/2025 08:57:09, UTC -04:00",Completed,Sell,GabrielSuarez76Bo,20087,0.34,5.00,BOB,14.50,0.00,15/07/2025 08:58:09,7209113760,S-001,Banexcoin Bolivia
3278,"15/07/2025 09:21:27, UTC -04:00",Completed,Sell,LuciaNavarro90Cl,20042,6.89,100.00,BOB,14.51,0.00,15/07/2025 09:21:44,7209202720,S-001,Banexcoin Bolivia
3279,"15/07/2025 09:26:30, UTC -04:00",Completed,Sell,FernandoCruz93Pro,20055,2.07,30.00,BOB,14.51,0.00,15/07/2025 09:26:51,7209222830,S-001,Banexcoin Bolivia
3282,"15/07/2025 09:44:56, UTC -04:00",Completed,Sell,ManuelRomero362025,20175,0.68,9.80,BOB,14.50,0.00,15/07/2025 09:45:35,7209296710,S-001,Banexcoin Bolivia
3285,"15/07/2025 10:29:45, UTC -04:00",Completed,Sell,EduardoHernandez84456,20079,0.69,10.00,BOB,14.47,0.00,15/07/2025 10:30:03,7209512900,S-001,Banexcoin Bolivia
3290,"15/07/2025 10:33:09, UTC -04:00",Completed,Sell,GabrielSuarez76Bo,20087,49.63,718.00,BOB,14.47,0.00,15/07/2025 10:33:38,7209529820,S-001,Banexcoin Bolivia
3293,"15/07/2025 10:35:29, UTC -04:00",Completed,Sell,EduardoHernandez84456,20079,41.51,600.00,BOB,14.45,0.00,15/07/2025 10:35:48,237597410,S-001,Banexcoin Bolivia
3301,"15/07/2025 10:40:55, UTC -04:00",Completed,Sell,JoseMendoza542025,20200,20.77,300.00,BOB,14.45,0.00,15/07/2025 10:41:42,237599910,S-001,Banexcoin Bolivia
3318,"15/07/2025 11:31:45, UTC -04:00",Completed,Sell,AlbertoSoto78Pro,20184,4.15,60.00,BOB,14.46,0.00,15/07/2025 11:32:02,7209815360,S-001,Banexcoin Bolivia
3319,"15/07/2025 11:43:36, UTC -04:00",Completed,Sell,EduardoHernandez84456,20079,0.69,10.00,BOB,14.46,0.00,15/07/2025 11:43:49,7209876580,S-001,Banexcoin Bolivia
3321,"15/07/2025 11:47:43, UTC -04:00",Completed,Sell,JoseMendoza542025,20200,10.44,151.00,BOB,14.46,0.00,15/07/2025 11:47:57,7209897280,S-001,Banexcoin Bolivia
3322,"15/07/2025 12:13:21, UTC -04:00",Completed,Sell,EduardoHernandez84456,20079,3.66,53.00,BOB,14.46,0.00,15/07/2025 12:13:34,7210047090,S-001,Banexcoin Bolivia
3326,"15/07/2025 12:35:15, UTC -04:00",Completed,Sell,SofiaCastillo98Pe,20130,236.56,"3,421.00",BOB,14.46,0.00,15/07/2025 12:35:53,7210172270,S-001,Banexcoin Bolivia
3327,"15/07/2025 13:04:38, UTC -04:00",Completed,Sell,MonicaVega49Cl,20037,0.28,4.00,BOB,14.45,0.00,15/07/2025 13:05:47,7210332070,S-001,Banexcoin Bolivia
3331,"15/07/2025 13:33:03, UTC -04:00",Completed,Sell,SofiaCastillo98Pe,20130,10.39,150.00,BOB,14.44,0.00,15/07/2025 13:33:18,7210469000,S-001,Banexcoin Bolivia
3333,"15/07/2025 13:38:11, UTC -04:00",Completed,Sell,LuciaNavarro90Cl,20042,3.25,47.00,BOB,14.44,0.00,15/07/2025 13:38:24,7210493320,S-001,Banexcoin Bolivia
3339,"15/07/2025 13:44:18, UTC -04:00",Completed,Sell,VictorFernandez452024,10001,0.14,2.00,BOB,14.44,0.00,15/07/2025 13:44:30,237685390,S-001,Banexcoin Bolivia
3341,"15/07/2025 15:09:07, UTC -04:00",Completed,Sell,EduardoHernandez84456,20079,1.87,27.00,BOB,14.41,0.00,15/07/2025 15:09:22,7210911200,S-001,Banexcoin Bolivia
3342,"15/07/2025 15:09:41, UTC -04:00",Completed,Sell,ElenaMoreno57Max,20149,2.64,37.99,BOB,14.41,0.00,15/07/2025 15:09:56,7210913820,S-001,Banexcoin Bolivia
3344,"15/07/2025 15:26:53, UTC -04:00",Completed,Sell,ElenaMoreno57Max,20149,5.28,75.99,BOB,14.39,0.00,15/07/2025 15:27:07,7211000280,S-001,Banexcoin Bolivia
3345,"15/07/2025 15:45:37, UTC -04:00",Completed,Sell,MariaMendoza93Pe,20124,34.72,500.00,BOB,14.40,0.00,15/07/2025 15:45:56,7211098170,S-001,Banexcoin Bolivia
3347,"15/07/2025 16:15:05, UTC -04:00",Completed,Sell,EduardoHernandez84456,20079,1.80,26.00,BOB,14.43,0.00,15/07/2025 16:15:19,7211246810,S-001,Banexcoin Bolivia
3348,"15/07/2025 18:16:02, UTC -04:00",Completed,Sell,LuciaNavarro90Cl,20042,7.71,111.50,BOB,14.46,0.00,15/07/2025 18:16:14,7211857730,S-001,Banexcoin Bolivia
3349,"15/07/2025 18:26:30, UTC -04:00",Completed,Sell,LuciaNavarro90Cl,20042,4.15,60.00,BOB,14.45,0.00,15/07/2025 18:26:43,7211914300,S-001,Banexcoin Bolivia
3350,"15/07/2025 18:42:01, UTC -04:00",Completed,Sell,ElenaMoreno57Max,20149,24.91,359.99,BOB,14.45,0.00,15/07/2025 18:42:28,7211997060,S-001,Banexcoin Bolivia
3351,"15/07/2025 18:47:40, UTC -04:00",Completed,Sell,ElenaMoreno57Max,20149,1.59,22.99,BOB,14.46,0.00,15/07/2025 18:47:50,7212026820,S-001,Banexcoin Bolivia
3352,"15/07/2025 18:49:03, UTC -04:00",Completed,Sell,ElenaMoreno57Max,20149,5.26,75.99,BOB,14.46,0.00,15/07/2025 18:49:18,7212035260,S-001,Banexcoin Bolivia
3353,"15/07/2025 18:55:10, UTC -04:00",Completed,Sell,ElenaMoreno57Max,20149,5.26,75.99,BOB,14.46,0.00,15/07/2025 18:55:20,7212068320,S-001,Banexcoin Bolivia
3355,"15/07/2025 19:35:28, UTC -04:00",Completed,Sell,LuciaNavarro90Cl,20042,14.03,203.00,BOB,14.47,0.00,15/07/2025 19:35:44,7212285700,S-001,Banexcoin Bolivia
3357,"15/07/2025 20:13:22, UTC -04:00",Completed,Sell,ElenaMoreno57Max,20149,2.62,37.99,BOB,14.48,0.00,15/07/2025 20:13:34,7212476560,S-001,Banexcoin Bolivia
3358,"15/07/2025 20:27:45, UTC -04:00",Completed,Sell,ManuelRomero362025,20175,15.33,222.00,BOB,14.48,0.00,15/07/2025 20:29:04,7212543960,S-001,Banexcoin Bolivia
3363,"15/07/2025 20:35:06, UTC -04:00",Completed,Sell,ElenaMoreno57Max,20149,24.86,359.99,BOB,14.48,0.00,15/07/2025 20:35:21,7212570130,S-001,Banexcoin Bolivia
3366,"15/07/2025 20:55:34, UTC -04:00",Completed,Sell,ElenaMoreno57Max,20149,24.81,359.99,BOB,14.51,0.00,15/07/2025 20:55:48,7212651690,S-001,Banexcoin Bolivia
3367,"15/07/2025 21:04:15, UTC -04:00",Completed,Sell,ElenaMoreno57Max,20149,5.25,75.99,BOB,14.48,0.00,15/07/2025 21:04:26,7212684730,S-001,Banexcoin Bolivia
3371,"15/07/2025 21:43:57, UTC -04:00",Completed,Sell,ElenaMoreno57Max,20149,1.59,22.99,BOB,14.50,0.00,15/07/2025 21:44:08,7212824280,S-001,Banexcoin Bolivia
3372,"15/07/2025 21:46:31, UTC -04:00",Completed,Sell,ElenaMoreno57Max,20149,2.62,37.99,BOB,14.49,0.00,15/07/2025 21:46:46,7212832900,S-001,Banexcoin Bolivia
3377,"15/07/2025 22:24:06, UTC -04:00",Completed,Sell,ElenaMoreno57Max,20149,5.25,75.99,BOB,14.48,0.00,15/07/2025 22:24:18,7212939880,S-001,Banexcoin Bolivia
3378,"15/07/2025 22:31:34, UTC -04:00",Completed,Sell,JoseMendoza542025,20200,10.50,152.00,BOB,14.48,0.00,15/07/2025 22:32:00,7212959190,S-001,Banexcoin Bolivia
3381,"15/07/2025 22:47:35, UTC -04:00",Completed,Sell,ElenaMoreno57Max,20149,5.25,75.99,BOB,14.48,0.00,15/07/2025 22:47:47,7212996050,S-001,Banexcoin Bolivia
3382,"15/07/2025 22:53:05, UTC -04:00",Completed,Sell,ElenaMoreno57Max,20149,2.62,37.99,BOB,14.48,0.00,15/07/2025 22:53:15,7213008010,S-001,Banexcoin Bolivia
3383,"16/07/2025 03:10:00, UTC -04:00",Completed,Sell,ElenaMoreno57Max,20149,1.60,22.99,BOB,14.38,0.00,16/07/2025 03:10:14,7213174700,S-001,Banexcoin Bolivia
3403,"16/07/2025 09:58:31, UTC -04:00",Completed,Sell,JoseMendoza542025,20200,0.48,7.00,BOB,14.46,0.00,16/07/2025 09:58:44,7213753070,S-001,Banexcoin Bolivia
3404,"16/07/2025 09:59:27, UTC -04:00",Completed,Sell,EduardoHernandez84456,20079,1.45,21.00,BOB,14.46,0.00,16/07/2025 09:59:44,7213757440,S-001,Banexcoin Bolivia
3427,"16/07/2025 12:36:02, UTC -04:00",Completed,Sell,ElenaMoreno57Max,20149,24.96,359.99,BOB,14.42,0.00,16/07/2025 12:36:18,7214506450,S-001,Banexcoin Bolivia
3431,"16/07/2025 14:33:55, UTC -04:00",Completed,Sell,JoseMendoza542025,20200,12.61,182.00,BOB,14.43,0.00,16/07/2025 14:34:11,7215059400,S-001,Banexcoin Bolivia
3433,"16/07/2025 15:05:21, UTC -04:00",Completed,Sell,ElenaMoreno57Max,20149,24.99,359.99,BOB,14.41,0.00,16/07/2025 15:05:36,7215196880,S-001,Banexcoin Bolivia
3436,"16/07/2025 15:07:38, UTC -04:00",Completed,Sell,ElenaMoreno57Max,20149,24.99,359.99,BOB,14.41,0.00,16/07/2025 15:08:00,7215208150,S-001,Banexcoin Bolivia
3437,"16/07/2025 15:19:11, UTC -04:00",Completed,Sell,PedroTorres902024,20183,1.11,16.00,BOB,14.41,0.00,16/07/2025 15:19:25,7215259530,S-001,Banexcoin Bolivia
3441,"16/07/2025 15:24:47, UTC -04:00",Completed,Sell,SofiaCastillo98Pe,20130,1.67,24.00,BOB,14.41,0.00,16/07/2025 15:24:59,7215285230,S-001,Banexcoin Bolivia
3442,"16/07/2025 15:25:44, UTC -04:00",Completed,Sell,SofiaCastillo98Pe,20130,0.69,10.00,BOB,14.41,0.00,16/07/2025 15:25:57,7215289900,S-001,Banexcoin Bolivia
3443,"16/07/2025 15:44:52, UTC -04:00",Completed,Sell,AlbertoLeon10007,10008,20.82,300.00,BOB,14.41,0.00,16/07/2025 15:45:28,238108580,S-001,Banexcoin Bolivia
3444,"16/07/2025 16:03:46, UTC -04:00",Completed,Sell,ElenaMoreno57Max,20149,5.27,75.99,BOB,14.42,0.00,16/07/2025 16:04:03,7215463690,S-001,Banexcoin Bolivia
3445,"16/07/2025 16:04:56, UTC -04:00",Completed,Sell,ElenaMoreno57Max,20149,2.63,37.99,BOB,14.43,0.00,16/07/2025 16:05:09,7215469150,S-001,Banexcoin Bolivia
3446,"16/07/2025 16:11:29, UTC -04:00",Completed,Sell,ElenaMoreno57Max,20149,24.97,359.99,BOB,14.42,0.00,16/07/2025 16:11:45,7215500690,S-001,Banexcoin Bolivia
3447,"16/07/2025 16:12:37, UTC -04:00",Completed,Sell,ElenaMoreno57Max,20149,24.96,359.99,BOB,14.42,0.00,16/07/2025 16:12:51,7215505260,S-001,Banexcoin Bolivia
3448,"16/07/2025 16:13:46, UTC -04:00",Completed,Sell,ElenaMoreno57Max,20149,1.59,22.99,BOB,14.42,0.00,16/07/2025 16:14:07,7215510830,S-001,Banexcoin Bolivia
3449,"16/07/2025 16:16:17, UTC -04:00",Completed,Sell,ElenaMoreno57Max,20149,0.52,7.49,BOB,14.42,0.00,16/07/2025 16:16:31,7215522000,S-001,Banexcoin Bolivia
3450,"16/07/2025 16:17:20, UTC -04:00",Completed,Sell,ElenaMoreno57Max,20149,0.52,7.49,BOB,14.42,0.00,16/07/2025 16:17:31,7215526960,S-001,Banexcoin Bolivia
3451,"16/07/2025 16:36:59, UTC -04:00",Completed,Sell,CristinaSuarez852025,10003,6.03,87.00,BOB,14.43,0.00,16/07/2025 16:37:18,7215625300,S-001,Banexcoin Bolivia
3452,"16/07/2025 16:44:21, UTC -04:00",Completed,Sell,EduardoCruz322025,20005,13.86,200.00,BOB,14.43,0.00,16/07/2025 16:44:41,7215661070,S-001,Banexcoin Bolivia
3454,"16/07/2025 17:30:21, UTC -04:00",Completed,Sell,ElenaMoreno57Max,20149,1.59,22.99,BOB,14.44,0.00,16/07/2025 17:30:35,7215889590,S-001,Banexcoin Bolivia
3458,"16/07/2025 17:59:54, UTC -04:00",Completed,Sell,AlbertoLeon10007,10008,17.30,250.00,BOB,14.45,0.00,16/07/2025 18:00:06,238165750,S-001,Banexcoin Bolivia
3459,"16/07/2025 18:01:15, UTC -04:00",Completed,Sell,EduardoCruz322025,20005,152.21,"2,200.00",BOB,14.45,0.00,16/07/2025 18:01:54,7216049550,S-001,Banexcoin Bolivia
3462,"16/07/2025 18:12:54, UTC -04:00",Completed,Sell,ElenaMoreno57Max,20149,1.59,22.99,BOB,14.46,0.00,16/07/2025 18:13:07,7216107300,S-001,Banexcoin Bolivia
3466,"16/07/2025 18:42:28, UTC -04:00",Completed,Sell,LuisMedina73Mx,20113,3.46,50.00,BOB,14.46,0.00,16/07/2025 18:43:16,7216261510,S-001,Banexcoin Bolivia
3468,"16/07/2025 18:46:40, UTC -04:00",Completed,Sell,LuisMedina73Mx,20113,6.22,90.00,BOB,14.46,0.00,16/07/2025 18:47:06,7216281430,S-001,Banexcoin Bolivia
3470,"16/07/2025 19:29:09, UTC -04:00",Completed,Sell,JoseMendoza542025,20200,0.90,13.00,BOB,14.46,0.00,16/07/2025 19:29:28,7216494760,S-001,Banexcoin Bolivia
3471,"16/07/2025 19:37:41, UTC -04:00",Completed,Sell,AndresVega17Pro,10086,14.25,205.90,BOB,14.45,0.00,16/07/2025 19:37:55,7216532660,S-001,Banexcoin Bolivia
3477,"16/07/2025 19:54:48, UTC -04:00",Completed,Sell,ElenaMoreno57Max,20149,2.63,37.99,BOB,14.43,0.00,16/07/2025 19:55:51,7216614110,S-001,Banexcoin Bolivia
3478,"16/07/2025 20:15:02, UTC -04:00",Completed,Sell,VictorHernandez22456,20176,0.69,10.00,BOB,14.45,0.00,16/07/2025 20:15:20,238216860,S-001,Banexcoin Bolivia
3484,"16/07/2025 21:48:36, UTC -04:00",Completed,Sell,ElenaMoreno57Max,20149,2.63,37.99,BOB,14.46,0.00,16/07/2025 21:48:46,7217039020,S-001,Banexcoin Bolivia
3485,"16/07/2025 21:50:47, UTC -04:00",Completed,Sell,ElenaMoreno57Max,20149,0.52,7.49,BOB,14.46,0.00,16/07/2025 21:51:00,7217045800,S-001,Banexcoin Bolivia
3487,"16/07/2025 22:14:31, UTC -04:00",Completed,Sell,ElenaMoreno57Max,20149,10.37,149.99,BOB,14.46,0.00,16/07/2025 22:14:41,7217112140,S-001,Banexcoin Bolivia
3490,"16/07/2025 22:53:32, UTC -04:00",Completed,Sell,JoseMendoza542025,20200,9.13,132.00,BOB,14.46,0.00,16/07/2025 22:53:47,7217199300,S-001,Banexcoin Bolivia
3491,"16/07/2025 23:09:50, UTC -04:00",Completed,Sell,ElenaMoreno57Max,20149,24.90,359.99,BOB,14.46,0.00,16/07/2025 23:10:00,7217226740,S-001,Banexcoin Bolivia
3492,"16/07/2025 23:12:11, UTC -04:00",Completed,Sell,ElenaMoreno57Max,20149,5.26,75.99,BOB,14.46,0.00,16/07/2025 23:12:26,7217230290,S-001,Banexcoin Bolivia
3497,"17/07/2025 08:35:52, UTC -04:00",Completed,Sell,MariaMendoza93Pe,20124,124.64,"1,800.00",BOB,14.44,0.00,17/07/2025 08:36:13,7217586880,S-001,Banexcoin Bolivia
3498,"17/07/2025 08:49:28, UTC -04:00",Completed,Sell,EduardoHernandez84456,20079,13.85,200.00,BOB,14.44,0.00,17/07/2025 08:50:00,7217627130,S-001,Banexcoin Bolivia
3499,"17/07/2025 09:44:00, UTC -04:00",Completed,Sell,ManuelRomero362025,20175,4.37,63.00,BOB,14.41,0.00,17/07/2025 09:44:25,7217818920,S-001,Banexcoin Bolivia
3503,"17/07/2025 11:05:35, UTC -04:00",Completed,Sell,ElenaMoreno57Max,20149,1.60,22.99,BOB,14.41,0.00,17/07/2025 11:05:50,7218159620,S-001,Banexcoin Bolivia
3504,"17/07/2025 11:10:44, UTC -04:00",Completed,Sell,ElenaMoreno57Max,20149,2.64,37.99,BOB,14.41,0.00,17/07/2025 11:11:00,7218183340,S-001,Banexcoin Bolivia
3506,"17/07/2025 11:28:53, UTC -04:00",Completed,Sell,AdrianaLopez212024,10004,0.07,1.00,BOB,14.43,0.00,17/07/2025 11:29:21,238356800,S-001,Banexcoin Bolivia
3510,"17/07/2025 11:46:16, UTC -04:00",Completed,Sell,CristinaSuarez852025,10003,0.69,10.00,BOB,14.43,0.00,17/07/2025 11:47:06,238363430,S-001,Banexcoin Bolivia
3511,"17/07/2025 11:47:39, UTC -04:00",Completed,Sell,ElenaMoreno57Max,20149,24.95,359.99,BOB,14.43,0.00,17/07/2025 11:47:50,7218351710,S-001,Banexcoin Bolivia
3523,"17/07/2025 12:01:36, UTC -04:00",Completed,Sell,GloriaCampos31123,20060,0.97,14.00,BOB,14.43,0.00,17/07/2025 12:02:07,238369660,S-001,Banexcoin Bolivia
3524,"17/07/2025 12:03:10, UTC -04:00",Completed,Sell,ElenaMoreno57Max,20149,2.63,37.99,BOB,14.43,0.00,17/07/2025 12:03:21,7218426650,S-001,Banexcoin Bolivia
3525,"17/07/2025 12:03:46, UTC -04:00",Completed,Sell,ElenaMoreno57Max,20149,1.59,22.99,BOB,14.43,0.00,17/07/2025 12:03:59,7218429890,S-001,Banexcoin Bolivia
3532,"17/07/2025 13:32:12, UTC -04:00",Completed,Sell,ElenaMoreno57Max,20149,10.40,149.99,BOB,14.42,0.00,17/07/2025 13:32:31,7218877470,S-001,Banexcoin Bolivia
3537,"17/07/2025 16:48:47, UTC -04:00",Completed,Sell,ElenaMoreno57Max,20149,5.27,75.99,BOB,14.43,0.00,17/07/2025 16:49:02,7219752480,S-001,Banexcoin Bolivia
3538,"17/07/2025 16:50:15, UTC -04:00",Completed,Sell,ElenaMoreno57Max,20149,5.27,75.99,BOB,14.43,0.00,17/07/2025 16:50:26,7219759460,S-001,Banexcoin Bolivia
3539,"17/07/2025 16:57:48, UTC -04:00",Completed,Sell,ElenaMoreno57Max,20149,24.95,359.99,BOB,14.43,0.00,17/07/2025 16:58:02,7219795950,S-001,Banexcoin Bolivia
3540,"17/07/2025 17:10:45, UTC -04:00",Completed,Sell,AlbertoLeon10007,10008,9.70,140.00,BOB,14.43,0.00,17/07/2025 17:11:03,7219858350,S-001,Banexcoin Bolivia
3544,"17/07/2025 18:54:38, UTC -04:00",Completed,Sell,ElenaMoreno57Max,20149,24.97,359.99,BOB,14.42,0.00,17/07/2025 18:55:13,7220375510,S-001,Banexcoin Bolivia
3545,"17/07/2025 18:55:39, UTC -04:00",Completed,Sell,ElenaMoreno57Max,20149,24.97,359.99,BOB,14.42,0.00,17/07/2025 18:55:49,7220378460,S-001,Banexcoin Bolivia
3546,"17/07/2025 18:56:07, UTC -04:00",Completed,Sell,ElenaMoreno57Max,20149,24.97,359.99,BOB,14.42,0.00,17/07/2025 18:56:21,7220380820,S-001,Banexcoin Bolivia
3547,"17/07/2025 18:57:37, UTC -04:00",Completed,Sell,AndresVega17Pro,10086,13.87,200.00,BOB,14.42,0.00,17/07/2025 18:57:51,7220387440,S-001,Banexcoin Bolivia
3548,"17/07/2025 18:59:20, UTC -04:00",Completed,Sell,ElenaMoreno57Max,20149,24.97,359.99,BOB,14.42,0.00,17/07/2025 18:59:33,7220395270,S-001,Banexcoin Bolivia
3549,"17/07/2025 18:59:45, UTC -04:00",Completed,Sell,ElenaMoreno57Max,20149,24.97,359.99,BOB,14.42,0.00,17/07/2025 18:59:57,7220397430,S-001,Banexcoin Bolivia
3550,"17/07/2025 19:00:11, UTC -04:00",Completed,Sell,ElenaMoreno57Max,20149,24.97,359.99,BOB,14.42,0.00,17/07/2025 19:00:21,7220399070,S-001,Banexcoin Bolivia
3553,"17/07/2025 19:02:09, UTC -04:00",Completed,Sell,ElenaMoreno57Max,20149,24.98,359.99,BOB,14.41,0.00,17/07/2025 19:02:23,7220408780,S-001,Banexcoin Bolivia
3554,"17/07/2025 19:03:17, UTC -04:00",Completed,Sell,ElenaMoreno57Max,20149,24.98,359.99,BOB,14.41,0.00,17/07/2025 19:03:30,7220414310,S-001,Banexcoin Bolivia
3555,"17/07/2025 19:04:36, UTC -04:00",Completed,Sell,ElenaMoreno57Max,20149,24.98,359.99,BOB,14.41,0.00,17/07/2025 19:05:22,7220423460,S-001,Banexcoin Bolivia
3556,"17/07/2025 19:05:41, UTC -04:00",Completed,Sell,ElenaMoreno57Max,20149,24.98,359.99,BOB,14.41,0.00,17/07/2025 19:05:52,7220425910,S-001,Banexcoin Bolivia
3557,"17/07/2025 19:06:46, UTC -04:00",Completed,Sell,ElenaMoreno57Max,20149,24.98,359.99,BOB,14.41,0.00,17/07/2025 19:06:56,7220430680,S-001,Banexcoin Bolivia
3558,"17/07/2025 19:09:30, UTC -04:00",Completed,Sell,LuciaNavarro90Cl,20042,20.47,295.00,BOB,14.41,0.00,17/07/2025 19:09:40,7220444180,S-001,Banexcoin Bolivia
3559,"17/07/2025 19:59:28, UTC -04:00",Completed,Sell,ElenaMoreno57Max,20149,24.98,359.99,BOB,14.41,0.00,17/07/2025 19:59:40,7220676350,S-001,Banexcoin Bolivia
3560,"17/07/2025 20:06:16, UTC -04:00",Completed,Sell,ElenaMoreno57Max,20149,1.59,22.99,BOB,14.41,0.00,17/07/2025 20:06:30,7220704930,S-001,Banexcoin Bolivia
3561,"17/07/2025 20:12:00, UTC -04:00",Completed,Sell,ElenaMoreno57Max,20149,24.98,359.99,BOB,14.41,0.00,17/07/2025 20:12:15,7220728230,S-001,Banexcoin Bolivia
3562,"17/07/2025 20:17:59, UTC -04:00",Completed,Sell,ElenaMoreno57Max,20149,24.98,359.99,BOB,14.41,0.00,17/07/2025 20:18:09,7220751210,S-001,Banexcoin Bolivia
3563,"17/07/2025 20:19:39, UTC -04:00",Completed,Sell,ElenaMoreno57Max,20149,24.99,359.99,BOB,14.41,0.00,17/07/2025 20:19:51,7220758000,S-001,Banexcoin Bolivia
3567,"17/07/2025 20:39:51, UTC -04:00",Completed,Sell,MariaDelgado75Ar,20083,8.95,129.00,BOB,14.42,0.00,17/07/2025 20:40:20,7220837340,S-001,Banexcoin Bolivia
3568,"17/07/2025 20:59:08, UTC -04:00",Completed,Sell,JoseMendoza542025,20200,37.60,541.96,BOB,14.41,0.00,17/07/2025 20:59:21,7220906450,S-001,Banexcoin Bolivia
3569,"17/07/2025 21:14:20, UTC -04:00",Completed,Sell,IsabelSantos822025,10089,2.08,30.00,BOB,14.41,0.00,17/07/2025 21:15:09,7220959710,S-001,Banexcoin Bolivia
3574,"17/07/2025 22:05:26, UTC -04:00",Completed,Sell,ElenaMoreno57Max,20149,10.41,149.99,BOB,14.41,0.00,17/07/2025 22:05:38,7221109350,S-001,Banexcoin Bolivia
3575,"17/07/2025 22:05:51, UTC -04:00",Completed,Sell,ElenaMoreno57Max,20149,10.41,149.99,BOB,14.41,0.00,17/07/2025 22:06:02,7221110510,S-001,Banexcoin Bolivia
3580,"17/07/2025 22:26:16, UTC -04:00",Completed,Sell,ElenaMoreno57Max,20149,5.27,75.99,BOB,14.42,0.00,17/07/2025 22:26:27,7221160730,S-001,Banexcoin Bolivia
3583,"18/07/2025 00:30:16, UTC -04:00",Completed,Sell,MariaFlores93Max,10006,9.46,136.00,BOB,14.37,0.00,18/07/2025 00:30:38,7221320510,S-001,Banexcoin Bolivia
3584,"18/07/2025 00:34:20, UTC -04:00",Completed,Sell,ElenaMoreno57Max,20149,10.44,149.99,BOB,14.36,0.00,18/07/2025 00:34:32,7221322610,S-001,Banexcoin Bolivia
3585,"18/07/2025 00:34:56, UTC -04:00",Completed,Sell,ElenaMoreno57Max,20149,10.44,149.99,BOB,14.36,0.00,18/07/2025 00:35:08,7221322950,S-001,Banexcoin Bolivia
3586,"18/07/2025 00:35:49, UTC -04:00",Completed,Sell,ElenaMoreno57Max,20149,5.29,75.99,BOB,14.36,0.00,18/07/2025 00:36:00,7221323590,S-001,Banexcoin Bolivia
3587,"18/07/2025 00:35:52, UTC -04:00",Completed,Sell,MariaFlores93Max,10006,1.74,25.00,BOB,14.36,0.00,18/07/2025 00:36:08,7221323660,S-001,Banexcoin Bolivia
3590,"18/07/2025 09:04:12, UTC -04:00",Completed,Sell,CristinaSuarez852025,10003,24.30,350.00,BOB,14.40,0.00,18/07/2025 09:04:31,7221710940,S-001,Banexcoin Bolivia
3591,"18/07/2025 09:31:15, UTC -04:00",Completed,Sell,LuciaNavarro90Cl,20042,10.56,152.00,BOB,14.39,0.00,18/07/2025 09:31:28,7221806570,S-001,Banexcoin Bolivia
3592,"18/07/2025 10:00:04, UTC -04:00",Completed,Sell,JoseMendoza542025,20200,1.04,15.00,BOB,14.37,0.00,18/07/2025 10:00:24,7221920820,S-001,Banexcoin Bolivia
3595,"18/07/2025 10:36:01, UTC -04:00",Completed,Sell,LuciaNavarro90Cl,20042,9.41,135.00,BOB,14.35,0.00,18/07/2025 10:36:11,7222073070,S-001,Banexcoin Bolivia
3596,"18/07/2025 11:02:47, UTC -04:00",Completed,Sell,JoseMendoza542025,20200,0.49,7.00,BOB,14.34,0.00,18/07/2025 11:03:00,7222194310,S-001,Banexcoin Bolivia
3597,"18/07/2025 11:12:53, UTC -04:00",Completed,Sell,LuisMedina73Mx,20113,19.52,280.00,BOB,14.34,0.00,18/07/2025 11:13:05,7222239190,S-001,Banexcoin Bolivia
3598,"18/07/2025 11:15:06, UTC -04:00",Completed,Sell,ElenaMoreno57Max,20149,2.65,37.99,BOB,14.34,0.00,18/07/2025 11:15:25,7222249440,S-001,Banexcoin Bolivia
3600,"18/07/2025 11:17:33, UTC -04:00",Completed,Sell,ElenaMoreno57Max,20149,1.60,22.99,BOB,14.34,0.00,18/07/2025 11:17:51,7222262060,S-001,Banexcoin Bolivia
3601,"18/07/2025 11:18:36, UTC -04:00",Completed,Sell,ElenaMoreno57Max,20149,10.46,149.99,BOB,14.34,0.00,18/07/2025 11:18:49,7222266560,S-001,Banexcoin Bolivia
3602,"18/07/2025 11:19:44, UTC -04:00",Completed,Sell,ElenaMoreno57Max,20149,1.60,22.99,BOB,14.34,0.00,18/07/2025 11:19:55,7222271530,S-001,Banexcoin Bolivia
3603,"18/07/2025 11:20:57, UTC -04:00",Completed,Sell,ElenaMoreno57Max,20149,10.46,149.99,BOB,14.34,0.00,18/07/2025 11:21:09,7222277160,S-001,Banexcoin Bolivia
3604,"18/07/2025 11:22:09, UTC -04:00",Completed,Sell,ElenaMoreno57Max,20149,1.60,22.99,BOB,14.34,0.00,18/07/2025 11:22:19,7222282800,S-001,Banexcoin Bolivia
3605,"18/07/2025 11:22:24, UTC -04:00",Completed,Sell,LuciaNavarro90Cl,20042,5.58,80.00,BOB,14.34,0.00,18/07/2025 11:22:39,7222284570,S-001,Banexcoin Bolivia
3606,"18/07/2025 11:37:50, UTC -04:00",Completed,Sell,ElenaMoreno57Max,20149,5.29,75.99,BOB,14.35,0.00,18/07/2025 11:38:04,7222357150,S-001,Banexcoin Bolivia
3608,"18/07/2025 12:19:04, UTC -04:00",Completed,Sell,LuciaNavarro90Cl,20042,25.11,360.00,BOB,14.34,0.00,18/07/2025 12:19:16,7222563750,S-001,Banexcoin Bolivia
3610,"18/07/2025 12:22:29, UTC -04:00",Completed,Sell,ElenaMoreno57Max,20149,2.65,37.99,BOB,14.34,0.00,18/07/2025 12:22:42,7222582700,S-001,Banexcoin Bolivia
3611,"18/07/2025 12:23:51, UTC -04:00",Completed,Sell,ElenaMoreno57Max,20149,2.65,37.99,BOB,14.34,0.00,18/07/2025 12:24:02,7222589890,S-001,Banexcoin Bolivia
3612,"18/07/2025 12:25:30, UTC -04:00",Completed,Sell,ElenaMoreno57Max,20149,25.10,359.99,BOB,14.34,0.00,18/07/2025 12:25:46,7222598390,S-001,Banexcoin Bolivia
3613,"18/07/2025 12:26:42, UTC -04:00",Completed,Sell,ElenaMoreno57Max,20149,25.11,359.99,BOB,14.34,0.00,18/07/2025 12:26:54,7222605160,S-001,Banexcoin Bolivia
3614,"18/07/2025 12:27:12, UTC -04:00",Completed,Sell,ElenaMoreno57Max,20149,25.11,359.99,BOB,14.33,0.00,18/07/2025 12:27:24,7222607590,S-001,Banexcoin Bolivia
3615,"18/07/2025 12:28:11, UTC -04:00",Completed,Sell,ElenaMoreno57Max,20149,25.11,359.99,BOB,14.33,0.00,18/07/2025 12:28:22,7222612530,S-001,Banexcoin Bolivia
3616,"18/07/2025 12:28:45, UTC -04:00",Completed,Sell,ElenaMoreno57Max,20149,25.11,359.99,BOB,14.33,0.00,18/07/2025 12:28:56,7222615550,S-001,Banexcoin Bolivia
3617,"18/07/2025 12:29:19, UTC -04:00",Completed,Sell,ElenaMoreno57Max,20149,25.11,359.99,BOB,14.33,0.00,18/07/2025 12:29:30,7222618400,S-001,Banexcoin Bolivia
3618,"18/07/2025 12:29:52, UTC -04:00",Completed,Sell,ElenaMoreno57Max,20149,25.11,359.99,BOB,14.33,0.00,18/07/2025 12:30:02,7222621210,S-001,Banexcoin Bolivia
3619,"18/07/2025 12:30:23, UTC -04:00",Completed,Sell,ElenaMoreno57Max,20149,25.11,359.99,BOB,14.33,0.00,18/07/2025 12:30:34,7222623980,S-001,Banexcoin Bolivia
3620,"18/07/2025 12:30:52, UTC -04:00",Completed,Sell,ElenaMoreno57Max,20149,25.11,359.99,BOB,14.33,0.00,18/07/2025 12:31:02,7222626510,S-001,Banexcoin Bolivia
3621,"18/07/2025 12:31:20, UTC -04:00",Completed,Sell,ElenaMoreno57Max,20149,25.13,359.99,BOB,14.33,0.00,18/07/2025 12:31:32,7222629190,S-001,Banexcoin Bolivia
3622,"18/07/2025 12:42:08, UTC -04:00",Completed,Sell,LuciaNavarro90Cl,20042,118.76,"1,700.00",BOB,14.31,0.00,18/07/2025 12:42:19,7222685120,S-001,Banexcoin Bolivia
3623,"18/07/2025 13:00:37, UTC -04:00",Completed,Sell,ElenaMoreno57Max,20149,10.51,149.99,BOB,14.27,0.00,18/07/2025 13:01:00,7222784030,S-001,Banexcoin Bolivia
3624,"18/07/2025 13:24:06, UTC -04:00",Completed,Sell,ElenaMoreno57Max,20149,2.66,37.99,BOB,14.27,0.00,18/07/2025 13:24:17,7222897970,S-001,Banexcoin Bolivia
3626,"18/07/2025 13:44:30, UTC -04:00",Completed,Sell,LuciaNavarro90Cl,20042,1.54,22.00,BOB,14.28,0.00,18/07/2025 13:44:42,7222991380,S-001,Banexcoin Bolivia
3627,"18/07/2025 14:05:59, UTC -04:00",Completed,Sell,LuciaNavarro90Cl,20042,24.66,350.00,BOB,14.19,0.00,18/07/2025 14:06:29,7223088960,S-001,Banexcoin Bolivia
3628,"18/07/2025 14:14:46, UTC -04:00",Completed,Sell,ElenaMoreno57Max,20149,5.37,75.99,BOB,14.15,0.00,18/07/2025 14:14:57,7223127370,S-001,Banexcoin Bolivia
3634,"18/07/2025 15:23:44, UTC -04:00",Completed,Sell,LuciaNavarro90Cl,20042,18.99,270.00,BOB,14.22,0.00,18/07/2025 15:23:58,7223440960,S-001,Banexcoin Bolivia
3636,"18/07/2025 15:41:11, UTC -04:00",Completed,Sell,CristinaSuarez852025,10003,10.56,150.00,BOB,14.20,0.00,18/07/2025 15:41:27,238794770,S-001,Banexcoin Bolivia
3637,"18/07/2025 15:54:37, UTC -04:00",Completed,Sell,ElenaMoreno57Max,20149,2.68,37.99,BOB,14.19,0.00,18/07/2025 15:54:49,7223585720,S-001,Banexcoin Bolivia
3638,"18/07/2025 15:56:03, UTC -04:00",Completed,Sell,ElenaMoreno57Max,20149,25.37,359.99,BOB,14.19,0.00,18/07/2025 15:56:16,7223592090,S-001,Banexcoin Bolivia
3639,"18/07/2025 15:58:12, UTC -04:00",Completed,Sell,ElenaMoreno57Max,20149,1.62,22.99,BOB,14.19,0.00,18/07/2025 15:58:32,7223602890,S-001,Banexcoin Bolivia
3640,"18/07/2025 15:58:51, UTC -04:00",Completed,Sell,ElenaMoreno57Max,20149,2.68,37.99,BOB,14.19,0.00,18/07/2025 15:59:02,7223605530,S-001,Banexcoin Bolivia
3641,"18/07/2025 15:59:54, UTC -04:00",Completed,Sell,ElenaMoreno57Max,20149,0.53,7.49,BOB,14.19,0.00,18/07/2025 16:00:06,7223610290,S-001,Banexcoin Bolivia
3642,"18/07/2025 16:00:59, UTC -04:00",Completed,Sell,ElenaMoreno57Max,20149,0.53,7.49,BOB,14.20,0.00,18/07/2025 16:01:12,7223615730,S-001,Banexcoin Bolivia
3643,"18/07/2025 16:03:20, UTC -04:00",Completed,Sell,LuciaNavarro90Cl,20042,14.79,210.00,BOB,14.20,0.00,18/07/2025 16:03:32,7223626700,S-001,Banexcoin Bolivia
3646,"18/07/2025 16:44:01, UTC -04:00",Completed,Sell,CristinaSuarez852025,10003,7.17,102.00,BOB,14.22,0.00,18/07/2025 16:44:26,7223825150,S-001,Banexcoin Bolivia
3647,"18/07/2025 16:47:16, UTC -04:00",Completed,Sell,ElenaMoreno57Max,20149,1.61,22.99,BOB,14.24,0.00,18/07/2025 16:47:26,7223839430,S-001,Banexcoin Bolivia
3648,"18/07/2025 16:55:33, UTC -04:00",Completed,Sell,ElenaMoreno57Max,20149,2.67,37.99,BOB,14.23,0.00,18/07/2025 16:55:42,7223880450,S-001,Banexcoin Bolivia
3649,"18/07/2025 16:58:23, UTC -04:00",Completed,Sell,LuciaNavarro90Cl,20042,2.46,35.00,BOB,14.23,0.00,18/07/2025 16:58:34,7223895010,S-001,Banexcoin Bolivia
3651,"18/07/2025 17:35:44, UTC -04:00",Completed,Sell,AndresVega17Pro,10086,30.25,430.00,BOB,14.22,0.00,18/07/2025 17:35:58,7224082600,S-001,Banexcoin Bolivia
3652,"18/07/2025 17:50:55, UTC -04:00",Completed,Sell,ElenaMoreno57Max,20149,5.34,75.99,BOB,14.22,0.00,18/07/2025 17:51:07,7224161100,S-001,Banexcoin Bolivia
3653,"18/07/2025 18:14:04, UTC -04:00",Completed,Sell,ElenaMoreno57Max,20149,25.30,359.99,BOB,14.23,0.00,18/07/2025 18:14:16,7224280370,S-001,Banexcoin Bolivia
3654,"18/07/2025 18:15:40, UTC -04:00",Completed,Sell,ElenaMoreno57Max,20149,25.30,359.99,BOB,14.23,0.00,18/07/2025 18:15:52,7224288660,S-001,Banexcoin Bolivia
3655,"18/07/2025 18:16:12, UTC -04:00",Completed,Sell,ElenaMoreno57Max,20149,25.30,359.99,BOB,14.23,0.00,18/07/2025 18:16:24,7224291670,S-001,Banexcoin Bolivia
3656,"18/07/2025 18:16:44, UTC -04:00",Completed,Sell,ElenaMoreno57Max,20149,25.30,359.99,BOB,14.23,0.00,18/07/2025 18:16:56,7224294510,S-001,Banexcoin Bolivia
3657,"18/07/2025 18:17:07, UTC -04:00",Completed,Sell,ElenaMoreno57Max,20149,10.54,149.99,BOB,14.23,0.00,18/07/2025 18:17:18,7224296670,S-001,Banexcoin Bolivia
3658,"18/07/2025 19:01:55, UTC -04:00",Completed,Sell,ElenaMoreno57Max,20149,25.30,359.99,BOB,14.23,0.00,18/07/2025 19:02:06,7224532260,S-001,Banexcoin Bolivia
3660,"18/07/2025 19:28:09, UTC -04:00",Completed,Sell,ElenaMoreno57Max,20149,2.67,37.99,BOB,14.21,0.00,18/07/2025 19:28:27,7224664600,S-001,Banexcoin Bolivia
3661,"18/07/2025 20:02:16, UTC -04:00",Completed,Sell,ElenaMoreno57Max,20149,25.38,359.99,BOB,14.19,0.00,18/07/2025 20:02:29,7224826640,S-001,Banexcoin Bolivia
3663,"18/07/2025 20:04:22, UTC -04:00",Completed,Sell,ElenaMoreno57Max,20149,2.68,37.99,BOB,14.19,0.00,18/07/2025 20:04:33,7224836030,S-001,Banexcoin Bolivia
3664,"18/07/2025 20:05:19, UTC -04:00",Completed,Sell,ElenaMoreno57Max,20149,2.68,37.99,BOB,14.19,0.00,18/07/2025 20:05:31,7224840340,S-001,Banexcoin Bolivia
3666,"18/07/2025 21:24:19, UTC -04:00",Completed,Sell,CarolinaMoreno552024,20192,0.70,10.00,BOB,14.19,0.00,18/07/2025 21:24:52,238925460,S-001,Banexcoin Bolivia
3670,"18/07/2025 21:39:44, UTC -04:00",Completed,Sell,ElenaMoreno57Max,20149,1.62,22.99,BOB,14.19,0.00,18/07/2025 21:39:57,7225216730,S-001,Banexcoin Bolivia
3671,"18/07/2025 21:43:18, UTC -04:00",Completed,Sell,ElenaMoreno57Max,20149,1.62,22.99,BOB,14.19,0.00,18/07/2025 21:43:31,7225227670,S-001,Banexcoin Bolivia
3672,"18/07/2025 22:02:25, UTC -04:00",Completed,Sell,ElenaMoreno57Max,20149,25.37,359.99,BOB,14.19,0.00,18/07/2025 22:02:58,7225290520,S-001,Banexcoin Bolivia
3673,"18/07/2025 22:07:14, UTC -04:00",Completed,Sell,ElenaMoreno57Max,20149,1.62,22.99,BOB,14.19,0.00,18/07/2025 22:07:24,7225304510,S-001,Banexcoin Bolivia
3674,"18/07/2025 22:25:10, UTC -04:00",Completed,Sell,JoseMendoza542025,20200,18.26,259.00,BOB,14.18,0.00,18/07/2025 22:25:23,7225355720,S-001,Banexcoin Bolivia
3675,"18/07/2025 22:34:08, UTC -04:00",Completed,Sell,ElenaMoreno57Max,20149,0.53,7.49,BOB,14.18,0.00,18/07/2025 22:34:19,7225379760,S-001,Banexcoin Bolivia
3676,"18/07/2025 22:43:23, UTC -04:00",Completed,Sell,ElenaMoreno57Max,20149,2.68,37.99,BOB,14.16,0.00,18/07/2025 22:43:48,7225403130,S-001,Banexcoin Bolivia
3681,"18/07/2025 23:02:19, UTC -04:00",Completed,Sell,ElenaMoreno57Max,20149,25.43,359.99,BOB,14.15,0.00,18/07/2025 23:02:31,7225444980,S-001,Banexcoin Bolivia
3682,"18/07/2025 23:02:52, UTC -04:00",Completed,Sell,ElenaMoreno57Max,20149,25.43,359.99,BOB,14.15,0.00,18/07/2025 23:03:13,7225446470,S-001,Banexcoin Bolivia
3683,"18/07/2025 23:03:31, UTC -04:00",Completed,Sell,ElenaMoreno57Max,20149,25.43,359.99,BOB,14.15,0.00,18/07/2025 23:03:47,7225447410,S-001,Banexcoin Bolivia
3684,"18/07/2025 23:19:32, UTC -04:00",Completed,Sell,ElenaMoreno57Max,20149,2.68,37.99,BOB,14.16,0.00,18/07/2025 23:19:51,7225478090,S-001,Banexcoin Bolivia
3685,"18/07/2025 23:20:32, UTC -04:00",Completed,Sell,ElenaMoreno57Max,20149,1.62,22.99,BOB,14.16,0.00,18/07/2025 23:20:43,7225479450,S-001,Banexcoin Bolivia
3686,"18/07/2025 23:23:50, UTC -04:00",Completed,Sell,ElenaMoreno57Max,20149,5.37,75.99,BOB,14.16,0.00,18/07/2025 23:24:02,7225485000,S-001,Banexcoin Bolivia
3687,"18/07/2025 23:39:34, UTC -04:00",Completed,Sell,ElenaMoreno57Max,20149,5.37,75.99,BOB,14.16,0.00,18/07/2025 23:39:48,7225510430,S-001,Banexcoin Bolivia
3688,"18/07/2025 23:44:05, UTC -04:00",Completed,Sell,ElenaMoreno57Max,20149,5.37,75.99,BOB,14.16,0.00,18/07/2025 23:44:18,7225517190,S-001,Banexcoin Bolivia
3693,"19/07/2025 00:02:54, UTC -04:00",Completed,Sell,ElenaMoreno57Max,20149,10.63,149.99,BOB,14.11,0.00,19/07/2025 00:03:07,7225533830,S-001,Banexcoin Bolivia
3694,"19/07/2025 00:03:34, UTC -04:00",Completed,Sell,ElenaMoreno57Max,20149,25.51,359.99,BOB,14.11,0.00,19/07/2025 00:03:49,7225534610,S-001,Banexcoin Bolivia
3695,"19/07/2025 00:04:11, UTC -04:00",Completed,Sell,ElenaMoreno57Max,20149,25.51,359.99,BOB,14.11,0.00,19/07/2025 00:04:23,7225535080,S-001,Banexcoin Bolivia
3697,"19/07/2025 00:05:38, UTC -04:00",Completed,Sell,ElenaMoreno57Max,20149,25.51,359.99,BOB,14.11,0.00,19/07/2025 00:05:51,7225536520,S-001,Banexcoin Bolivia
3698,"19/07/2025 00:07:29, UTC -04:00",Completed,Sell,ElenaMoreno57Max,20149,25.52,359.99,BOB,14.10,0.00,19/07/2025 00:07:39,7225539070,S-001,Banexcoin Bolivia
3699,"19/07/2025 00:34:34, UTC -04:00",Completed,Sell,ElenaMoreno57Max,20149,10.63,149.99,BOB,14.11,0.00,19/07/2025 00:34:47,7225565760,S-001,Banexcoin Bolivia
3700,"19/07/2025 00:37:24, UTC -04:00",Completed,Sell,ElenaMoreno57Max,20149,1.63,22.99,BOB,14.11,0.00,19/07/2025 00:37:35,7225568290,S-001,Banexcoin Bolivia
3701,"19/07/2025 00:38:34, UTC -04:00",Completed,Sell,ElenaMoreno57Max,20149,5.39,75.99,BOB,14.11,0.00,19/07/2025 00:38:45,7225569170,S-001,Banexcoin Bolivia
3702,"19/07/2025 01:00:56, UTC -04:00",Completed,Sell,ElenaMoreno57Max,20149,1.63,22.99,BOB,14.13,0.00,19/07/2025 01:01:08,7225585300,S-001,Banexcoin Bolivia
3703,"19/07/2025 01:08:30, UTC -04:00",Completed,Sell,ElenaMoreno57Max,20149,2.69,37.99,BOB,14.13,0.00,19/07/2025 01:08:40,7225590750,S-001,Banexcoin Bolivia
3704,"19/07/2025 01:41:16, UTC -04:00",Completed,Sell,JoseMendoza542025,20200,5.68,80.00,BOB,14.10,0.00,19/07/2025 01:41:30,7225609960,S-001,Banexcoin Bolivia
3705,"19/07/2025 02:09:10, UTC -04:00",Completed,Sell,JoseMendoza542025,20200,4.25,60.00,BOB,14.12,0.00,19/07/2025 02:09:35,7225623610,S-001,Banexcoin Bolivia
3706,"19/07/2025 02:47:21, UTC -04:00",Completed,Sell,JoseMendoza542025,20200,4.25,60.00,BOB,14.12,0.00,19/07/2025 02:47:33,238962820,S-001,Banexcoin Bolivia
3707,"19/07/2025 03:20:12, UTC -04:00",Completed,Sell,JoseMendoza542025,20200,4.25,60.00,BOB,14.12,0.00,19/07/2025 03:20:38,7225650700,S-001,Banexcoin Bolivia
3708,"19/07/2025 04:38:31, UTC -04:00",Completed,Sell,JoseMendoza542025,20200,1.56,22.00,BOB,14.12,0.00,19/07/2025 04:38:46,7225672640,S-001,Banexcoin Bolivia
3709,"19/07/2025 04:47:21, UTC -04:00",Completed,Sell,JoseMendoza542025,20200,2.83,40.00,BOB,14.12,0.00,19/07/2025 04:47:38,7225674650,S-001,Banexcoin Bolivia
3710,"19/07/2025 05:39:52, UTC -04:00",Completed,Sell,JoseMendoza542025,20200,1.20,17.00,BOB,14.13,0.00,19/07/2025 05:40:04,7225688250,S-001,Banexcoin Bolivia
3713,"19/07/2025 10:29:14, UTC -04:00",Completed,Sell,AndresVega17Pro,10086,10.67,150.00,BOB,14.05,0.00,19/07/2025 10:29:29,7226334090,S-001,Banexcoin Bolivia
3714,"19/07/2025 10:52:07, UTC -04:00",Completed,Sell,ElenaMoreno57Max,20149,5.40,75.99,BOB,14.08,0.00,19/07/2025 10:52:20,7226447580,S-001,Banexcoin Bolivia
3715,"19/07/2025 10:53:49, UTC -04:00",Completed,Sell,ElenaMoreno57Max,20149,2.70,37.99,BOB,14.09,0.00,19/07/2025 10:54:01,7226457230,S-001,Banexcoin Bolivia
3716,"19/07/2025 10:54:51, UTC -04:00",Completed,Sell,ElenaMoreno57Max,20149,1.63,22.99,BOB,14.09,0.00,19/07/2025 10:55:03,7226463780,S-001,Banexcoin Bolivia
3717,"19/07/2025 10:58:26, UTC -04:00",Completed,Sell,AndresVega17Pro,10086,10.65,150.00,BOB,14.08,0.00,19/07/2025 10:58:39,7226481710,S-001,Banexcoin Bolivia
3718,"19/07/2025 11:23:36, UTC -04:00",Completed,Sell,CristinaSuarez852025,10003,2.84,40.00,BOB,14.06,0.00,19/07/2025 11:24:02,7226613030,S-001,Banexcoin Bolivia
3719,"19/07/2025 11:26:01, UTC -04:00",Completed,Sell,LuciaNavarro90Cl,20042,3.56,50.00,BOB,14.06,0.00,19/07/2025 11:26:16,7226625050,S-001,Banexcoin Bolivia
3720,"19/07/2025 11:47:29, UTC -04:00",Completed,Sell,ElenaMoreno57Max,20149,25.61,359.99,BOB,14.05,0.00,19/07/2025 11:47:41,7226742640,S-001,Banexcoin Bolivia
3721,"19/07/2025 11:48:20, UTC -04:00",Completed,Sell,ElenaMoreno57Max,20149,25.61,359.99,BOB,14.05,0.00,19/07/2025 11:48:31,7226747340,S-001,Banexcoin Bolivia
3722,"19/07/2025 11:48:54, UTC -04:00",Completed,Sell,ElenaMoreno57Max,20149,25.61,359.99,BOB,14.05,0.00,19/07/2025 11:49:05,7226750250,S-001,Banexcoin Bolivia
3723,"19/07/2025 11:49:34, UTC -04:00",Completed,Sell,ElenaMoreno57Max,20149,25.61,359.99,BOB,14.05,0.00,19/07/2025 11:49:47,7226753820,S-001,Banexcoin Bolivia
3724,"19/07/2025 11:50:19, UTC -04:00",Completed,Sell,ElenaMoreno57Max,20149,25.61,359.99,BOB,14.06,0.00,19/07/2025 11:50:31,7226757340,S-001,Banexcoin Bolivia
3725,"19/07/2025 11:50:50, UTC -04:00",Completed,Sell,ElenaMoreno57Max,20149,25.61,359.99,BOB,14.06,0.00,19/07/2025 11:51:01,7226760440,S-001,Banexcoin Bolivia
3726,"19/07/2025 11:51:23, UTC -04:00",Completed,Sell,ElenaMoreno57Max,20149,25.61,359.99,BOB,14.06,0.00,19/07/2025 11:51:37,7226763640,S-001,Banexcoin Bolivia
3728,"19/07/2025 11:51:53, UTC -04:00",Completed,Sell,ElenaMoreno57Max,20149,25.61,359.99,BOB,14.06,0.00,19/07/2025 11:52:05,7226766270,S-001,Banexcoin Bolivia
3730,"19/07/2025 11:52:33, UTC -04:00",Completed,Sell,ElenaMoreno57Max,20149,25.61,359.99,BOB,14.05,0.00,19/07/2025 11:52:43,7226770000,S-001,Banexcoin Bolivia
3732,"19/07/2025 11:53:10, UTC -04:00",Completed,Sell,ElenaMoreno57Max,20149,25.60,359.99,BOB,14.06,0.00,19/07/2025 11:53:21,7226773550,S-001,Banexcoin Bolivia
3733,"19/07/2025 11:53:29, UTC -04:00",Completed,Sell,CristinaSuarez852025,10003,4.27,60.00,BOB,14.06,0.00,19/07/2025 11:53:41,7226775300,S-001,Banexcoin Bolivia
3737,"19/07/2025 11:56:27, UTC -04:00",Completed,Sell,ElenaMoreno57Max,20149,10.67,149.99,BOB,14.06,0.00,19/07/2025 11:56:43,7226791670,S-001,Banexcoin Bolivia
3738,"19/07/2025 11:57:06, UTC -04:00",Completed,Sell,ElenaMoreno57Max,20149,2.70,37.99,BOB,14.06,0.00,19/07/2025 11:57:17,7226794590,S-001,Banexcoin Bolivia
3744,"19/07/2025 12:24:54, UTC -04:00",Completed,Sell,MonicaSoto952025,20133,1.42,20.00,BOB,14.07,0.00,19/07/2025 12:26:21,7226962460,S-001,Banexcoin Bolivia
3745,"19/07/2025 12:30:40, UTC -04:00",Completed,Sell,EduardoHernandez84456,20079,3.91,55.00,BOB,14.07,0.00,19/07/2025 12:30:53,239074010,S-001,Banexcoin Bolivia
3746,"19/07/2025 12:38:42, UTC -04:00",Completed,Sell,ElenaMoreno57Max,20149,5.40,75.99,BOB,14.08,0.00,19/07/2025 12:38:53,7227037690,S-001,Banexcoin Bolivia
3747,"19/07/2025 12:40:06, UTC -04:00",Completed,Sell,ElenaMoreno57Max,20149,2.70,37.99,BOB,14.08,0.00,19/07/2025 12:40:25,7227047080,S-001,Banexcoin Bolivia
3753,"19/07/2025 12:42:18, UTC -04:00",Completed,Sell,ElenaMoreno57Max,20149,2.70,37.99,BOB,14.08,0.00,19/07/2025 12:42:29,7227059930,S-001,Banexcoin Bolivia
3754,"19/07/2025 12:43:24, UTC -04:00",Completed,Sell,ElenaMoreno57Max,20149,1.63,22.99,BOB,14.08,0.00,19/07/2025 12:43:35,7227066300,S-001,Banexcoin Bolivia
3755,"19/07/2025 12:44:32, UTC -04:00",Completed,Sell,ElenaMoreno57Max,20149,25.57,359.99,BOB,14.08,0.00,19/07/2025 12:44:43,7227072970,S-001,Banexcoin Bolivia
3756,"19/07/2025 12:46:36, UTC -04:00",Completed,Sell,ElenaMoreno57Max,20149,2.70,37.99,BOB,14.08,0.00,19/07/2025 12:46:47,7227085720,S-001,Banexcoin Bolivia
3757,"19/07/2025 13:00:55, UTC -04:00",Completed,Sell,ElenaMoreno57Max,20149,2.70,37.99,BOB,14.08,0.00,19/07/2025 13:01:08,7227173760,S-001,Banexcoin Bolivia
3759,"19/07/2025 13:11:22, UTC -04:00",Completed,Sell,ElenaMoreno57Max,20149,2.70,37.99,BOB,14.09,0.00,19/07/2025 13:11:53,7227233020,S-001,Banexcoin Bolivia
3760,"19/07/2025 13:12:17, UTC -04:00",Completed,Sell,VeronicaVega74Cl,20054,1.28,18.00,BOB,14.09,0.00,19/07/2025 13:12:35,7227237700,S-001,Banexcoin Bolivia
3761,"19/07/2025 13:12:38, UTC -04:00",Completed,Sell,ElenaMoreno57Max,20149,5.39,75.99,BOB,14.09,0.00,19/07/2025 13:12:51,7227239390,S-001,Banexcoin Bolivia
3762,"19/07/2025 13:19:38, UTC -04:00",Completed,Sell,ElenaMoreno57Max,20149,1.63,22.99,BOB,14.11,0.00,19/07/2025 13:19:53,7227279040,S-001,Banexcoin Bolivia
3764,"19/07/2025 14:30:29, UTC -04:00",Completed,Sell,ElenaMoreno57Max,20149,10.64,149.99,BOB,14.10,0.00,19/07/2025 14:30:40,7227640220,S-001,Banexcoin Bolivia
3765,"19/07/2025 14:33:29, UTC -04:00",Completed,Sell,EduardoHernandez84456,20079,1.21,17.00,BOB,14.10,0.00,19/07/2025 14:33:44,7227654810,S-001,Banexcoin Bolivia
3766,"19/07/2025 15:04:01, UTC -04:00",Completed,Sell,CarolinaMoreno552024,20192,0.71,10.00,BOB,14.09,0.00,19/07/2025 15:04:36,239136200,S-001,Banexcoin Bolivia
3768,"19/07/2025 16:01:05, UTC -04:00",Completed,Sell,ElenaMoreno57Max,20149,1.63,22.99,BOB,14.11,0.00,19/07/2025 16:01:16,7228061240,S-001,Banexcoin Bolivia
3769,"19/07/2025 16:03:05, UTC -04:00",Completed,Sell,ElenaMoreno57Max,20149,5.39,75.99,BOB,14.11,0.00,19/07/2025 16:03:16,7228070250,S-001,Banexcoin Bolivia
3770,"19/07/2025 16:07:46, UTC -04:00",Completed,Sell,ElenaMoreno57Max,20149,0.53,7.49,BOB,14.10,0.00,19/07/2025 16:08:00,7228092640,S-001,Banexcoin Bolivia
3771,"19/07/2025 16:11:52, UTC -04:00",Completed,Sell,ElenaMoreno57Max,20149,5.39,75.99,BOB,14.11,0.00,19/07/2025 16:12:09,7228111930,S-001,Banexcoin Bolivia
3772,"19/07/2025 16:15:07, UTC -04:00",Completed,Sell,PaulaMunoz77Pro,20043,1.77,25.00,BOB,14.11,0.00,19/07/2025 16:15:21,7228126110,S-001,Banexcoin Bolivia
3773,"19/07/2025 16:34:19, UTC -04:00",Completed,Sell,EduardoHernandez84456,20079,10.07,142.00,BOB,14.10,0.00,19/07/2025 16:34:34,7228213050,S-001,Banexcoin Bolivia
3774,"19/07/2025 17:09:53, UTC -04:00",Completed,Sell,LauraNavarro21Mx,20094,0.07,1.00,BOB,14.12,0.00,19/07/2025 17:10:17,7228378230,S-001,Banexcoin Bolivia
3777,"19/07/2025 17:16:26, UTC -04:00",Completed,Sell,LauraNavarro21Mx,20094,0.93,13.15,BOB,14.14,0.00,19/07/2025 17:16:45,7228408850,S-001,Banexcoin Bolivia
3781,"19/07/2025 17:26:16, UTC -04:00",Completed,Sell,BeatrizSuarez11Ec,10076,49.35,698.00,BOB,14.14,0.00,19/07/2025 17:26:36,239185720,S-001,Banexcoin Bolivia
3783,"19/07/2025 17:48:16, UTC -04:00",Completed,Sell,ElenaMoreno57Max,20149,25.45,359.99,BOB,14.14,0.00,19/07/2025 17:48:27,7228556520,S-001,Banexcoin Bolivia
3784,"19/07/2025 17:49:30, UTC -04:00",Completed,Sell,ElenaMoreno57Max,20149,1.63,22.99,BOB,14.14,0.00,19/07/2025 17:49:41,7228562300,S-001,Banexcoin Bolivia
3785,"19/07/2025 17:54:43, UTC -04:00",Completed,Sell,PaulaMunoz77Pro,20043,9.19,130.00,BOB,14.14,0.00,19/07/2025 17:55:07,7228587660,S-001,Banexcoin Bolivia
3786,"19/07/2025 18:00:01, UTC -04:00",Completed,Sell,ElenaMoreno57Max,20149,10.60,149.99,BOB,14.15,0.00,19/07/2025 18:00:16,7228610400,S-001,Banexcoin Bolivia
3789,"19/07/2025 18:11:07, UTC -04:00",Completed,Sell,CarlosSerrano59Es,20027,6.36,90.00,BOB,14.15,0.00,19/07/2025 18:11:26,7228664120,S-001,Banexcoin Bolivia
3790,"19/07/2025 18:13:53, UTC -04:00",Completed,Sell,ElenaMoreno57Max,20149,2.68,37.99,BOB,14.15,0.00,19/07/2025 18:14:04,7228677130,S-001,Banexcoin Bolivia
3791,"19/07/2025 18:16:42, UTC -04:00",Completed,Sell,ElenaMoreno57Max,20149,2.68,37.99,BOB,14.15,0.00,19/07/2025 18:17:10,7228691530,S-001,Banexcoin Bolivia
3794,"19/07/2025 19:20:33, UTC -04:00",Completed,Sell,SandraRamirez19Ec,20063,19.09,270.00,BOB,14.15,0.00,19/07/2025 19:20:53,7229002750,S-001,Banexcoin Bolivia
3795,"19/07/2025 19:25:40, UTC -04:00",Completed,Sell,ElenaMoreno57Max,20149,2.69,37.99,BOB,14.15,0.00,19/07/2025 19:25:51,7229026910,S-001,Banexcoin Bolivia
3796,"19/07/2025 19:28:35, UTC -04:00",Completed,Sell,ElenaMoreno57Max,20149,1.62,22.99,BOB,14.15,0.00,19/07/2025 19:28:47,7229040720,S-001,Banexcoin Bolivia
3797,"19/07/2025 19:39:13, UTC -04:00",Completed,Sell,ElenaMoreno57Max,20149,2.68,37.99,BOB,14.15,0.00,19/07/2025 19:39:24,7229091020,S-001,Banexcoin Bolivia
3799,"19/07/2025 20:05:39, UTC -04:00",Completed,Sell,ElenaMoreno57Max,20149,25.44,359.99,BOB,14.15,0.00,19/07/2025 20:05:51,7229212700,S-001,Banexcoin Bolivia
3800,"19/07/2025 20:10:21, UTC -04:00",Completed,Sell,ElenaMoreno57Max,20149,1.62,22.99,BOB,14.15,0.00,19/07/2025 20:10:33,7229232170,S-001,Banexcoin Bolivia
3801,"19/07/2025 20:18:51, UTC -04:00",Completed,Sell,ElenaMoreno57Max,20149,2.68,37.99,BOB,14.15,0.00,19/07/2025 20:19:06,7229270570,S-001,Banexcoin Bolivia
3807,"19/07/2025 20:39:23, UTC -04:00",Completed,Sell,ElenaMoreno57Max,20149,1.62,22.99,BOB,14.16,0.00,19/07/2025 20:39:35,7229357410,S-001,Banexcoin Bolivia
3808,"19/07/2025 20:40:45, UTC -04:00",Completed,Sell,ElenaMoreno57Max,20149,1.62,22.99,BOB,14.16,0.00,19/07/2025 20:40:55,7229362750,S-001,Banexcoin Bolivia
3813,"19/07/2025 21:29:42, UTC -04:00",Completed,Sell,JoseMendoza542025,20200,17.95,254.00,BOB,14.15,0.00,19/07/2025 21:30:21,7229551580,S-001,Banexcoin Bolivia
3816,"19/07/2025 22:38:05, UTC -04:00",Completed,Sell,MariaFlores93Max,10006,28.27,400.00,BOB,14.15,0.00,19/07/2025 22:38:28,7229759530,S-001,Banexcoin Bolivia
3817,"20/07/2025 00:21:21, UTC -04:00",Completed,Sell,ElenaMoreno57Max,20149,1.63,22.99,BOB,14.08,0.00,20/07/2025 00:21:32,7229943390,S-001,Banexcoin Bolivia
3818,"20/07/2025 00:22:30, UTC -04:00",Completed,Sell,ElenaMoreno57Max,20149,10.65,149.99,BOB,14.08,0.00,20/07/2025 00:22:41,7229944540,S-001,Banexcoin Bolivia
3819,"20/07/2025 03:26:39, UTC -04:00",Completed,Sell,ElenaMoreno57Max,20149,10.70,149.99,BOB,14.01,0.00,20/07/2025 03:26:51,7230090980,S-001,Banexcoin Bolivia
3823,"20/07/2025 10:27:07, UTC -04:00",Completed,Sell,JoseMendoza542025,20200,0.71,10.00,BOB,14.17,0.00,20/07/2025 10:27:22,7230598380,S-001,Banexcoin Bolivia
3825,"20/07/2025 11:18:31, UTC -04:00",Completed,Sell,EduardoHernandez84456,20079,3.52,50.00,BOB,14.19,0.00,20/07/2025 11:18:46,7230778630,S-001,Banexcoin Bolivia
3827,"20/07/2025 11:37:53, UTC -04:00",Completed,Sell,CarolinaMoreno552024,20192,1.41,20.00,BOB,14.19,0.00,20/07/2025 11:38:35,239364740,S-001,Banexcoin Bolivia
3828,"20/07/2025 11:41:29, UTC -04:00",Completed,Sell,RosaAguilar50Cl,10029,3.31,47.00,BOB,14.19,0.00,20/07/2025 11:41:47,239365620,S-001,Banexcoin Bolivia
3836,"20/07/2025 12:38:13, UTC -04:00",Completed,Sell,ElenaMoreno57Max,20149,10.58,149.99,BOB,14.18,0.00,20/07/2025 12:38:29,7231092370,S-001,Banexcoin Bolivia
3837,"20/07/2025 12:39:09, UTC -04:00",Completed,Sell,ElenaMoreno57Max,20149,5.36,75.99,BOB,14.18,0.00,20/07/2025 12:40:18,7231100420,S-001,Banexcoin Bolivia
3838,"20/07/2025 12:41:41, UTC -04:00",Completed,Sell,ElenaMoreno57Max,20149,0.53,7.49,BOB,14.17,0.00,20/07/2025 12:41:52,7231106550,S-001,Banexcoin Bolivia
3839,"20/07/2025 12:42:48, UTC -04:00",Completed,Sell,ElenaMoreno57Max,20149,2.68,37.99,BOB,14.18,0.00,20/07/2025 12:43:00,7231110820,S-001,Banexcoin Bolivia
3840,"20/07/2025 12:45:17, UTC -04:00",Completed,Sell,ElenaMoreno57Max,20149,5.36,75.99,BOB,14.17,0.00,20/07/2025 12:45:32,7231121230,S-001,Banexcoin Bolivia
3841,"20/07/2025 12:50:27, UTC -04:00",Completed,Sell,ElenaMoreno57Max,20149,2.68,37.99,BOB,14.17,0.00,20/07/2025 12:50:38,7231142350,S-001,Banexcoin Bolivia
3844,"20/07/2025 12:56:52, UTC -04:00",Completed,Sell,JoseRubio782024,20065,7.05,100.00,BOB,14.18,0.00,20/07/2025 12:57:16,7231170300,S-001,Banexcoin Bolivia
3845,"20/07/2025 13:10:31, UTC -04:00",Completed,Sell,ElenaMoreno57Max,20149,25.39,359.99,BOB,14.18,0.00,20/07/2025 13:10:45,7231223690,S-001,Banexcoin Bolivia
3846,"20/07/2025 13:27:46, UTC -04:00",Completed,Sell,ElenaMoreno57Max,20149,2.68,37.99,BOB,14.18,0.00,20/07/2025 13:27:58,7231292050,S-001,Banexcoin Bolivia
3851,"20/07/2025 15:07:14, UTC -04:00",Completed,Sell,ElenaMoreno57Max,20149,5.36,75.99,BOB,14.18,0.00,20/07/2025 15:07:24,7231632540,S-001,Banexcoin Bolivia
3852,"20/07/2025 15:08:18, UTC -04:00",Completed,Sell,ElenaMoreno57Max,20149,1.62,22.99,BOB,14.18,0.00,20/07/2025 15:08:28,7231635960,S-001,Banexcoin Bolivia
3853,"20/07/2025 15:09:05, UTC -04:00",Completed,Sell,ElenaMoreno57Max,20149,10.58,149.99,BOB,14.18,0.00,20/07/2025 15:09:16,7231638320,S-001,Banexcoin Bolivia
3854,"20/07/2025 15:10:03, UTC -04:00",Completed,Sell,ElenaMoreno57Max,20149,1.62,22.99,BOB,14.18,0.00,20/07/2025 15:10:14,7231641120,S-001,Banexcoin Bolivia
3855,"20/07/2025 15:11:12, UTC -04:00",Completed,Sell,ElenaMoreno57Max,20149,10.58,149.99,BOB,14.18,0.00,20/07/2025 15:11:22,7231645070,S-001,Banexcoin Bolivia
3856,"20/07/2025 15:13:03, UTC -04:00",Completed,Sell,ElenaMoreno57Max,20149,5.36,75.99,BOB,14.18,0.00,20/07/2025 15:13:14,7231651020,S-001,Banexcoin Bolivia
3857,"20/07/2025 15:14:16, UTC -04:00",Completed,Sell,ElenaMoreno57Max,20149,2.68,37.99,BOB,14.18,0.00,20/07/2025 15:14:28,7231654530,S-001,Banexcoin Bolivia
3858,"20/07/2025 15:19:21, UTC -04:00",Completed,Sell,ElenaMoreno57Max,20149,10.58,149.99,BOB,14.17,0.00,20/07/2025 15:19:33,7231670930,S-001,Banexcoin Bolivia
3859,"20/07/2025 15:29:58, UTC -04:00",Completed,Sell,EduardoHernandez84456,20079,9.17,130.00,BOB,14.17,0.00,20/07/2025 15:30:15,7231704350,S-001,Banexcoin Bolivia
3860,"20/07/2025 15:32:54, UTC -04:00",Completed,Sell,ElenaMoreno57Max,20149,25.41,359.99,BOB,14.17,0.00,20/07/2025 15:33:05,7231713490,S-001,Banexcoin Bolivia
3861,"20/07/2025 15:33:23, UTC -04:00",Completed,Sell,ElenaMoreno57Max,20149,25.41,359.99,BOB,14.17,0.00,20/07/2025 15:33:37,7231715170,S-001,Banexcoin Bolivia
3862,"20/07/2025 15:34:16, UTC -04:00",Completed,Sell,ElenaMoreno57Max,20149,25.41,359.99,BOB,14.17,0.00,20/07/2025 15:34:27,7231717490,S-001,Banexcoin Bolivia
3863,"20/07/2025 15:46:46, UTC -04:00",Completed,Sell,AndresVega17Pro,10086,5.65,80.00,BOB,14.16,0.00,20/07/2025 15:46:58,7231755980,S-001,Banexcoin Bolivia
3864,"20/07/2025 15:48:25, UTC -04:00",Completed,Sell,ElenaMoreno57Max,20149,5.37,75.99,BOB,14.16,0.00,20/07/2025 15:48:36,7231760800,S-001,Banexcoin Bolivia
3865,"20/07/2025 16:29:42, UTC -04:00",Completed,Sell,ElenaMoreno57Max,20149,25.49,359.99,BOB,14.12,0.00,20/07/2025 16:29:54,7231883080,S-001,Banexcoin Bolivia
3866,"20/07/2025 17:27:24, UTC -04:00",Completed,Sell,ElenaMoreno57Max,20149,10.60,149.99,BOB,14.16,0.00,20/07/2025 17:27:34,7232058880,S-001,Banexcoin Bolivia
3867,"20/07/2025 18:23:59, UTC -04:00",Completed,Sell,ElenaMoreno57Max,20149,25.41,359.99,BOB,14.17,0.00,20/07/2025 18:24:11,7232237600,S-001,Banexcoin Bolivia
3868,"20/07/2025 18:27:17, UTC -04:00",Completed,Sell,ElenaMoreno57Max,20149,1.62,22.99,BOB,14.17,0.00,20/07/2025 18:27:27,7232248340,S-001,Banexcoin Bolivia
3869,"20/07/2025 18:28:46, UTC -04:00",Completed,Sell,CarolinaMoreno552024,20192,1.40,19.82,BOB,14.17,0.00,20/07/2025 18:29:27,7232255080,S-001,Banexcoin Bolivia
3871,"20/07/2025 18:29:43, UTC -04:00",Completed,Sell,ElenaMoreno57Max,20149,1.62,22.99,BOB,14.17,0.00,20/07/2025 18:29:55,7232256550,S-001,Banexcoin Bolivia
3886,"20/07/2025 19:59:36, UTC -04:00",Completed,Sell,ElenaMoreno57Max,20149,25.35,359.99,BOB,14.20,0.00,20/07/2025 19:59:47,7232562910,S-001,Banexcoin Bolivia
3887,"20/07/2025 20:00:10, UTC -04:00",Completed,Sell,ElenaMoreno57Max,20149,25.35,359.99,BOB,14.20,0.00,20/07/2025 20:00:21,7232564790,S-001,Banexcoin Bolivia
3888,"20/07/2025 20:03:12, UTC -04:00",Completed,Sell,ElenaMoreno57Max,20149,5.35,75.99,BOB,14.21,0.00,20/07/2025 20:03:23,7232574590,S-001,Banexcoin Bolivia
3889,"20/07/2025 20:05:48, UTC -04:00",Completed,Sell,ElenaMoreno57Max,20149,5.35,75.99,BOB,14.21,0.00,20/07/2025 20:05:57,7232583110,S-001,Banexcoin Bolivia
3890,"20/07/2025 20:08:32, UTC -04:00",Completed,Sell,ElenaMoreno57Max,20149,5.35,75.99,BOB,14.21,0.00,20/07/2025 20:08:42,7232592550,S-001,Banexcoin Bolivia
3891,"20/07/2025 20:09:06, UTC -04:00",Completed,Sell,ElenaMoreno57Max,20149,10.56,149.99,BOB,14.21,0.00,20/07/2025 20:09:18,7232594460,S-001,Banexcoin Bolivia
3892,"20/07/2025 20:11:31, UTC -04:00",Completed,Sell,ElenaMoreno57Max,20149,1.62,22.99,BOB,14.21,0.00,20/07/2025 20:11:42,7232602420,S-001,Banexcoin Bolivia
3893,"20/07/2025 20:13:40, UTC -04:00",Completed,Sell,ElenaMoreno57Max,20149,5.35,75.99,BOB,14.20,0.00,20/07/2025 20:13:52,7232609050,S-001,Banexcoin Bolivia
3894,"20/07/2025 20:15:04, UTC -04:00",Completed,Sell,ElenaMoreno57Max,20149,1.62,22.99,BOB,14.20,0.00,20/07/2025 20:15:18,7232613580,S-001,Banexcoin Bolivia
3895,"20/07/2025 20:19:04, UTC -04:00",Completed,Sell,EduardoHernandez84456,20079,17.45,247.90,BOB,14.20,0.00,20/07/2025 20:19:16,7232626110,S-001,Banexcoin Bolivia
3896,"20/07/2025 20:22:30, UTC -04:00",Completed,Sell,ElenaMoreno57Max,20149,2.67,37.99,BOB,14.21,0.00,20/07/2025 20:22:40,7232636850,S-001,Banexcoin Bolivia
3899,"20/07/2025 20:36:23, UTC -04:00",Completed,Sell,ElenaMoreno57Max,20149,1.62,22.99,BOB,14.21,0.00,20/07/2025 20:36:47,7232682380,S-001,Banexcoin Bolivia
3900,"20/07/2025 20:37:27, UTC -04:00",Completed,Sell,ElenaMoreno57Max,20149,1.62,22.99,BOB,14.21,0.00,20/07/2025 20:37:37,7232685220,S-001,Banexcoin Bolivia
3901,"20/07/2025 20:40:22, UTC -04:00",Completed,Sell,SergioRodriguez90Bo,20193,0.07,1.00,BOB,14.20,0.00,20/07/2025 20:40:43,7232695130,S-001,Banexcoin Bolivia
3903,"20/07/2025 21:10:38, UTC -04:00",Completed,Sell,SergioRodriguez90Bo,20193,1.06,15.00,BOB,14.20,0.00,20/07/2025 21:10:56,7232786360,S-001,Banexcoin Bolivia
3904,"20/07/2025 21:42:52, UTC -04:00",Completed,Sell,ElenaMoreno57Max,20149,25.41,359.99,BOB,14.17,0.00,20/07/2025 21:43:04,7232871670,S-001,Banexcoin Bolivia
3905,"20/07/2025 21:50:02, UTC -04:00",Completed,Sell,CarlosSerrano59Es,20027,1.06,15.00,BOB,14.17,0.00,20/07/2025 21:50:22,7232890820,S-001,Banexcoin Bolivia
3906,"20/07/2025 21:54:57, UTC -04:00",Completed,Sell,ElenaMoreno57Max,20149,25.40,359.99,BOB,14.17,0.00,20/07/2025 21:55:08,7232902820,S-001,Banexcoin Bolivia
3911,"20/07/2025 22:07:13, UTC -04:00",Completed,Sell,EduardoCruz322025,20005,7.06,100.00,BOB,14.17,0.00,20/07/2025 22:07:43,7232932120,S-001,Banexcoin Bolivia
3912,"20/07/2025 22:17:17, UTC -04:00",Completed,Sell,ElenaMoreno57Max,20149,2.68,37.99,BOB,14.17,0.00,20/07/2025 22:17:29,7232952830,S-001,Banexcoin Bolivia
3914,"20/07/2025 22:28:49, UTC -04:00",Completed,Sell,ElenaMoreno57Max,20149,2.68,37.99,BOB,14.17,0.00,20/07/2025 22:29:00,7232976780,S-001,Banexcoin Bolivia
3922,"21/07/2025 00:14:45, UTC -04:00",Completed,Sell,ElenaMoreno57Max,20149,25.55,359.99,BOB,14.09,0.00,21/07/2025 00:14:57,7233104310,S-001,Banexcoin Bolivia
3931,"21/07/2025 07:22:40, UTC -04:00",Completed,Sell,CarolinaMoreno552024,20192,0.46,6.50,BOB,14.15,0.00,21/07/2025 07:22:52,7233260910,S-001,Banexcoin Bolivia
3932,"21/07/2025 08:29:25, UTC -04:00",Completed,Sell,RafaelGarcia392025,20085,3.53,50.00,BOB,14.15,0.00,21/07/2025 08:30:17,7233397350,S-001,Banexcoin Bolivia
3934,"21/07/2025 09:05:26, UTC -04:00",Completed,Sell,ElenaMoreno57Max,20149,1.63,22.99,BOB,14.13,0.00,21/07/2025 09:05:38,7233506750,S-001,Banexcoin Bolivia
3946,"21/07/2025 09:44:10, UTC -04:00",Completed,Sell,SergioRodriguez90Bo,20193,0.50,7.00,BOB,14.13,0.00,21/07/2025 09:44:28,7233651100,S-001,Banexcoin Bolivia
3953,"21/07/2025 10:05:02, UTC -04:00",Completed,Sell,SergioRodriguez90Bo,20193,0.21,3.00,BOB,14.13,0.00,21/07/2025 10:05:19,7233736310,S-001,Banexcoin Bolivia
3954,"21/07/2025 10:10:37, UTC -04:00",Completed,Sell,SergioRodriguez90Bo,20193,0.53,7.50,BOB,14.12,0.00,21/07/2025 10:10:47,7233758990,S-001,Banexcoin Bolivia
3958,"21/07/2025 10:15:34, UTC -04:00",Completed,Sell,SergioRodriguez90Bo,20193,0.85,12.00,BOB,14.12,0.00,21/07/2025 10:15:47,7233780370,S-001,Banexcoin Bolivia
3959,"21/07/2025 10:19:58, UTC -04:00",Completed,Sell,SergioRodriguez90Bo,20193,0.57,8.00,BOB,14.12,0.00,21/07/2025 10:20:10,7233799840,S-001,Banexcoin Bolivia
3960,"21/07/2025 10:41:33, UTC -04:00",Completed,Sell,MariaFlores93Max,10006,3.23,45.50,BOB,14.10,0.00,21/07/2025 10:41:45,7233895720,S-001,Banexcoin Bolivia
3961,"21/07/2025 10:49:28, UTC -04:00",Completed,Sell,OscarRubio472025,20177,58.92,830.00,BOB,14.09,0.00,21/07/2025 10:50:05,7233933710,S-001,Banexcoin Bolivia
3962,"21/07/2025 11:16:38, UTC -04:00",Completed,Sell,ElenaMoreno57Max,20149,1.63,22.99,BOB,14.11,0.00,21/07/2025 11:16:48,7234056370,S-001,Banexcoin Bolivia
3963,"21/07/2025 11:18:48, UTC -04:00",Completed,Sell,ElenaMoreno57Max,20149,10.63,149.99,BOB,14.11,0.00,21/07/2025 11:18:58,7234066580,S-001,Banexcoin Bolivia
3964,"21/07/2025 11:21:25, UTC -04:00",Completed,Sell,ElenaMoreno57Max,20149,5.39,75.99,BOB,14.11,0.00,21/07/2025 11:21:36,7234078440,S-001,Banexcoin Bolivia
3965,"21/07/2025 11:22:06, UTC -04:00",Completed,Sell,ElenaMoreno57Max,20149,5.39,75.99,BOB,14.10,0.00,21/07/2025 11:22:18,7234081840,S-001,Banexcoin Bolivia
3966,"21/07/2025 11:23:41, UTC -04:00",Completed,Sell,ElenaMoreno57Max,20149,2.69,37.99,BOB,14.10,0.00,21/07/2025 11:23:54,7234089320,S-001,Banexcoin Bolivia
3967,"21/07/2025 11:34:03, UTC -04:00",Completed,Sell,ElenaMoreno57Max,20149,25.54,359.99,BOB,14.10,0.00,21/07/2025 11:34:15,7234136300,S-001,Banexcoin Bolivia
3968,"21/07/2025 11:34:41, UTC -04:00",Completed,Sell,ElenaMoreno57Max,20149,25.54,359.99,BOB,14.10,0.00,21/07/2025 11:34:51,7234139210,S-001,Banexcoin Bolivia
3969,"21/07/2025 11:35:20, UTC -04:00",Completed,Sell,ElenaMoreno57Max,20149,1.63,22.99,BOB,14.10,0.00,21/07/2025 11:35:33,7234142070,S-001,Banexcoin Bolivia
3970,"21/07/2025 11:36:58, UTC -04:00",Completed,Sell,PabloBlanco432024,10043,9.93,140.00,BOB,14.10,0.00,21/07/2025 11:37:13,7234150030,S-001,Banexcoin Bolivia
3971,"21/07/2025 11:46:39, UTC -04:00",Completed,Sell,SergioRodriguez90Bo,20193,0.71,10.00,BOB,14.10,0.00,21/07/2025 11:46:54,7234195850,S-001,Banexcoin Bolivia
3972,"21/07/2025 11:49:48, UTC -04:00",Completed,Sell,ElenaMoreno57Max,20149,1.63,22.99,BOB,14.10,0.00,21/07/2025 11:49:58,7234210540,S-001,Banexcoin Bolivia
3973,"21/07/2025 12:05:49, UTC -04:00",Completed,Sell,ElenaMoreno57Max,20149,2.69,37.99,BOB,14.10,0.00,21/07/2025 12:06:02,7234290070,S-001,Banexcoin Bolivia
3974,"21/07/2025 12:12:39, UTC -04:00",Completed,Sell,AndresVega17Pro,10086,3.55,50.00,BOB,14.09,0.00,21/07/2025 12:12:51,7234325590,S-001,Banexcoin Bolivia
3977,"21/07/2025 12:21:26, UTC -04:00",Completed,Sell,SergioRodriguez90Bo,20193,0.85,12.00,BOB,14.08,0.00,21/07/2025 12:21:39,7234371450,S-001,Banexcoin Bolivia
3981,"21/07/2025 13:38:12, UTC -04:00",Completed,Sell,AndresVega17Pro,10086,5.40,76.00,BOB,14.07,0.00,21/07/2025 13:38:25,7234750020,S-001,Banexcoin Bolivia
3985,"21/07/2025 13:51:53, UTC -04:00",Completed,Sell,ElenaMoreno57Max,20149,25.58,359.99,BOB,14.08,0.00,21/07/2025 13:52:03,7234807050,S-001,Banexcoin Bolivia
3986,"21/07/2025 13:52:29, UTC -04:00",Completed,Sell,CarolinaMoreno552024,20192,0.85,12.00,BOB,14.08,0.00,21/07/2025 13:52:41,239688980,S-001,Banexcoin Bolivia
3987,"21/07/2025 13:52:41, UTC -04:00",Completed,Sell,ElenaMoreno57Max,20149,1.63,22.99,BOB,14.08,0.00,21/07/2025 13:52:53,7234810770,S-001,Banexcoin Bolivia
3989,"21/07/2025 14:03:26, UTC -04:00",Completed,Sell,ElenaMoreno57Max,20149,5.41,75.99,BOB,14.05,0.00,21/07/2025 14:03:36,7234855190,S-001,Banexcoin Bolivia
3990,"21/07/2025 14:09:22, UTC -04:00",Completed,Sell,ElenaMoreno57Max,20149,0.53,7.49,BOB,14.04,0.00,21/07/2025 14:09:32,7234881140,S-001,Banexcoin Bolivia
3991,"21/07/2025 14:17:36, UTC -04:00",Completed,Sell,ElenaMoreno57Max,20149,25.65,359.99,BOB,14.04,0.00,21/07/2025 14:17:46,7234917370,S-001,Banexcoin Bolivia
3996,"21/07/2025 15:12:18, UTC -04:00",Completed,Sell,FranciscoAguilar94Pe,20161,9.28,130.00,BOB,14.00,0.00,21/07/2025 15:12:49,7235155800,S-001,Banexcoin Bolivia
4001,"21/07/2025 15:42:42, UTC -04:00",Completed,Sell,SergioRodriguez90Bo,20193,2.28,32.00,BOB,14.01,0.00,21/07/2025 15:42:56,7235292110,S-001,Banexcoin Bolivia
4002,"21/07/2025 15:44:32, UTC -04:00",Completed,Sell,PaulaMunoz77Pro,20043,14.27,200.00,BOB,14.01,0.00,21/07/2025 15:44:52,7235301070,S-001,Banexcoin Bolivia
4003,"21/07/2025 15:51:31, UTC -04:00",Completed,Sell,LuciaNavarro90Cl,20042,21.40,300.00,BOB,14.02,0.00,21/07/2025 15:51:44,7235332330,S-001,Banexcoin Bolivia
4007,"21/07/2025 16:25:29, UTC -04:00",Completed,Sell,LuciaNavarro90Cl,20042,2.29,32.00,BOB,14.00,0.00,21/07/2025 16:25:44,7235487980,S-001,Banexcoin Bolivia
4008,"21/07/2025 16:31:50, UTC -04:00",Completed,Sell,EduardoHernandez84456,20079,0.21,3.00,BOB,14.01,0.00,21/07/2025 16:32:02,7235519440,S-001,Banexcoin Bolivia
4010,"21/07/2025 17:15:15, UTC -04:00",Completed,Sell,JoseMendoza542025,20200,5.07,71.00,BOB,14.02,0.00,21/07/2025 17:15:26,7235728020,S-001,Banexcoin Bolivia
4011,"21/07/2025 17:26:51, UTC -04:00",Completed,Sell,LuciaNavarro90Cl,20042,2.85,40.00,BOB,14.02,0.00,21/07/2025 17:27:03,7235787570,S-001,Banexcoin Bolivia
4013,"21/07/2025 17:39:15, UTC -04:00",Completed,Sell,ElenaMoreno57Max,20149,1.64,22.99,BOB,14.03,0.00,21/07/2025 17:39:27,7235849430,S-001,Banexcoin Bolivia
4014,"21/07/2025 17:40:19, UTC -04:00",Completed,Sell,ElenaMoreno57Max,20149,1.64,22.99,BOB,14.03,0.00,21/07/2025 17:40:29,7235855020,S-001,Banexcoin Bolivia
4015,"21/07/2025 17:42:04, UTC -04:00",Completed,Sell,ElenaMoreno57Max,20149,1.64,22.99,BOB,14.03,0.00,21/07/2025 17:42:19,7235864860,S-001,Banexcoin Bolivia
4016,"21/07/2025 17:48:13, UTC -04:00",Completed,Sell,ElenaMoreno57Max,20149,1.64,22.99,BOB,14.02,0.00,21/07/2025 17:48:26,7235895620,S-001,Banexcoin Bolivia
4017,"21/07/2025 17:49:36, UTC -04:00",Completed,Sell,ElenaMoreno57Max,20149,0.53,7.49,BOB,14.03,0.00,21/07/2025 17:49:48,7235902430,S-001,Banexcoin Bolivia
4019,"21/07/2025 17:56:24, UTC -04:00",Completed,Sell,ElenaMoreno57Max,20149,1.64,22.99,BOB,14.03,0.00,21/07/2025 17:56:44,7235937300,S-001,Banexcoin Bolivia
4020,"21/07/2025 17:57:31, UTC -04:00",Completed,Sell,ElenaMoreno57Max,20149,0.53,7.49,BOB,14.03,0.00,21/07/2025 17:57:44,7235942660,S-001,Banexcoin Bolivia
4021,"21/07/2025 18:25:04, UTC -04:00",Completed,Sell,EduardoHernandez84456,20079,1.67,23.50,BOB,14.04,0.00,21/07/2025 18:25:33,7236087340,S-001,Banexcoin Bolivia
4022,"21/07/2025 18:35:27, UTC -04:00",Completed,Sell,ElenaMoreno57Max,20149,1.64,22.99,BOB,14.03,0.00,21/07/2025 18:35:38,7236138870,S-001,Banexcoin Bolivia
4023,"21/07/2025 18:36:45, UTC -04:00",Completed,Sell,ElenaMoreno57Max,20149,1.64,22.99,BOB,14.03,0.00,21/07/2025 18:36:56,7236146100,S-001,Banexcoin Bolivia
4024,"21/07/2025 18:37:44, UTC -04:00",Completed,Sell,ElenaMoreno57Max,20149,1.64,22.99,BOB,14.03,0.00,21/07/2025 18:37:54,7236151000,S-001,Banexcoin Bolivia
4025,"21/07/2025 18:38:16, UTC -04:00",Completed,Sell,ElenaMoreno57Max,20149,1.64,22.99,BOB,14.03,0.00,21/07/2025 18:38:28,7236154020,S-001,Banexcoin Bolivia
4026,"21/07/2025 18:40:51, UTC -04:00",Completed,Sell,ElenaMoreno57Max,20149,2.71,37.99,BOB,14.03,0.00,21/07/2025 18:41:14,7236168330,S-001,Banexcoin Bolivia
4027,"21/07/2025 18:41:45, UTC -04:00",Completed,Sell,ElenaMoreno57Max,20149,2.71,37.99,BOB,14.03,0.00,21/07/2025 18:41:56,7236172080,S-001,Banexcoin Bolivia
4028,"21/07/2025 18:47:03, UTC -04:00",Completed,Sell,ElenaMoreno57Max,20149,0.53,7.49,BOB,14.04,0.00,21/07/2025 18:47:14,7236199620,S-001,Banexcoin Bolivia
4029,"21/07/2025 18:47:31, UTC -04:00",Completed,Sell,ElenaMoreno57Max,20149,0.53,7.49,BOB,14.04,0.00,21/07/2025 18:47:44,7236202150,S-001,Banexcoin Bolivia
4030,"21/07/2025 18:48:34, UTC -04:00",Completed,Sell,ElenaMoreno57Max,20149,5.41,75.99,BOB,14.04,0.00,21/07/2025 18:48:44,7236207220,S-001,Banexcoin Bolivia
4031,"21/07/2025 19:00:03, UTC -04:00",Completed,Sell,ElenaMoreno57Max,20149,2.71,37.99,BOB,14.03,0.00,21/07/2025 19:00:15,7236266670,S-001,Banexcoin Bolivia
4032,"21/07/2025 19:10:26, UTC -04:00",Completed,Sell,IsabelRivera992025,20111,7.13,100.00,BOB,14.03,0.00,21/07/2025 19:10:57,7236322490,S-001,Banexcoin Bolivia
4033,"21/07/2025 19:15:41, UTC -04:00",Completed,Sell,MariaFlores93Max,10006,3.74,52.50,BOB,14.04,0.00,21/07/2025 19:15:59,7236347440,S-001,Banexcoin Bolivia
4034,"21/07/2025 19:24:37, UTC -04:00",Completed,Sell,MariaFlores93Max,10006,0.36,5.00,BOB,14.03,0.00,21/07/2025 19:24:54,7236391770,S-001,Banexcoin Bolivia
4040,"21/07/2025 19:39:14, UTC -04:00",Completed,Sell,SergioRodriguez90Bo,20193,0.50,7.00,BOB,14.02,0.00,21/07/2025 19:39:33,7236461840,S-001,Banexcoin Bolivia
4042,"21/07/2025 19:49:22, UTC -04:00",Completed,Sell,ElenaMoreno57Max,20149,25.68,359.99,BOB,14.02,0.00,21/07/2025 19:49:37,7236509270,S-001,Banexcoin Bolivia
4043,"21/07/2025 19:50:28, UTC -04:00",Completed,Sell,ElenaMoreno57Max,20149,1.64,22.99,BOB,14.01,0.00,21/07/2025 19:50:45,7236514260,S-001,Banexcoin Bolivia
4044,"21/07/2025 19:51:19, UTC -04:00",Completed,Sell,ElenaMoreno57Max,20149,2.71,37.99,BOB,14.01,0.00,21/07/2025 19:51:31,7236517480,S-001,Banexcoin Bolivia
4045,"21/07/2025 19:52:26, UTC -04:00",Completed,Sell,ElenaMoreno57Max,20149,1.64,22.99,BOB,14.01,0.00,21/07/2025 19:52:39,7236522060,S-001,Banexcoin Bolivia
4046,"21/07/2025 20:01:22, UTC -04:00",Completed,Sell,ElenaMoreno57Max,20149,2.72,37.99,BOB,13.99,0.00,21/07/2025 20:01:36,7236563100,S-001,Banexcoin Bolivia
4049,"21/07/2025 20:16:28, UTC -04:00",Completed,Sell,EduardoHernandez84456,20079,12.85,180.00,BOB,14.00,0.00,21/07/2025 20:16:48,7236628060,S-001,Banexcoin Bolivia
4051,"21/07/2025 20:19:50, UTC -04:00",Completed,Sell,MonicaRuiz91Pro,20122,3.57,50.00,BOB,13.99,0.00,21/07/2025 20:20:44,7236643980,S-001,Banexcoin Bolivia
4052,"21/07/2025 20:26:50, UTC -04:00",Completed,Sell,JoseMendoza542025,20200,6.43,90.00,BOB,14.00,0.00,21/07/2025 20:27:03,239843140,S-001,Banexcoin Bolivia
4053,"21/07/2025 20:31:23, UTC -04:00",Completed,Sell,RafaelGarcia392025,20085,25.01,350.50,BOB,14.01,0.00,21/07/2025 20:31:37,7236687460,S-001,Banexcoin Bolivia
4055,"21/07/2025 20:43:51, UTC -04:00",Completed,Sell,ElenaMoreno57Max,20149,5.43,75.99,BOB,13.99,0.00,21/07/2025 20:44:01,7236735710,S-001,Banexcoin Bolivia
4056,"21/07/2025 20:45:05, UTC -04:00",Completed,Sell,EduardoHernandez84456,20079,9.58,134.00,BOB,13.99,0.00,21/07/2025 20:45:40,1619074620,S-001,Banexcoin Bolivia
4057,"21/07/2025 20:45:34, UTC -04:00",Completed,Sell,RafaelGarcia392025,20085,3.57,50.00,BOB,13.99,0.00,21/07/2025 20:45:50,1619075050,S-001,Banexcoin Bolivia
4059,"21/07/2025 20:49:17, UTC -04:00",Completed,Sell,JoseMendoza542025,20200,0.71,10.00,BOB,13.99,0.00,21/07/2025 20:49:30,7236756860,S-001,Banexcoin Bolivia
4060,"21/07/2025 20:50:17, UTC -04:00",Completed,Sell,EduardoHernandez84456,20079,1.22,17.00,BOB,13.99,0.00,21/07/2025 20:50:34,7236760980,S-001,Banexcoin Bolivia
4061,"21/07/2025 20:52:42, UTC -04:00",Completed,Sell,ElenaMoreno57Max,20149,5.43,75.99,BOB,13.99,0.00,21/07/2025 20:53:02,7236770110,S-001,Banexcoin Bolivia
4064,"21/07/2025 21:01:04, UTC -04:00",Completed,Sell,SergioRodriguez90Bo,20193,2.14,30.00,BOB,14.00,0.00,21/07/2025 21:01:16,239853090,S-001,Banexcoin Bolivia
4072,"21/07/2025 21:18:29, UTC -04:00",Completed,Sell,RosaAguilar50Cl,10029,10.70,150.00,BOB,14.02,0.00,21/07/2025 21:18:47,7236862950,S-001,Banexcoin Bolivia
4075,"21/07/2025 21:19:58, UTC -04:00",Completed,Sell,ElenaMoreno57Max,20149,1.64,22.99,BOB,14.03,0.00,21/07/2025 21:20:11,7236868180,S-001,Banexcoin Bolivia
4077,"21/07/2025 21:23:12, UTC -04:00",Completed,Sell,ElenaMoreno57Max,20149,5.41,75.99,BOB,14.04,0.00,21/07/2025 21:23:23,7236879200,S-001,Banexcoin Bolivia
4078,"21/07/2025 21:24:49, UTC -04:00",Completed,Sell,ElenaMoreno57Max,20149,25.65,359.99,BOB,14.04,0.00,21/07/2025 21:24:59,7236884350,S-001,Banexcoin Bolivia
4079,"21/07/2025 21:27:30, UTC -04:00",Completed,Sell,ElenaMoreno57Max,20149,25.64,359.99,BOB,14.04,0.00,21/07/2025 21:27:43,7236893300,S-001,Banexcoin Bolivia
4080,"21/07/2025 21:29:56, UTC -04:00",Completed,Sell,ElenaMoreno57Max,20149,25.63,359.99,BOB,14.04,0.00,21/07/2025 21:30:12,7236901040,S-001,Banexcoin Bolivia
4082,"21/07/2025 21:33:37, UTC -04:00",Completed,Sell,ElenaMoreno57Max,20149,5.41,75.99,BOB,14.05,0.00,21/07/2025 21:33:54,7236912870,S-001,Banexcoin Bolivia
4083,"21/07/2025 21:35:28, UTC -04:00",Completed,Sell,ElenaMoreno57Max,20149,1.64,22.99,BOB,14.05,0.00,21/07/2025 21:35:40,7236918120,S-001,Banexcoin Bolivia
4084,"21/07/2025 21:36:07, UTC -04:00",Completed,Sell,ElenaMoreno57Max,20149,5.41,75.99,BOB,14.05,0.00,21/07/2025 21:36:20,7236920070,S-001,Banexcoin Bolivia
4085,"21/07/2025 21:38:39, UTC -04:00",Completed,Sell,ElenaMoreno57Max,20149,25.62,359.99,BOB,14.05,0.00,21/07/2025 21:38:52,7236927770,S-001,Banexcoin Bolivia
4086,"21/07/2025 21:41:51, UTC -04:00",Completed,Sell,SergioRodriguez90Bo,20193,0.36,5.00,BOB,14.05,0.00,21/07/2025 21:42:08,7236937570,S-001,Banexcoin Bolivia
4088,"21/07/2025 21:53:52, UTC -04:00",Completed,Sell,PaulaMunoz77Pro,20043,2.56,36.00,BOB,14.06,0.00,21/07/2025 21:54:05,7236972310,S-001,Banexcoin Bolivia
4089,"21/07/2025 21:54:59, UTC -04:00",Completed,Sell,ElenaMoreno57Max,20149,25.61,359.99,BOB,14.05,0.00,21/07/2025 21:55:11,7236975570,S-001,Banexcoin Bolivia
4090,"21/07/2025 21:56:02, UTC -04:00",Completed,Sell,RafaelGarcia392025,20085,0.78,11.00,BOB,14.06,0.00,21/07/2025 21:56:15,7236978470,S-001,Banexcoin Bolivia
4091,"21/07/2025 21:57:08, UTC -04:00",Completed,Sell,EnriqueSoto41Ec,20145,1.42,20.00,BOB,14.06,0.00,21/07/2025 21:57:25,7236981540,S-001,Banexcoin Bolivia
4092,"21/07/2025 21:58:35, UTC -04:00",Completed,Sell,ElenaMoreno57Max,20149,2.70,37.99,BOB,14.05,0.00,21/07/2025 21:58:47,7236985220,S-001,Banexcoin Bolivia
4095,"21/07/2025 22:15:27, UTC -04:00",Completed,Sell,ElenaMoreno57Max,20149,1.64,22.99,BOB,14.06,0.00,21/07/2025 22:15:41,7237029430,S-001,Banexcoin Bolivia
4096,"21/07/2025 22:17:18, UTC -04:00",Completed,Sell,ElenaMoreno57Max,20149,1.64,22.99,BOB,14.06,0.00,21/07/2025 22:17:30,7237033980,S-001,Banexcoin Bolivia
4097,"21/07/2025 22:19:06, UTC -04:00",Completed,Sell,ElenaMoreno57Max,20149,10.67,149.99,BOB,14.06,0.00,21/07/2025 22:19:18,7237038730,S-001,Banexcoin Bolivia
4098,"21/07/2025 22:22:41, UTC -04:00",Completed,Sell,ElenaMoreno57Max,20149,25.61,359.99,BOB,14.06,0.00,21/07/2025 22:22:54,7237047390,S-001,Banexcoin Bolivia
4099,"21/07/2025 22:24:09, UTC -04:00",Completed,Sell,ElenaMoreno57Max,20149,25.61,359.99,BOB,14.06,0.00,21/07/2025 22:24:34,7237051300,S-001,Banexcoin Bolivia
4100,"21/07/2025 22:29:17, UTC -04:00",Completed,Sell,ElenaMoreno57Max,20149,1.64,22.99,BOB,14.06,0.00,21/07/2025 22:29:28,7237061950,S-001,Banexcoin Bolivia
4104,"21/07/2025 22:32:05, UTC -04:00",Completed,Sell,ElenaMoreno57Max,20149,2.70,37.99,BOB,14.06,0.00,21/07/2025 22:32:16,7237067660,S-001,Banexcoin Bolivia
4105,"21/07/2025 22:34:23, UTC -04:00",Completed,Sell,ElenaMoreno57Max,20149,25.61,359.99,BOB,14.05,0.00,21/07/2025 22:34:34,7237072400,S-001,Banexcoin Bolivia
4106,"21/07/2025 22:35:52, UTC -04:00",Completed,Sell,ElenaMoreno57Max,20149,1.64,22.99,BOB,14.05,0.00,21/07/2025 22:36:02,7237075770,S-001,Banexcoin Bolivia
4107,"21/07/2025 22:36:10, UTC -04:00",Completed,Sell,ElenaMoreno57Max,20149,1.64,22.99,BOB,14.05,0.00,21/07/2025 22:36:20,7237076420,S-001,Banexcoin Bolivia
4108,"21/07/2025 22:52:30, UTC -04:00",Completed,Sell,ElenaMoreno57Max,20149,25.61,359.99,BOB,14.06,0.00,21/07/2025 22:52:47,7237108890,S-001,Banexcoin Bolivia
4109,"21/07/2025 22:53:36, UTC -04:00",Completed,Sell,ElenaMoreno57Max,20149,5.41,75.99,BOB,14.05,0.00,21/07/2025 22:53:47,7237110610,S-001,Banexcoin Bolivia
4113,"22/07/2025 08:41:34, UTC -04:00",Completed,Sell,EduardoCruz322025,20005,7.15,100.00,BOB,13.99,0.00,22/07/2025 08:41:51,7237527950,S-001,Banexcoin Bolivia
4120,"22/07/2025 10:11:25, UTC -04:00",Completed,Sell,JoseMendoza542025,20200,0.86,12.00,BOB,14.02,0.00,22/07/2025 10:11:41,7237867540,S-001,Banexcoin Bolivia
4121,"22/07/2025 10:12:13, UTC -04:00",Completed,Sell,ManuelRomero362025,20175,1.57,22.00,BOB,14.02,0.00,22/07/2025 10:12:33,7237871280,S-001,Banexcoin Bolivia
4125,"22/07/2025 10:30:45, UTC -04:00",Completed,Sell,AlbertoNavarro90Bo,20091,5.00,69.93,BOB,13.99,0.00,22/07/2025 10:30:58,7237952470,S-001,Banexcoin Bolivia
4127,"22/07/2025 10:56:45, UTC -04:00",Completed,Sell,EduardoHernandez84456,20079,11.37,159.10,BOB,13.99,0.00,22/07/2025 10:57:08,7238069190,S-001,Banexcoin Bolivia
4128,"22/07/2025 10:57:24, UTC -04:00",Completed,Sell,LuciaNavarro90Cl,20042,8.15,114.00,BOB,13.99,0.00,22/07/2025 10:57:36,7238071600,S-001,Banexcoin Bolivia
4132,"22/07/2025 11:07:43, UTC -04:00",Completed,Sell,JoseMendoza542025,20200,0.57,8.00,BOB,14.00,0.00,22/07/2025 11:08:14,7238121450,S-001,Banexcoin Bolivia
4135,"22/07/2025 11:24:52, UTC -04:00",Completed,Sell,ElenaMoreno57Max,20149,1.64,22.99,BOB,13.99,0.00,22/07/2025 11:25:05,7238199120,S-001,Banexcoin Bolivia
4136,"22/07/2025 11:25:54, UTC -04:00",Completed,Sell,ElenaMoreno57Max,20149,1.64,22.99,BOB,13.99,0.00,22/07/2025 11:26:05,7238203580,S-001,Banexcoin Bolivia
4137,"22/07/2025 11:27:33, UTC -04:00",Completed,Sell,ElenaMoreno57Max,20149,1.64,22.99,BOB,13.99,0.00,22/07/2025 11:27:45,7238211160,S-001,Banexcoin Bolivia
4138,"22/07/2025 11:27:47, UTC -04:00",Completed,Sell,EduardoHernandez84456,20079,1.93,27.00,BOB,13.99,0.00,22/07/2025 11:28:03,7238212370,S-001,Banexcoin Bolivia
4141,"22/07/2025 11:59:38, UTC -04:00",Completed,Sell,ElenaMoreno57Max,20149,1.64,22.99,BOB,13.98,0.00,22/07/2025 11:59:50,7238362540,S-001,Banexcoin Bolivia
4142,"22/07/2025 12:04:56, UTC -04:00",Completed,Sell,ElenaMoreno57Max,20149,25.75,359.99,BOB,13.98,0.00,22/07/2025 12:05:09,7238389030,S-001,Banexcoin Bolivia
4143,"22/07/2025 12:04:59, UTC -04:00",Completed,Sell,RafaelGarcia392025,20085,10.37,145.00,BOB,13.98,0.00,22/07/2025 12:05:17,7238389620,S-001,Banexcoin Bolivia
4144,"22/07/2025 12:23:46, UTC -04:00",Completed,Sell,ElenaMoreno57Max,20149,2.71,37.99,BOB,14.00,0.00,22/07/2025 12:23:59,7238486610,S-001,Banexcoin Bolivia
4146,"22/07/2025 12:32:55, UTC -04:00",Completed,Sell,ManuelRomero362025,20175,3.15,44.00,BOB,13.99,0.00,22/07/2025 12:33:10,7238534760,S-001,Banexcoin Bolivia
4147,"22/07/2025 13:32:20, UTC -04:00",Completed,Sell,PaulaMunoz77Pro,20043,7.20,100.00,BOB,13.89,0.00,22/07/2025 13:32:48,7238825910,S-001,Banexcoin Bolivia
4148,"22/07/2025 13:32:31, UTC -04:00",Completed,Sell,ElenaMoreno57Max,20149,1.66,22.99,BOB,13.89,0.00,22/07/2025 13:32:54,7238826390,S-001,Banexcoin Bolivia
4150,"22/07/2025 13:34:43, UTC -04:00",Completed,Sell,EduardoCruz322025,20005,144.89,"2,011.00",BOB,13.88,0.00,22/07/2025 13:35:01,7238836290,S-001,Banexcoin Bolivia
4153,"22/07/2025 14:07:05, UTC -04:00",Completed,Sell,ElenaMoreno57Max,20149,25.95,359.99,BOB,13.87,0.00,22/07/2025 14:07:16,7238975370,S-001,Banexcoin Bolivia
4154,"22/07/2025 14:07:20, UTC -04:00",Completed,Sell,LuciaNavarro90Cl,20042,3.32,46.00,BOB,13.87,0.00,22/07/2025 14:07:32,7238976510,S-001,Banexcoin Bolivia
4155,"22/07/2025 14:08:35, UTC -04:00",Completed,Sell,ElenaMoreno57Max,20149,25.95,359.99,BOB,13.87,0.00,22/07/2025 14:08:48,7238981820,S-001,Banexcoin Bolivia
4156,"22/07/2025 14:09:50, UTC -04:00",Completed,Sell,ElenaMoreno57Max,20149,25.94,359.99,BOB,13.88,0.00,22/07/2025 14:10:02,7238986950,S-001,Banexcoin Bolivia
4157,"22/07/2025 14:10:59, UTC -04:00",Completed,Sell,ElenaMoreno57Max,20149,25.94,359.99,BOB,13.88,0.00,22/07/2025 14:11:12,7238991850,S-001,Banexcoin Bolivia
4158,"22/07/2025 14:21:47, UTC -04:00",Completed,Sell,ElenaMoreno57Max,20149,25.91,359.99,BOB,13.89,0.00,22/07/2025 14:22:01,7239035770,S-001,Banexcoin Bolivia
4159,"22/07/2025 14:38:30, UTC -04:00",Completed,Sell,EduardoHernandez84456,20079,0.84,11.70,BOB,13.87,0.00,22/07/2025 14:38:51,7239106290,S-001,Banexcoin Bolivia
4160,"22/07/2025 14:53:40, UTC -04:00",Completed,Sell,LuciaNavarro90Cl,20042,15.87,220.00,BOB,13.86,0.00,22/07/2025 14:53:52,7239171780,S-001,Banexcoin Bolivia
4165,"22/07/2025 15:07:13, UTC -04:00",Completed,Sell,ElenaMoreno57Max,20149,1.66,22.99,BOB,13.83,0.00,22/07/2025 15:07:25,7239230260,S-001,Banexcoin Bolivia
4166,"22/07/2025 15:13:46, UTC -04:00",Completed,Sell,CristinaSuarez852025,10003,25.35,350.00,BOB,13.81,0.00,22/07/2025 15:14:51,240065130,S-001,Banexcoin Bolivia
4167,"22/07/2025 15:18:41, UTC -04:00",Completed,Sell,ElenaMoreno57Max,20149,1.67,22.99,BOB,13.75,0.00,22/07/2025 15:18:53,7239281330,S-001,Banexcoin Bolivia
4170,"22/07/2025 16:01:34, UTC -04:00",Completed,Sell,PaulaMunoz77Pro,20043,7.29,100.00,BOB,13.72,0.00,22/07/2025 16:01:47,7239479380,S-001,Banexcoin Bolivia
4171,"22/07/2025 16:22:31, UTC -04:00",Completed,Sell,ElenaMoreno57Max,20149,5.51,75.99,BOB,13.78,0.00,22/07/2025 16:22:46,7239576190,S-001,Banexcoin Bolivia
4172,"22/07/2025 16:35:38, UTC -04:00",Completed,Sell,ElenaMoreno57Max,20149,2.76,37.99,BOB,13.77,0.00,22/07/2025 16:35:51,7239636180,S-001,Banexcoin Bolivia
4173,"22/07/2025 16:45:43, UTC -04:00",Completed,Sell,ElenaMoreno57Max,20149,1.67,22.99,BOB,13.80,0.00,22/07/2025 16:45:55,7239683660,S-001,Banexcoin Bolivia
4174,"22/07/2025 17:03:47, UTC -04:00",Completed,Sell,ElenaMoreno57Max,20149,1.67,22.99,BOB,13.79,0.00,22/07/2025 17:04:10,7239769760,S-001,Banexcoin Bolivia
4176,"22/07/2025 17:06:33, UTC -04:00",Completed,Sell,ElenaMoreno57Max,20149,2.76,37.99,BOB,13.78,0.00,22/07/2025 17:06:44,7239782010,S-001,Banexcoin Bolivia
4177,"22/07/2025 17:34:18, UTC -04:00",Completed,Sell,ElenaMoreno57Max,20149,2.75,37.99,BOB,13.83,0.00,22/07/2025 17:34:33,7239918190,S-001,Banexcoin Bolivia
4178,"22/07/2025 18:09:53, UTC -04:00",Completed,Sell,EduardoHernandez84456,20079,15.73,216.00,BOB,13.73,0.00,22/07/2025 18:10:07,7240093520,S-001,Banexcoin Bolivia
4182,"22/07/2025 19:13:44, UTC -04:00",Completed,Sell,JoseMendoza542025,20200,7.26,100.00,BOB,13.77,0.00,22/07/2025 19:14:00,7240420630,S-001,Banexcoin Bolivia
4183,"22/07/2025 19:30:48, UTC -04:00",Completed,Sell,ElenaMoreno57Max,20149,26.22,359.99,BOB,13.73,0.00,22/07/2025 19:31:01,7240502610,S-001,Banexcoin Bolivia
4184,"22/07/2025 19:31:47, UTC -04:00",Completed,Sell,ElenaMoreno57Max,20149,5.53,75.99,BOB,13.73,0.00,22/07/2025 19:31:59,7240507170,S-001,Banexcoin Bolivia
4185,"22/07/2025 19:32:11, UTC -04:00",Completed,Sell,ElenaMoreno57Max,20149,26.23,359.99,BOB,13.73,0.00,22/07/2025 19:32:25,7240509170,S-001,Banexcoin Bolivia
4188,"22/07/2025 19:33:08, UTC -04:00",Completed,Sell,ElenaMoreno57Max,20149,1.68,22.99,BOB,13.72,0.00,22/07/2025 19:33:19,7240513370,S-001,Banexcoin Bolivia
4190,"22/07/2025 19:33:55, UTC -04:00",Completed,Sell,SergioRodriguez90Bo,20193,0.18,2.50,BOB,13.72,0.00,22/07/2025 19:34:07,7240517200,S-001,Banexcoin Bolivia
4195,"22/07/2025 20:09:54, UTC -04:00",Completed,Sell,SergioRodriguez90Bo,20193,0.61,8.40,BOB,13.79,0.00,22/07/2025 20:10:06,7240679790,S-001,Banexcoin Bolivia
4197,"22/07/2025 20:30:55, UTC -04:00",Completed,Sell,ElenaMoreno57Max,20149,1.68,22.99,BOB,13.72,0.00,22/07/2025 20:31:13,7240768850,S-001,Banexcoin Bolivia
4198,"22/07/2025 20:32:19, UTC -04:00",Completed,Sell,ElenaMoreno57Max,20149,1.68,22.99,BOB,13.72,0.00,22/07/2025 20:32:33,7240774200,S-001,Banexcoin Bolivia
4199,"22/07/2025 20:34:20, UTC -04:00",Completed,Sell,ElenaMoreno57Max,20149,1.68,22.99,BOB,13.71,0.00,22/07/2025 20:34:53,7240783350,S-001,Banexcoin Bolivia
4206,"22/07/2025 20:50:48, UTC -04:00",Completed,Sell,ElenaMoreno57Max,20149,2.77,37.99,BOB,13.71,0.00,22/07/2025 20:51:04,7240844590,S-001,Banexcoin Bolivia
4207,"22/07/2025 20:54:08, UTC -04:00",Completed,Sell,LuciaNavarro90Cl,20042,14.57,200.00,BOB,13.73,0.00,22/07/2025 20:54:20,7240859030,S-001,Banexcoin Bolivia
4209,"22/07/2025 20:59:21, UTC -04:00",Completed,Sell,ElenaMoreno57Max,20149,26.23,359.99,BOB,13.72,0.00,22/07/2025 20:59:32,7240877850,S-001,Banexcoin Bolivia
4212,"22/07/2025 21:04:00, UTC -04:00",Completed,Sell,ElenaMoreno57Max,20149,2.76,37.99,BOB,13.76,0.00,22/07/2025 21:04:13,7240895080,S-001,Banexcoin Bolivia
4213,"22/07/2025 21:07:37, UTC -04:00",Completed,Sell,JoseMendoza542025,20200,4.65,64.00,BOB,13.76,0.00,22/07/2025 21:07:51,7240907750,S-001,Banexcoin Bolivia
4222,"22/07/2025 22:06:27, UTC -04:00",Completed,Sell,ElenaMoreno57Max,20149,1.67,22.99,BOB,13.75,0.00,22/07/2025 22:06:39,7241091830,S-001,Banexcoin Bolivia
4223,"22/07/2025 22:07:06, UTC -04:00",Completed,Sell,ElenaMoreno57Max,20149,26.19,359.99,BOB,13.75,0.00,22/07/2025 22:07:17,7241093360,S-001,Banexcoin Bolivia
4224,"22/07/2025 22:08:55, UTC -04:00",Completed,Sell,ElenaMoreno57Max,20149,26.19,359.99,BOB,13.75,0.00,22/07/2025 22:09:05,7241098060,S-001,Banexcoin Bolivia
4228,"22/07/2025 22:52:28, UTC -04:00",Completed,Sell,ElenaMoreno57Max,20149,5.58,76.60,BOB,13.73,0.00,22/07/2025 22:52:59,7241202700,S-001,Banexcoin Bolivia
4229,"22/07/2025 22:54:05, UTC -04:00",Completed,Sell,ElenaMoreno57Max,20149,1.09,14.99,BOB,13.73,0.00,22/07/2025 22:54:17,7241205450,S-001,Banexcoin Bolivia
4230,"22/07/2025 22:55:33, UTC -04:00",Completed,Sell,ElenaMoreno57Max,20149,0.25,3.39,BOB,13.73,0.00,22/07/2025 22:55:46,7241208050,S-001,Banexcoin Bolivia
4231,"22/07/2025 22:56:52, UTC -04:00",Completed,Sell,ElenaMoreno57Max,20149,2.77,37.99,BOB,13.73,0.00,22/07/2025 22:57:10,7241210500,S-001,Banexcoin Bolivia
4233,"23/07/2025 00:07:26, UTC -04:00",Completed,Sell,ElenaMoreno57Max,20149,1.70,22.99,BOB,13.52,0.00,23/07/2025 00:07:51,7241295060,S-001,Banexcoin Bolivia
4234,"23/07/2025 00:08:40, UTC -04:00",Completed,Sell,ElenaMoreno57Max,20149,5.62,75.99,BOB,13.52,0.00,23/07/2025 00:08:53,7241296000,S-001,Banexcoin Bolivia
4235,"23/07/2025 00:10:32, UTC -04:00",Completed,Sell,ElenaMoreno57Max,20149,5.60,75.99,BOB,13.56,0.00,23/07/2025 00:10:49,7241297510,S-001,Banexcoin Bolivia
4238,"23/07/2025 00:33:52, UTC -04:00",Completed,Sell,ElenaMoreno57Max,20149,1.69,22.99,BOB,13.59,0.00,23/07/2025 00:34:04,7241313760,S-001,Banexcoin Bolivia
4240,"23/07/2025 00:35:17, UTC -04:00",Completed,Sell,ElenaMoreno57Max,20149,5.59,75.99,BOB,13.59,0.00,23/07/2025 00:35:32,7241314670,S-001,Banexcoin Bolivia
4244,"23/07/2025 00:37:47, UTC -04:00",Completed,Sell,FranciscoAguilar94Pe,20161,41.97,570.00,BOB,13.58,0.00,23/07/2025 00:38:20,7241316430,S-001,Banexcoin Bolivia
4253,"23/07/2025 03:02:42, UTC -04:00",Completed,Sell,SergioRodriguez90Bo,20193,9.96,134.00,BOB,13.46,0.00,23/07/2025 03:03:03,7241360710,S-001,Banexcoin Bolivia
4256,"23/07/2025 08:23:40, UTC -04:00",Completed,Sell,CristinaSuarez852025,10003,73.00,"1,000.00",BOB,13.70,0.00,23/07/2025 08:23:59,240257310,S-001,Banexcoin Bolivia
4262,"23/07/2025 09:34:17, UTC -04:00",Completed,Sell,LuciaNavarro90Cl,20042,6.68,91.00,BOB,13.63,0.00,23/07/2025 09:34:28,7241849300,S-001,Banexcoin Bolivia
4263,"23/07/2025 09:41:15, UTC -04:00",Completed,Sell,ElenaMoreno57Max,20149,1.70,22.99,BOB,13.51,0.00,23/07/2025 09:41:31,7241876360,S-001,Banexcoin Bolivia
4265,"23/07/2025 10:12:22, UTC -04:00",Completed,Sell,ElenaMoreno57Max,20149,5.60,75.99,BOB,13.58,0.00,23/07/2025 10:12:34,7242011620,S-001,Banexcoin Bolivia
4266,"23/07/2025 10:24:06, UTC -04:00",Completed,Sell,EduardoHernandez84456,20079,12.87,174.50,BOB,13.56,0.00,23/07/2025 10:24:30,7242065720,S-001,Banexcoin Bolivia
4267,"23/07/2025 10:48:00, UTC -04:00",Completed,Sell,ElenaMoreno57Max,20149,1.69,22.99,BOB,13.58,0.00,23/07/2025 10:48:12,7242178060,S-001,Banexcoin Bolivia
4268,"23/07/2025 10:50:19, UTC -04:00",Completed,Sell,ElenaMoreno57Max,20149,1.69,22.99,BOB,13.58,0.00,23/07/2025 10:50:34,7242189570,S-001,Banexcoin Bolivia
4269,"23/07/2025 11:16:30, UTC -04:00",Completed,Sell,EduardoHernandez84456,20079,2.58,35.00,BOB,13.55,0.00,23/07/2025 11:16:45,240319730,S-001,Banexcoin Bolivia
4270,"23/07/2025 11:26:47, UTC -04:00",Completed,Sell,ElenaMoreno57Max,20149,1.70,22.99,BOB,13.54,0.00,23/07/2025 11:27:01,7242363500,S-001,Banexcoin Bolivia
4271,"23/07/2025 11:31:02, UTC -04:00",Completed,Sell,ElenaMoreno57Max,20149,1.70,22.99,BOB,13.52,0.00,23/07/2025 11:31:13,7242383630,S-001,Banexcoin Bolivia
4272,"23/07/2025 11:35:11, UTC -04:00",Completed,Sell,ElenaMoreno57Max,20149,2.82,37.99,BOB,13.49,0.00,23/07/2025 11:35:22,7242402300,S-001,Banexcoin Bolivia
4277,"23/07/2025 12:21:33, UTC -04:00",Completed,Sell,JoseMendoza542025,20200,0.74,10.00,BOB,13.44,0.00,23/07/2025 12:21:44,7242636050,S-001,Banexcoin Bolivia
4286,"23/07/2025 12:54:24, UTC -04:00",Completed,Sell,LuciaNavarro90Cl,20042,14.97,200.00,BOB,13.36,0.00,23/07/2025 12:54:35,7242812920,S-001,Banexcoin Bolivia
4287,"23/07/2025 12:55:29, UTC -04:00",Completed,Sell,MariaPerez61Bo,20164,26.92,359.99,BOB,13.37,0.00,23/07/2025 12:55:43,7242818510,S-001,Banexcoin Bolivia
4288,"23/07/2025 13:08:32, UTC -04:00",Completed,Sell,EduardoHernandez84456,20079,8.87,119.00,BOB,13.42,0.00,23/07/2025 13:08:50,7242885430,S-001,Banexcoin Bolivia
4291,"23/07/2025 13:22:11, UTC -04:00",Completed,Sell,ElenaMoreno57Max,20149,2.82,37.99,BOB,13.47,0.00,23/07/2025 13:23:20,7242955540,S-001,Banexcoin Bolivia
4292,"23/07/2025 13:23:34, UTC -04:00",Completed,Sell,JoseMendoza542025,20200,22.78,307.00,BOB,13.48,0.00,23/07/2025 13:23:48,7242957840,S-001,Banexcoin Bolivia
4293,"23/07/2025 13:24:01, UTC -04:00",Completed,Sell,ElenaMoreno57Max,20149,1.71,22.99,BOB,13.48,0.00,23/07/2025 13:24:12,7242959980,S-001,Banexcoin Bolivia
4294,"23/07/2025 13:24:44, UTC -04:00",Completed,Sell,ElenaMoreno57Max,20149,5.64,75.99,BOB,13.48,0.00,23/07/2025 13:25:00,7242963700,S-001,Banexcoin Bolivia
4295,"23/07/2025 13:28:28, UTC -04:00",Completed,Sell,JoseMendoza542025,20200,2.68,36.00,BOB,13.44,0.00,23/07/2025 13:28:41,240371620,S-001,Banexcoin Bolivia
4296,"23/07/2025 13:32:24, UTC -04:00",Completed,Sell,EduardoHernandez84456,20079,3.50,47.00,BOB,13.41,0.00,23/07/2025 13:32:37,7242998660,S-001,Banexcoin Bolivia
4298,"23/07/2025 14:01:38, UTC -04:00",Completed,Sell,LuciaNavarro90Cl,20042,10.30,138.00,BOB,13.40,0.00,23/07/2025 14:01:50,7243130570,S-001,Banexcoin Bolivia
4299,"23/07/2025 14:12:55, UTC -04:00",Completed,Sell,EduardoHernandez84456,20079,0.83,11.10,BOB,13.37,0.00,23/07/2025 14:13:07,7243180410,S-001,Banexcoin Bolivia
4300,"23/07/2025 14:17:43, UTC -04:00",Completed,Sell,RosaMendoza87Pro,20011,2.00,26.71,BOB,13.35,0.00,23/07/2025 14:18:13,7243203740,S-001,Banexcoin Bolivia
4305,"23/07/2025 15:44:24, UTC -04:00",Completed,Sell,LuciaNavarro90Cl,20042,44.91,600.00,BOB,13.36,0.00,23/07/2025 15:44:41,7243606640,S-001,Banexcoin Bolivia
4309,"23/07/2025 16:09:30, UTC -04:00",Completed,Sell,ElenaMoreno57Max,20149,26.94,359.99,BOB,13.36,0.00,23/07/2025 16:09:48,7243723560,S-001,Banexcoin Bolivia
4310,"23/07/2025 16:10:49, UTC -04:00",Completed,Sell,ElenaMoreno57Max,20149,26.94,359.99,BOB,13.36,0.00,23/07/2025 16:11:02,7243729460,S-001,Banexcoin Bolivia
4311,"23/07/2025 16:18:55, UTC -04:00",Completed,Sell,PaulaMunoz77Pro,20043,3.15,42.00,BOB,13.34,0.00,23/07/2025 16:19:10,7243767480,S-001,Banexcoin Bolivia
4312,"23/07/2025 16:25:11, UTC -04:00",Completed,Sell,PaulaMunoz77Pro,20043,3.00,40.00,BOB,13.35,0.00,23/07/2025 16:25:29,7243798700,S-001,Banexcoin Bolivia
4314,"23/07/2025 16:37:20, UTC -04:00",Completed,Sell,PaulaMunoz77Pro,20043,2.77,37.00,BOB,13.35,0.00,23/07/2025 16:37:33,7243854600,S-001,Banexcoin Bolivia
4317,"23/07/2025 16:41:15, UTC -04:00",Completed,Sell,PaulaMunoz77Pro,20043,1.50,20.00,BOB,13.36,0.00,23/07/2025 16:41:29,7243873560,S-001,Banexcoin Bolivia
4318,"23/07/2025 16:58:43, UTC -04:00",Completed,Sell,CarolinaMoreno552024,20192,0.22,3.00,BOB,13.36,0.00,23/07/2025 16:59:04,7243959280,S-001,Banexcoin Bolivia
4319,"23/07/2025 16:59:32, UTC -04:00",Completed,Sell,LuciaNavarro90Cl,20042,2.99,40.00,BOB,13.36,0.00,23/07/2025 16:59:44,7243962270,S-001,Banexcoin Bolivia
4320,"23/07/2025 17:06:56, UTC -04:00",Completed,Sell,LuciaNavarro90Cl,20042,4.42,59.00,BOB,13.36,0.00,23/07/2025 17:07:06,7244000330,S-001,Banexcoin Bolivia
4322,"23/07/2025 18:36:01, UTC -04:00",Completed,Sell,MariaPerez61Bo,20164,11.20,149.99,BOB,13.39,0.00,23/07/2025 18:36:14,7244461140,S-001,Banexcoin Bolivia
4323,"23/07/2025 18:53:51, UTC -04:00",Completed,Sell,ElenaMoreno57Max,20149,26.90,359.99,BOB,13.38,0.00,23/07/2025 18:54:11,7244553380,S-001,Banexcoin Bolivia
4324,"23/07/2025 18:54:36, UTC -04:00",Completed,Sell,ElenaMoreno57Max,20149,26.91,359.99,BOB,13.38,0.00,23/07/2025 18:54:47,7244556280,S-001,Banexcoin Bolivia
4325,"23/07/2025 18:58:37, UTC -04:00",Completed,Sell,EduardoHernandez84456,20079,4.41,59.00,BOB,13.39,0.00,23/07/2025 18:59:07,7244577910,S-001,Banexcoin Bolivia
4326,"23/07/2025 19:04:09, UTC -04:00",Completed,Sell,ElenaMoreno57Max,20149,5.68,75.99,BOB,13.39,0.00,23/07/2025 19:04:22,7244605450,S-001,Banexcoin Bolivia
4329,"23/07/2025 20:11:06, UTC -04:00",Completed,Sell,ElenaMoreno57Max,20149,26.87,359.99,BOB,13.40,0.00,23/07/2025 20:11:19,7244929520,S-001,Banexcoin Bolivia
4330,"23/07/2025 20:17:18, UTC -04:00",Completed,Sell,ElenaMoreno57Max,20149,5.67,75.99,BOB,13.40,0.00,23/07/2025 20:17:37,7244957930,S-001,Banexcoin Bolivia
4335,"23/07/2025 20:40:25, UTC -04:00",Completed,Sell,ElenaMoreno57Max,20149,1.72,22.99,BOB,13.40,0.00,23/07/2025 20:40:38,7245057320,S-001,Banexcoin Bolivia
4336,"23/07/2025 20:41:46, UTC -04:00",Completed,Sell,ElenaMoreno57Max,20149,1.72,22.99,BOB,13.40,0.00,23/07/2025 20:41:58,7245062750,S-001,Banexcoin Bolivia
4342,"23/07/2025 22:09:01, UTC -04:00",Completed,Sell,JoseMendoza542025,20200,17.92,240.00,BOB,13.40,0.00,23/07/2025 22:09:12,7245374350,S-001,Banexcoin Bolivia
4349,"23/07/2025 22:48:42, UTC -04:00",Completed,Sell,ElenaMoreno57Max,20149,1.72,22.99,BOB,13.40,0.00,23/07/2025 22:48:56,7245479790,S-001,Banexcoin Bolivia
4350,"23/07/2025 22:59:27, UTC -04:00",Completed,Sell,MariaPerez61Bo,20164,5.68,75.99,BOB,13.39,0.00,23/07/2025 22:59:42,7245503850,S-001,Banexcoin Bolivia
4354,"23/07/2025 23:43:04, UTC -04:00",Completed,Sell,MiguelAlvarez302024,20006,149.98,"2,000.00",BOB,13.34,0.00,23/07/2025 23:43:32,7245576970,S-001,Banexcoin Bolivia
4358,"24/07/2025 02:29:42, UTC -04:00",Completed,Sell,MariaPerez61Bo,20164,27.27,359.99,BOB,13.20,0.00,24/07/2025 02:29:57,7245683570,S-001,Banexcoin Bolivia
4359,"24/07/2025 02:57:36, UTC -04:00",Completed,Sell,MariaPerez61Bo,20164,11.36,149.99,BOB,13.20,0.00,24/07/2025 02:57:51,7245690850,S-001,Banexcoin Bolivia
4363,"24/07/2025 08:50:08, UTC -04:00",Completed,Sell,ElenaMoreno57Max,20149,0.56,7.49,BOB,13.29,0.00,24/07/2025 08:50:23,7245993270,S-001,Banexcoin Bolivia
4364,"24/07/2025 08:54:28, UTC -04:00",Completed,Sell,ElenaMoreno57Max,20149,1.73,22.99,BOB,13.28,0.00,24/07/2025 08:54:41,7246007450,S-001,Banexcoin Bolivia
4365,"24/07/2025 09:01:32, UTC -04:00",Completed,Sell,LuciaNavarro90Cl,20042,21.99,292.00,BOB,13.28,0.00,24/07/2025 09:01:49,7246029690,S-001,Banexcoin Bolivia
4366,"24/07/2025 09:19:48, UTC -04:00",Completed,Sell,LuciaNavarro90Cl,20042,4.53,60.00,BOB,13.26,0.00,24/07/2025 09:20:34,7246098030,S-001,Banexcoin Bolivia
4367,"24/07/2025 10:19:06, UTC -04:00",Completed,Sell,ElenaMoreno57Max,20149,2.86,37.99,BOB,13.27,0.00,24/07/2025 10:19:20,7246333360,S-001,Banexcoin Bolivia
4371,"24/07/2025 11:03:39, UTC -04:00",Completed,Sell,ElenaMoreno57Max,20149,1.74,22.99,BOB,13.23,0.00,24/07/2025 11:04:04,7246526920,S-001,Banexcoin Bolivia
4380,"24/07/2025 11:45:06, UTC -04:00",Completed,Sell,CristinaMorales762024,20105,3.03,40.00,BOB,13.21,0.00,24/07/2025 11:45:56,7246720500,S-001,Banexcoin Bolivia
4382,"24/07/2025 12:05:36, UTC -04:00",Completed,Sell,JoseMendoza542025,20200,0.61,8.00,BOB,13.20,0.00,24/07/2025 12:05:49,7246817110,S-001,Banexcoin Bolivia
4383,"24/07/2025 12:05:36, UTC -04:00",Completed,Sell,ElenaMoreno57Max,20149,5.76,75.99,BOB,13.20,0.00,24/07/2025 12:05:55,7246817680,S-001,Banexcoin Bolivia
4385,"24/07/2025 12:08:11, UTC -04:00",Completed,Sell,ElenaMoreno57Max,20149,2.88,37.99,BOB,13.21,0.00,24/07/2025 12:08:23,7246830140,S-001,Banexcoin Bolivia
4391,"24/07/2025 12:34:17, UTC -04:00",Completed,Sell,LuciaNavarro90Cl,20042,1.82,24.00,BOB,13.18,0.00,24/07/2025 12:34:31,7246967680,S-001,Banexcoin Bolivia
4392,"24/07/2025 12:59:24, UTC -04:00",Completed,Sell,JoseMendoza542025,20200,8.42,110.00,BOB,13.06,0.00,24/07/2025 12:59:36,7247095760,S-001,Banexcoin Bolivia
4394,"24/07/2025 13:45:08, UTC -04:00",Completed,Sell,AndresVega17Pro,10086,4.45,57.50,BOB,12.93,0.00,24/07/2025 13:45:24,7247311480,S-001,Banexcoin Bolivia
4396,"24/07/2025 13:56:42, UTC -04:00",Completed,Sell,MariaPerez61Bo,20164,28.05,359.99,BOB,12.83,0.00,24/07/2025 13:56:54,7247359960,S-001,Banexcoin Bolivia
4397,"24/07/2025 13:57:02, UTC -04:00",Completed,Sell,ElenaMoreno57Max,20149,0.58,7.49,BOB,12.85,0.00,24/07/2025 13:57:16,7247361370,S-001,Banexcoin Bolivia
4400,"24/07/2025 14:29:39, UTC -04:00",Completed,Sell,ElenaMoreno57Max,20149,1.78,22.99,BOB,12.91,0.00,24/07/2025 14:29:52,7247497490,S-001,Banexcoin Bolivia
4402,"24/07/2025 14:52:48, UTC -04:00",Completed,Sell,ElenaMoreno57Max,20149,2.91,37.99,BOB,13.06,0.00,24/07/2025 14:52:59,7247593810,S-001,Banexcoin Bolivia
4403,"24/07/2025 14:53:24, UTC -04:00",Completed,Sell,ElenaMoreno57Max,20149,1.76,22.99,BOB,13.06,0.00,24/07/2025 14:53:35,7247596460,S-001,Banexcoin Bolivia
4404,"24/07/2025 14:54:30, UTC -04:00",Completed,Sell,ElenaMoreno57Max,20149,1.76,22.99,BOB,13.06,0.00,24/07/2025 14:54:49,7247601770,S-001,Banexcoin Bolivia
4405,"24/07/2025 14:57:13, UTC -04:00",Completed,Sell,MariaPerez61Bo,20164,1.77,22.99,BOB,13.00,0.00,24/07/2025 14:57:29,7247614290,S-001,Banexcoin Bolivia
4406,"24/07/2025 14:58:04, UTC -04:00",Completed,Sell,LuciaNavarro90Cl,20042,11.56,150.00,BOB,12.98,0.00,24/07/2025 14:58:17,7247617870,S-001,Banexcoin Bolivia
4407,"24/07/2025 15:10:09, UTC -04:00",Completed,Sell,LuciaNavarro90Cl,20042,15.37,200.00,BOB,13.01,0.00,24/07/2025 15:10:21,7247669670,S-001,Banexcoin Bolivia
4411,"24/07/2025 15:50:17, UTC -04:00",Completed,Sell,MariaHerrera79Max,20056,1.00,13.00,BOB,13.04,0.00,24/07/2025 15:50:49,7247845120,S-001,Banexcoin Bolivia
4413,"24/07/2025 15:57:54, UTC -04:00",Completed,Sell,CarlosSerrano59Es,20027,1.54,20.00,BOB,13.03,0.00,24/07/2025 15:58:14,7247878770,S-001,Banexcoin Bolivia
4414,"24/07/2025 16:02:35, UTC -04:00",Completed,Sell,CristinaSuarez852025,10003,62.93,820.45,BOB,13.04,0.00,24/07/2025 16:02:50,7247899430,S-001,Banexcoin Bolivia
4416,"24/07/2025 17:04:01, UTC -04:00",Completed,Sell,CarolinaMoreno552024,20192,0.23,3.00,BOB,13.02,0.00,24/07/2025 17:04:20,7248173530,S-001,Banexcoin Bolivia
4417,"24/07/2025 17:24:04, UTC -04:00",Completed,Sell,LuciaNavarro90Cl,20042,3.30,43.00,BOB,13.04,0.00,24/07/2025 17:24:19,7248268940,S-001,Banexcoin Bolivia
4418,"24/07/2025 17:38:07, UTC -04:00",Completed,Sell,SandraRamirez19Ec,20063,3.84,50.00,BOB,13.02,0.00,24/07/2025 17:38:20,7248335540,S-001,Banexcoin Bolivia
4421,"24/07/2025 18:40:53, UTC -04:00",Completed,Sell,ElenaMoreno57Max,20149,27.61,359.99,BOB,13.04,0.00,24/07/2025 18:41:07,7248640450,S-001,Banexcoin Bolivia
4422,"24/07/2025 18:41:05, UTC -04:00",Completed,Sell,CristinaSuarez852025,10003,10.74,140.00,BOB,13.04,0.00,24/07/2025 18:41:27,7248641900,S-001,Banexcoin Bolivia
4425,"24/07/2025 19:00:58, UTC -04:00",Completed,Sell,MariaPerez61Bo,20164,11.51,149.99,BOB,13.03,0.00,24/07/2025 19:01:18,7248737340,S-001,Banexcoin Bolivia
4426,"24/07/2025 19:02:21, UTC -04:00",Completed,Sell,MariaPerez61Bo,20164,11.51,149.99,BOB,13.03,0.00,24/07/2025 19:02:40,7248744070,S-001,Banexcoin Bolivia
4432,"24/07/2025 19:36:44, UTC -04:00",Completed,Sell,ElenaMoreno57Max,20149,2.93,37.99,BOB,12.96,0.00,24/07/2025 19:36:55,7248906240,S-001,Banexcoin Bolivia
4433,"24/07/2025 20:07:38, UTC -04:00",Completed,Sell,AndresVega17Pro,10086,11.59,150.16,BOB,12.96,0.00,24/07/2025 20:08:01,7249044220,S-001,Banexcoin Bolivia
4434,"24/07/2025 20:09:42, UTC -04:00",Completed,Sell,LuciaNavarro90Cl,20042,13.50,175.00,BOB,12.96,0.00,24/07/2025 20:09:53,7249051900,S-001,Banexcoin Bolivia
4435,"24/07/2025 20:11:01, UTC -04:00",Completed,Sell,AlbertoLeon10007,10008,4.55,59.00,BOB,12.96,0.00,24/07/2025 20:11:31,7249058680,S-001,Banexcoin Bolivia
4436,"24/07/2025 20:12:06, UTC -04:00",Completed,Sell,ElenaMunoz98007,20197,1.93,25.00,BOB,12.96,0.00,24/07/2025 20:12:29,7249062770,S-001,Banexcoin Bolivia
4437,"24/07/2025 20:39:08, UTC -04:00",Completed,Sell,ElenaMoreno57Max,20149,1.77,22.99,BOB,12.96,0.00,24/07/2025 20:39:20,7249170570,S-001,Banexcoin Bolivia
4440,"24/07/2025 21:15:42, UTC -04:00",Completed,Sell,PabloBlanco44456,10025,6.18,80.00,BOB,12.95,0.00,24/07/2025 21:16:20,7249304980,S-001,Banexcoin Bolivia
4442,"24/07/2025 21:18:55, UTC -04:00",Completed,Sell,PabloBlanco44456,10025,2.08,27.00,BOB,12.95,0.00,24/07/2025 21:19:10,7249313870,S-001,Banexcoin Bolivia
4443,"24/07/2025 21:24:18, UTC -04:00",Completed,Sell,CarolinaMoreno552024,20192,4.63,60.00,BOB,12.95,0.00,24/07/2025 21:24:34,7249331210,S-001,Banexcoin Bolivia
4457,"24/07/2025 23:27:31, UTC -04:00",Completed,Sell,MariaPerez61Bo,20164,11.61,149.99,BOB,12.92,0.00,24/07/2025 23:27:44,7249633680,S-001,Banexcoin Bolivia
4462,"25/07/2025 06:15:19, UTC -04:00",Completed,Sell,IsabelMunoz76Max,20141,1.01,13.00,BOB,12.89,0.00,25/07/2025 06:15:42,240914940,S-001,Banexcoin Bolivia
4463,"25/07/2025 06:30:08, UTC -04:00",Completed,Sell,IsabelMunoz76Max,20141,1.16,15.00,BOB,12.90,0.00,25/07/2025 06:30:23,240916030,S-001,Banexcoin Bolivia
4464,"25/07/2025 06:44:09, UTC -04:00",Completed,Sell,CarolinaMoreno552024,20192,0.50,6.50,BOB,12.89,0.00,25/07/2025 06:44:21,7249812430,S-001,Banexcoin Bolivia
4466,"25/07/2025 09:09:04, UTC -04:00",Completed,Sell,JoseMendoza542025,20200,96.37,"1,240.50",BOB,12.87,0.00,25/07/2025 09:09:22,7250133840,S-001,Banexcoin Bolivia
4467,"25/07/2025 09:29:12, UTC -04:00",Completed,Sell,LuciaNavarro90Cl,20042,0.78,10.00,BOB,12.82,0.00,25/07/2025 09:29:44,7250210540,S-001,Banexcoin Bolivia
4470,"25/07/2025 09:36:07, UTC -04:00",Completed,Sell,ElenaMoreno57Max,20149,1.80,22.99,BOB,12.76,0.00,25/07/2025 09:36:25,7250236830,S-001,Banexcoin Bolivia
4471,"25/07/2025 09:45:26, UTC -04:00",Completed,Sell,LuciaNavarro90Cl,20042,7.82,100.00,BOB,12.79,0.00,25/07/2025 09:45:39,7250274390,S-001,Banexcoin Bolivia
4472,"25/07/2025 09:45:46, UTC -04:00",Completed,Sell,ElenaMoreno57Max,20149,11.73,149.99,BOB,12.79,0.00,25/07/2025 09:46:03,7250276070,S-001,Banexcoin Bolivia
4479,"25/07/2025 09:59:50, UTC -04:00",Completed,Sell,JoseMendoza542025,20200,4.06,52.00,BOB,12.82,0.00,25/07/2025 10:00:04,7250335390,S-001,Banexcoin Bolivia
4480,"25/07/2025 10:00:50, UTC -04:00",Completed,Sell,JoseMendoza542025,20200,1.79,23.00,BOB,12.82,0.00,25/07/2025 10:01:04,7250339610,S-001,Banexcoin Bolivia
4481,"25/07/2025 10:11:34, UTC -04:00",Completed,Sell,ElenaMoreno57Max,20149,2.97,37.99,BOB,12.78,0.00,25/07/2025 10:11:44,7250384990,S-001,Banexcoin Bolivia
4483,"25/07/2025 11:02:51, UTC -04:00",Completed,Sell,ElenaMoreno57Max,20149,1.79,22.99,BOB,12.81,0.00,25/07/2025 11:03:05,7250610240,S-001,Banexcoin Bolivia
4484,"25/07/2025 11:06:07, UTC -04:00",Completed,Sell,ElenaMoreno57Max,20149,5.93,75.99,BOB,12.81,0.00,25/07/2025 11:06:21,7250625330,S-001,Banexcoin Bolivia
4485,"25/07/2025 11:06:57, UTC -04:00",Completed,Sell,ElenaMoreno57Max,20149,0.58,7.49,BOB,12.81,0.00,25/07/2025 11:07:09,7250629160,S-001,Banexcoin Bolivia
4486,"25/07/2025 11:07:42, UTC -04:00",Completed,Sell,ElenaMoreno57Max,20149,1.79,22.99,BOB,12.81,0.00,25/07/2025 11:07:55,7250632660,S-001,Banexcoin Bolivia
4487,"25/07/2025 11:08:47, UTC -04:00",Completed,Sell,ElenaMoreno57Max,20149,2.97,37.99,BOB,12.81,0.00,25/07/2025 11:08:59,7250637990,S-001,Banexcoin Bolivia
4489,"25/07/2025 11:12:27, UTC -04:00",Completed,Sell,ElenaMoreno57Max,20149,5.93,75.99,BOB,12.81,0.00,25/07/2025 11:12:39,7250654730,S-001,Banexcoin Bolivia
4497,"25/07/2025 12:31:41, UTC -04:00",Completed,Sell,ElenaMoreno57Max,20149,28.04,359.99,BOB,12.84,0.00,25/07/2025 12:31:53,7251048700,S-001,Banexcoin Bolivia
4498,"25/07/2025 12:33:07, UTC -04:00",Completed,Sell,ElenaMoreno57Max,20149,2.96,37.99,BOB,12.84,0.00,25/07/2025 12:33:23,7251056090,S-001,Banexcoin Bolivia
4499,"25/07/2025 12:34:00, UTC -04:00",Completed,Sell,ElenaMoreno57Max,20149,0.58,7.49,BOB,12.84,0.00,25/07/2025 12:34:13,7251060420,S-001,Banexcoin Bolivia
4503,"25/07/2025 12:40:07, UTC -04:00",Completed,Sell,CristinaSuarez852025,10003,20.24,260.00,BOB,12.85,0.00,25/07/2025 12:40:23,241025240,S-001,Banexcoin Bolivia
4504,"25/07/2025 12:45:23, UTC -04:00",Completed,Sell,ElenaMoreno57Max,20149,5.92,75.99,BOB,12.85,0.00,25/07/2025 12:45:35,7251122120,S-001,Banexcoin Bolivia
4505,"25/07/2025 12:52:30, UTC -04:00",Completed,Sell,MariaPerez61Bo,20164,11.68,149.99,BOB,12.85,0.00,25/07/2025 12:52:56,7251160430,S-001,Banexcoin Bolivia
4509,"25/07/2025 13:26:24, UTC -04:00",Completed,Sell,AndresVega17Pro,10086,8.56,110.00,BOB,12.85,0.00,25/07/2025 13:26:43,7251328040,S-001,Banexcoin Bolivia
4515,"25/07/2025 13:55:45, UTC -04:00",Completed,Sell,LuciaNavarro90Cl,20042,12.85,165.00,BOB,12.85,0.00,25/07/2025 13:55:56,7251459910,S-001,Banexcoin Bolivia
4516,"25/07/2025 14:16:35, UTC -04:00",Completed,Sell,LuciaNavarro90Cl,20042,42.72,550.00,BOB,12.88,0.00,25/07/2025 14:16:51,7251552290,S-001,Banexcoin Bolivia
4519,"25/07/2025 14:21:41, UTC -04:00",Completed,Sell,MariaPerez61Bo,20164,11.64,149.99,BOB,12.88,0.00,25/07/2025 14:21:55,7251574050,S-001,Banexcoin Bolivia
4520,"25/07/2025 14:21:48, UTC -04:00",Completed,Sell,ElenaMoreno57Max,20149,2.95,37.99,BOB,12.88,0.00,25/07/2025 14:22:01,7251574530,S-001,Banexcoin Bolivia
4521,"25/07/2025 14:26:20, UTC -04:00",Completed,Sell,ElenaMoreno57Max,20149,1.78,22.99,BOB,12.89,0.00,25/07/2025 14:26:34,7251594670,S-001,Banexcoin Bolivia
4523,"25/07/2025 14:42:18, UTC -04:00",Completed,Sell,MariaPerez61Bo,20164,27.92,359.99,BOB,12.89,0.00,25/07/2025 14:42:32,7251664800,S-001,Banexcoin Bolivia
4524,"25/07/2025 14:45:46, UTC -04:00",Completed,Sell,ElenaMoreno57Max,20149,1.78,22.99,BOB,12.91,0.00,25/07/2025 14:45:58,7251679970,S-001,Banexcoin Bolivia
4529,"25/07/2025 14:56:36, UTC -04:00",Completed,Sell,MariaPerez61Bo,20164,27.87,359.99,BOB,12.92,0.00,25/07/2025 14:57:09,7251731510,S-001,Banexcoin Bolivia
4530,"25/07/2025 15:10:38, UTC -04:00",Completed,Sell,MariaPerez61Bo,20164,11.60,149.99,BOB,12.93,0.00,25/07/2025 15:11:20,7251795430,S-001,Banexcoin Bolivia
4531,"25/07/2025 15:17:57, UTC -04:00",Completed,Sell,MariaPerez61Bo,20164,27.83,359.99,BOB,12.93,0.00,25/07/2025 15:18:08,7251825960,S-001,Banexcoin Bolivia
4532,"25/07/2025 15:18:56, UTC -04:00",Completed,Sell,MariaPerez61Bo,20164,27.83,359.99,BOB,12.94,0.00,25/07/2025 15:19:08,7251830750,S-001,Banexcoin Bolivia
4533,"25/07/2025 15:19:49, UTC -04:00",Completed,Sell,MariaPerez61Bo,20164,27.82,359.99,BOB,12.94,0.00,25/07/2025 15:20:00,7251834750,S-001,Banexcoin Bolivia
4535,"25/07/2025 15:40:43, UTC -04:00",Completed,Sell,MariaPerez61Bo,20164,27.57,359.99,BOB,13.06,0.00,25/07/2025 15:40:55,7251931150,S-001,Banexcoin Bolivia
4536,"25/07/2025 15:41:17, UTC -04:00",Completed,Sell,MariaPerez61Bo,20164,27.56,359.99,BOB,13.06,0.00,25/07/2025 15:41:27,7251933590,S-001,Banexcoin Bolivia
4537,"25/07/2025 15:41:55, UTC -04:00",Completed,Sell,MariaPerez61Bo,20164,27.56,359.99,BOB,13.06,0.00,25/07/2025 15:42:05,7251936410,S-001,Banexcoin Bolivia
4544,"25/07/2025 15:51:57, UTC -04:00",Completed,Sell,JoseMendoza542025,20200,0.76,10.00,BOB,13.13,0.00,25/07/2025 15:52:11,7251981220,S-001,Banexcoin Bolivia
4545,"25/07/2025 15:54:56, UTC -04:00",Completed,Sell,JoseMendoza542025,20200,1.90,25.00,BOB,13.14,0.00,25/07/2025 15:55:14,7251990610,S-001,Banexcoin Bolivia
4546,"25/07/2025 16:10:20, UTC -04:00",Completed,Sell,MariaPerez61Bo,20164,27.49,359.99,BOB,13.10,0.00,25/07/2025 16:10:34,7252062110,S-001,Banexcoin Bolivia
4547,"25/07/2025 16:11:16, UTC -04:00",Completed,Sell,MariaPerez61Bo,20164,27.65,359.99,BOB,13.02,0.00,25/07/2025 16:11:30,7252067050,S-001,Banexcoin Bolivia
4548,"25/07/2025 16:11:48, UTC -04:00",Completed,Sell,MariaPerez61Bo,20164,27.65,359.99,BOB,13.02,0.00,25/07/2025 16:12:12,7252070630,S-001,Banexcoin Bolivia
4549,"25/07/2025 17:04:46, UTC -04:00",Completed,Sell,JoseMendoza542025,20200,15.42,200.00,BOB,12.97,0.00,25/07/2025 17:05:03,7252322830,S-001,Banexcoin Bolivia
4551,"25/07/2025 17:27:28, UTC -04:00",Completed,Sell,MariaPerez61Bo,20164,27.91,359.99,BOB,12.90,0.00,25/07/2025 17:27:40,7252433930,S-001,Banexcoin Bolivia
4555,"25/07/2025 17:43:02, UTC -04:00",Completed,Sell,CristinaSuarez852025,10003,27.24,350.00,BOB,12.85,0.00,25/07/2025 17:43:27,241142020,S-001,Banexcoin Bolivia
4556,"25/07/2025 17:53:44, UTC -04:00",Completed,Sell,MariaPerez61Bo,20164,0.58,7.49,BOB,12.84,0.00,25/07/2025 17:53:57,7252568320,S-001,Banexcoin Bolivia
4557,"25/07/2025 17:54:43, UTC -04:00",Completed,Sell,MariaPerez61Bo,20164,0.58,7.49,BOB,12.83,0.00,25/07/2025 17:54:57,7252573480,S-001,Banexcoin Bolivia
4558,"25/07/2025 17:58:16, UTC -04:00",Completed,Sell,CristinaRamirez93Ar,20167,0.08,1.00,BOB,12.83,0.00,25/07/2025 17:59:15,7252594510,S-001,Banexcoin Bolivia
4559,"25/07/2025 18:03:48, UTC -04:00",Completed,Sell,EnriqueSoto41Ec,20145,1.17,15.00,BOB,12.87,0.00,25/07/2025 18:03:59,7252618620,S-001,Banexcoin Bolivia
4560,"25/07/2025 18:11:51, UTC -04:00",Completed,Sell,CarolinaMoreno552024,20192,0.93,12.00,BOB,12.91,0.00,25/07/2025 18:12:04,241153440,S-001,Banexcoin Bolivia
4561,"25/07/2025 18:46:05, UTC -04:00",Completed,Sell,LuciaNavarro90Cl,20042,6.98,90.00,BOB,12.90,0.00,25/07/2025 18:46:17,7252837000,S-001,Banexcoin Bolivia
4563,"25/07/2025 19:24:17, UTC -04:00",Completed,Sell,ElenaMoreno57Max,20149,27.87,359.99,BOB,12.92,0.00,25/07/2025 19:24:39,7253032820,S-001,Banexcoin Bolivia
4564,"25/07/2025 19:25:24, UTC -04:00",Completed,Sell,ElenaMoreno57Max,20149,27.86,359.99,BOB,12.92,0.00,25/07/2025 19:25:35,7253037340,S-001,Banexcoin Bolivia
4565,"25/07/2025 19:25:55, UTC -04:00",Completed,Sell,ElenaMoreno57Max,20149,27.86,359.99,BOB,12.92,0.00,25/07/2025 19:26:05,7253039550,S-001,Banexcoin Bolivia
4566,"25/07/2025 19:26:22, UTC -04:00",Completed,Sell,ElenaMoreno57Max,20149,27.87,359.99,BOB,12.92,0.00,25/07/2025 19:26:35,7253041590,S-001,Banexcoin Bolivia
4567,"25/07/2025 19:26:56, UTC -04:00",Completed,Sell,ElenaMoreno57Max,20149,27.87,359.99,BOB,12.92,0.00,25/07/2025 19:27:07,7253044460,S-001,Banexcoin Bolivia
4568,"25/07/2025 19:27:20, UTC -04:00",Completed,Sell,ElenaMoreno57Max,20149,27.87,359.99,BOB,12.92,0.00,25/07/2025 19:27:31,7253046560,S-001,Banexcoin Bolivia
4569,"25/07/2025 19:28:09, UTC -04:00",Completed,Sell,ElenaMoreno57Max,20149,5.89,75.99,BOB,12.91,0.00,25/07/2025 19:28:21,7253050840,S-001,Banexcoin Bolivia
4570,"25/07/2025 19:28:46, UTC -04:00",Completed,Sell,ElenaMoreno57Max,20149,5.89,75.99,BOB,12.91,0.00,25/07/2025 19:28:59,7253054030,S-001,Banexcoin Bolivia
4571,"25/07/2025 19:29:28, UTC -04:00",Completed,Sell,MariaPerez61Bo,20164,0.58,7.49,BOB,12.91,0.00,25/07/2025 19:29:39,7253057380,S-001,Banexcoin Bolivia
4572,"25/07/2025 19:37:55, UTC -04:00",Completed,Sell,MariaPerez61Bo,20164,27.90,359.99,BOB,12.90,0.00,25/07/2025 19:38:12,7253099360,S-001,Banexcoin Bolivia
4574,"25/07/2025 19:41:19, UTC -04:00",Completed,Sell,MariaPerez61Bo,20164,27.90,359.99,BOB,12.90,0.00,25/07/2025 19:41:34,7253116250,S-001,Banexcoin Bolivia
4575,"25/07/2025 19:43:37, UTC -04:00",Completed,Sell,MariaPerez61Bo,20164,27.89,359.99,BOB,12.91,0.00,25/07/2025 19:43:50,7253127540,S-001,Banexcoin Bolivia
4576,"25/07/2025 19:47:35, UTC -04:00",Completed,Sell,ElenaMoreno57Max,20149,1.78,22.99,BOB,12.92,0.00,25/07/2025 19:47:48,7253146770,S-001,Banexcoin Bolivia
4578,"25/07/2025 19:56:40, UTC -04:00",Completed,Sell,ElenaMoreno57Max,20149,27.84,359.99,BOB,12.93,0.00,25/07/2025 19:56:52,7253190240,S-001,Banexcoin Bolivia
4580,"25/07/2025 20:11:51, UTC -04:00",Completed,Sell,AlbertoLeon10007,10008,1.60,20.64,BOB,12.92,0.00,25/07/2025 20:12:05,7253261010,S-001,Banexcoin Bolivia
4581,"25/07/2025 20:12:11, UTC -04:00",Completed,Sell,ElenaMoreno57Max,20149,27.89,359.99,BOB,12.91,0.00,25/07/2025 20:12:23,7253262610,S-001,Banexcoin Bolivia
4582,"25/07/2025 20:13:46, UTC -04:00",Completed,Sell,MariaPerez61Bo,20164,27.90,359.99,BOB,12.91,0.00,25/07/2025 20:14:35,7253272570,S-001,Banexcoin Bolivia
4583,"25/07/2025 20:18:23, UTC -04:00",Completed,Sell,ElenaMoreno57Max,20149,5.88,75.99,BOB,12.92,0.00,25/07/2025 20:18:35,7253290070,S-001,Banexcoin Bolivia
4584,"25/07/2025 20:20:18, UTC -04:00",Completed,Sell,ElenaMoreno57Max,20149,5.88,75.99,BOB,12.93,0.00,25/07/2025 20:20:31,7253298260,S-001,Banexcoin Bolivia
4585,"25/07/2025 20:25:33, UTC -04:00",Completed,Sell,ElenaMoreno57Max,20149,1.78,22.99,BOB,12.92,0.00,25/07/2025 20:25:44,7253321450,S-001,Banexcoin Bolivia
4586,"25/07/2025 20:29:46, UTC -04:00",Completed,Sell,ElenaMoreno57Max,20149,11.62,149.99,BOB,12.91,0.00,25/07/2025 20:30:08,7253340860,S-001,Banexcoin Bolivia
4587,"25/07/2025 20:30:40, UTC -04:00",Completed,Sell,ElenaMoreno57Max,20149,2.94,37.99,BOB,12.91,0.00,25/07/2025 20:30:54,7253344220,S-001,Banexcoin Bolivia
4588,"25/07/2025 20:34:11, UTC -04:00",Completed,Sell,ElenaMoreno57Max,20149,27.88,359.99,BOB,12.91,0.00,25/07/2025 20:34:24,7253360000,S-001,Banexcoin Bolivia
4589,"25/07/2025 20:34:37, UTC -04:00",Completed,Sell,ElenaMoreno57Max,20149,5.88,75.99,BOB,12.91,0.00,25/07/2025 20:34:50,7253361830,S-001,Banexcoin Bolivia
4590,"25/07/2025 20:38:51, UTC -04:00",Completed,Sell,ElenaMoreno57Max,20149,5.88,75.99,BOB,12.91,0.00,25/07/2025 20:39:02,7253379610,S-001,Banexcoin Bolivia
4591,"25/07/2025 20:45:24, UTC -04:00",Completed,Sell,ElenaMoreno57Max,20149,1.78,22.99,BOB,12.91,0.00,25/07/2025 20:45:35,7253406940,S-001,Banexcoin Bolivia
4592,"25/07/2025 20:51:44, UTC -04:00",Completed,Sell,JoseMendoza542025,20200,6.27,81.00,BOB,12.92,0.00,25/07/2025 20:52:01,7253433780,S-001,Banexcoin Bolivia
4594,"25/07/2025 20:52:26, UTC -04:00",Completed,Sell,PedroNavarro78456,20009,0.93,12.00,BOB,12.92,0.00,25/07/2025 20:52:47,7253437210,S-001,Banexcoin Bolivia
4597,"25/07/2025 21:06:19, UTC -04:00",Completed,Sell,MariaPerez61Bo,20164,11.63,149.99,BOB,12.90,0.00,25/07/2025 21:06:45,7253492970,S-001,Banexcoin Bolivia
4598,"25/07/2025 21:18:08, UTC -04:00",Completed,Sell,MariaPerez61Bo,20164,27.91,359.99,BOB,12.90,0.00,25/07/2025 21:18:20,7253537490,S-001,Banexcoin Bolivia
4599,"25/07/2025 21:27:28, UTC -04:00",Completed,Sell,MariaPerez61Bo,20164,27.99,359.99,BOB,12.86,0.00,25/07/2025 21:27:40,7253571360,S-001,Banexcoin Bolivia
4601,"25/07/2025 21:38:36, UTC -04:00",Completed,Sell,ElenaMoreno57Max,20149,27.98,359.99,BOB,12.86,0.00,25/07/2025 21:38:49,7253611040,S-001,Banexcoin Bolivia
4602,"25/07/2025 21:39:12, UTC -04:00",Completed,Sell,ElenaMoreno57Max,20149,27.98,359.99,BOB,12.86,0.00,25/07/2025 21:39:23,7253612970,S-001,Banexcoin Bolivia
4603,"25/07/2025 21:39:38, UTC -04:00",Completed,Sell,ElenaMoreno57Max,20149,27.98,359.99,BOB,12.86,0.00,25/07/2025 21:39:51,7253614400,S-001,Banexcoin Bolivia
4604,"25/07/2025 21:40:13, UTC -04:00",Completed,Sell,ElenaMoreno57Max,20149,27.96,359.99,BOB,12.87,0.00,25/07/2025 21:40:25,7253616490,S-001,Banexcoin Bolivia
4605,"25/07/2025 21:40:42, UTC -04:00",Completed,Sell,ElenaMoreno57Max,20149,27.96,359.99,BOB,12.87,0.00,25/07/2025 21:40:53,7253618240,S-001,Banexcoin Bolivia
4606,"25/07/2025 21:42:32, UTC -04:00",Completed,Sell,ElenaMoreno57Max,20149,1.79,22.99,BOB,12.87,0.00,25/07/2025 21:42:43,7253624680,S-001,Banexcoin Bolivia
4607,"25/07/2025 21:43:14, UTC -04:00",Completed,Sell,ElenaMoreno57Max,20149,2.95,37.99,BOB,12.87,0.00,25/07/2025 21:43:33,7253627340,S-001,Banexcoin Bolivia
4609,"25/07/2025 22:05:46, UTC -04:00",Completed,Sell,ElenaMoreno57Max,20149,5.90,75.99,BOB,12.88,0.00,25/07/2025 22:06:06,7253700510,S-001,Banexcoin Bolivia
4610,"25/07/2025 22:13:50, UTC -04:00",Completed,Sell,ElenaMoreno57Max,20149,5.89,75.99,BOB,12.91,0.00,25/07/2025 22:14:04,7253724610,S-001,Banexcoin Bolivia
4611,"25/07/2025 22:54:32, UTC -04:00",Completed,Sell,MariaPerez61Bo,20164,27.95,359.99,BOB,12.88,0.00,25/07/2025 22:54:44,7253832700,S-001,Banexcoin Bolivia
4612,"25/07/2025 22:55:13, UTC -04:00",Completed,Sell,MariaPerez61Bo,20164,11.65,149.99,BOB,12.88,0.00,25/07/2025 22:55:24,7253834370,S-001,Banexcoin Bolivia
4613,"25/07/2025 23:03:01, UTC -04:00",Completed,Sell,ElenaMoreno57Max,20149,27.94,359.99,BOB,12.88,0.00,25/07/2025 23:03:14,7253851440,S-001,Banexcoin Bolivia
4614,"25/07/2025 23:04:18, UTC -04:00",Completed,Sell,ElenaMoreno57Max,20149,27.94,359.99,BOB,12.88,0.00,25/07/2025 23:04:29,7253854130,S-001,Banexcoin Bolivia
4615,"25/07/2025 23:05:04, UTC -04:00",Completed,Sell,ElenaMoreno57Max,20149,27.94,359.99,BOB,12.88,0.00,25/07/2025 23:05:15,7253855760,S-001,Banexcoin Bolivia
4616,"25/07/2025 23:05:32, UTC -04:00",Completed,Sell,ElenaMoreno57Max,20149,27.94,359.99,BOB,12.88,0.00,25/07/2025 23:05:43,7253856700,S-001,Banexcoin Bolivia
4617,"25/07/2025 23:06:41, UTC -04:00",Completed,Sell,ElenaMoreno57Max,20149,27.94,359.99,BOB,12.88,0.00,25/07/2025 23:06:53,7253858940,S-001,Banexcoin Bolivia
4618,"25/07/2025 23:10:24, UTC -04:00",Completed,Sell,ElenaMoreno57Max,20149,27.94,359.99,BOB,12.88,0.00,25/07/2025 23:10:35,7253866650,S-001,Banexcoin Bolivia
4619,"25/07/2025 23:10:46, UTC -04:00",Completed,Sell,ElenaMoreno57Max,20149,27.94,359.99,BOB,12.88,0.00,25/07/2025 23:10:57,7253867280,S-001,Banexcoin Bolivia
4620,"25/07/2025 23:11:08, UTC -04:00",Completed,Sell,ElenaMoreno57Max,20149,27.95,359.99,BOB,12.88,0.00,25/07/2025 23:11:23,7253868150,S-001,Banexcoin Bolivia
4621,"25/07/2025 23:13:38, UTC -04:00",Completed,Sell,JoseMendoza542025,20200,1.16,15.00,BOB,12.88,0.00,25/07/2025 23:13:53,7253873220,S-001,Banexcoin Bolivia
4622,"25/07/2025 23:20:32, UTC -04:00",Completed,Sell,ElenaMoreno57Max,20149,27.98,359.99,BOB,12.87,0.00,25/07/2025 23:20:43,7253886630,S-001,Banexcoin Bolivia
4623,"25/07/2025 23:21:03, UTC -04:00",Completed,Sell,ElenaMoreno57Max,20149,27.98,359.99,BOB,12.87,0.00,25/07/2025 23:21:15,7253887820,S-001,Banexcoin Bolivia
4624,"25/07/2025 23:21:31, UTC -04:00",Completed,Sell,ElenaMoreno57Max,20149,27.98,359.99,BOB,12.87,0.00,25/07/2025 23:21:41,7253888580,S-001,Banexcoin Bolivia
4626,"26/07/2025 00:12:03, UTC -04:00",Completed,Sell,MariaPerez61Bo,20164,11.73,149.99,BOB,12.79,0.00,26/07/2025 00:12:16,7253956820,S-001,Banexcoin Bolivia
4627,"26/07/2025 00:17:40, UTC -04:00",Completed,Sell,MariaPerez61Bo,20164,28.16,359.99,BOB,12.78,0.00,26/07/2025 00:17:56,7253962580,S-001,Banexcoin Bolivia
4631,"26/07/2025 00:26:39, UTC -04:00",Completed,Sell,ElenaMoreno57Max,20149,1.79,22.99,BOB,12.86,0.00,26/07/2025 00:26:50,7253972410,S-001,Banexcoin Bolivia
4632,"26/07/2025 02:10:19, UTC -04:00",Completed,Sell,ElenaMoreno57Max,20149,1.81,22.99,BOB,12.70,0.00,26/07/2025 02:10:31,7254046190,S-001,Banexcoin Bolivia
4633,"26/07/2025 03:24:31, UTC -04:00",Completed,Sell,MariaPerez61Bo,20164,28.33,359.99,BOB,12.71,0.00,26/07/2025 03:24:52,7254075880,S-001,Banexcoin Bolivia
4634,"26/07/2025 03:26:02, UTC -04:00",Completed,Sell,MariaPerez61Bo,20164,28.41,359.99,BOB,12.67,0.00,26/07/2025 03:26:14,7254076350,S-001,Banexcoin Bolivia
4637,"26/07/2025 04:11:07, UTC -04:00",Completed,Sell,MariaPerez61Bo,20164,5.98,75.99,BOB,12.71,0.00,26/07/2025 04:11:20,7254089740,S-001,Banexcoin Bolivia
4639,"26/07/2025 06:55:18, UTC -04:00",Completed,Sell,CarolinaMoreno552024,20192,0.54,7.00,BOB,12.85,0.00,26/07/2025 06:55:38,7254150940,S-001,Banexcoin Bolivia
4652,"26/07/2025 09:45:29, UTC -04:00",Completed,Sell,EnriqueSoto41Ec,20145,1.55,20.00,BOB,12.88,0.00,26/07/2025 09:45:41,7254596900,S-001,Banexcoin Bolivia
4653,"26/07/2025 10:15:37, UTC -04:00",Completed,Sell,SergioRubio672024,20142,0.78,10.00,BOB,12.89,0.00,26/07/2025 10:15:51,7254729410,S-001,Banexcoin Bolivia
4654,"26/07/2025 10:26:36, UTC -04:00",Completed,Sell,CristinaSuarez852025,10003,107.11,"1,380.00",BOB,12.88,0.00,26/07/2025 10:27:07,7254782380,S-001,Banexcoin Bolivia
4655,"26/07/2025 10:35:53, UTC -04:00",Completed,Sell,ElenaMoreno57Max,20149,5.90,75.99,BOB,12.88,0.00,26/07/2025 10:36:06,7254825170,S-001,Banexcoin Bolivia
4656,"26/07/2025 10:36:51, UTC -04:00",Completed,Sell,ElenaMoreno57Max,20149,1.78,22.99,BOB,12.88,0.00,26/07/2025 10:37:14,7254830250,S-001,Banexcoin Bolivia
4657,"26/07/2025 10:40:37, UTC -04:00",Completed,Sell,ElenaMoreno57Max,20149,2.95,37.99,BOB,12.88,0.00,26/07/2025 10:40:48,7254847640,S-001,Banexcoin Bolivia
4659,"26/07/2025 10:47:25, UTC -04:00",Completed,Sell,MariaPerez61Bo,20164,11.64,149.99,BOB,12.89,0.00,26/07/2025 10:47:38,7254880920,S-001,Banexcoin Bolivia
4661,"26/07/2025 10:47:59, UTC -04:00",Completed,Sell,ElenaMoreno57Max,20149,5.89,75.99,BOB,12.89,0.00,26/07/2025 10:48:12,7254883470,S-001,Banexcoin Bolivia
4671,"26/07/2025 13:07:50, UTC -04:00",Completed,Sell,IsabelMunoz76Max,20141,0.31,4.00,BOB,12.87,0.00,26/07/2025 13:08:08,7255654320,S-001,Banexcoin Bolivia
4673,"26/07/2025 13:59:31, UTC -04:00",Completed,Sell,ElenaMoreno57Max,20149,11.63,149.99,BOB,12.90,0.00,26/07/2025 13:59:43,7255927380,S-001,Banexcoin Bolivia
4674,"26/07/2025 14:06:44, UTC -04:00",Completed,Sell,ElenaMoreno57Max,20149,2.95,37.99,BOB,12.88,0.00,26/07/2025 14:06:57,7255961860,S-001,Banexcoin Bolivia
4675,"26/07/2025 14:36:25, UTC -04:00",Completed,Sell,CarolinaMoreno552024,20192,1.39,18.00,BOB,12.92,0.00,26/07/2025 14:36:40,7256106910,S-001,Banexcoin Bolivia
4676,"26/07/2025 14:37:58, UTC -04:00",Completed,Sell,EnriqueSoto41Ec,20145,0.93,12.00,BOB,12.92,0.00,26/07/2025 14:38:10,7256114320,S-001,Banexcoin Bolivia
4677,"26/07/2025 14:51:38, UTC -04:00",Completed,Sell,JoseMendoza542025,20200,30.15,390.25,BOB,12.94,0.00,26/07/2025 14:51:51,7256178540,S-001,Banexcoin Bolivia
4678,"26/07/2025 14:54:37, UTC -04:00",Completed,Sell,LuciaNavarro90Cl,20042,4.32,56.00,BOB,12.95,0.00,26/07/2025 14:54:51,7256191830,S-001,Banexcoin Bolivia
4679,"26/07/2025 15:00:42, UTC -04:00",Completed,Sell,MonicaSoto952025,20133,2.78,36.00,BOB,12.96,0.00,26/07/2025 15:01:05,7256221610,S-001,Banexcoin Bolivia
4680,"26/07/2025 15:29:50, UTC -04:00",Completed,Sell,PabloBlanco44456,10025,16.76,216.50,BOB,12.91,0.00,26/07/2025 15:30:05,7256356310,S-001,Banexcoin Bolivia
4681,"26/07/2025 15:30:20, UTC -04:00",Completed,Sell,EnriqueSoto41Ec,20145,0.93,12.00,BOB,12.91,0.00,26/07/2025 15:30:31,7256358240,S-001,Banexcoin Bolivia
4683,"26/07/2025 15:56:59, UTC -04:00",Completed,Sell,MariaPerez61Bo,20164,27.94,359.99,BOB,12.88,0.00,26/07/2025 15:57:12,7256476650,S-001,Banexcoin Bolivia
4684,"26/07/2025 15:58:41, UTC -04:00",Completed,Sell,MariaPerez61Bo,20164,27.94,359.99,BOB,12.88,0.00,26/07/2025 15:58:54,7256483490,S-001,Banexcoin Bolivia
4685,"26/07/2025 16:01:17, UTC -04:00",Completed,Sell,CarolinaMoreno552024,20192,0.47,6.00,BOB,12.89,0.00,26/07/2025 16:01:54,7256497340,S-001,Banexcoin Bolivia
4686,"26/07/2025 16:04:28, UTC -04:00",Completed,Sell,ElenaMoreno57Max,20149,1.78,22.99,BOB,12.88,0.00,26/07/2025 16:04:40,7256509460,S-001,Banexcoin Bolivia
4687,"26/07/2025 16:05:18, UTC -04:00",Completed,Sell,ElenaMoreno57Max,20149,5.90,75.99,BOB,12.88,0.00,26/07/2025 16:05:30,7256513060,S-001,Banexcoin Bolivia
4692,"26/07/2025 16:09:15, UTC -04:00",Completed,Sell,ElenaMoreno57Max,20149,1.78,22.99,BOB,12.88,0.00,26/07/2025 16:09:27,7256530060,S-001,Banexcoin Bolivia
4696,"26/07/2025 16:33:47, UTC -04:00",Completed,Sell,AlbertoLeon10007,10008,23.26,300.00,BOB,12.90,0.00,26/07/2025 16:34:00,241461360,S-001,Banexcoin Bolivia
4734,"26/07/2025 17:53:11, UTC -04:00",Completed,Sell,AlbertoMendoza44123,20107,0.00,0.01,BOB,12.89,0.00,26/07/2025 17:53:41,7256996240,S-001,Banexcoin Bolivia
4737,"26/07/2025 18:20:24, UTC -04:00",Completed,Sell,ElenaMoreno57Max,20149,27.91,359.99,BOB,12.90,0.00,26/07/2025 18:20:36,7257121390,S-001,Banexcoin Bolivia
4738,"26/07/2025 18:20:32, UTC -04:00",Completed,Sell,MariaPerez61Bo,20164,27.91,359.99,BOB,12.90,0.00,26/07/2025 18:20:50,7257122470,S-001,Banexcoin Bolivia
4739,"26/07/2025 18:20:46, UTC -04:00",Completed,Sell,ElenaMoreno57Max,20149,27.91,359.99,BOB,12.90,0.00,26/07/2025 18:21:02,7257123530,S-001,Banexcoin Bolivia
4740,"26/07/2025 18:21:21, UTC -04:00",Completed,Sell,MariaPerez61Bo,20164,27.91,359.99,BOB,12.90,0.00,26/07/2025 18:21:34,7257126090,S-001,Banexcoin Bolivia
4741,"26/07/2025 18:21:31, UTC -04:00",Completed,Sell,ElenaMoreno57Max,20149,1.78,22.99,BOB,12.90,0.00,26/07/2025 18:21:44,7257126850,S-001,Banexcoin Bolivia
4742,"26/07/2025 18:22:07, UTC -04:00",Completed,Sell,MariaPerez61Bo,20164,27.91,359.99,BOB,12.90,0.00,26/07/2025 18:22:16,7257129250,S-001,Banexcoin Bolivia
4743,"26/07/2025 18:22:54, UTC -04:00",Completed,Sell,MariaPerez61Bo,20164,27.91,359.99,BOB,12.90,0.00,26/07/2025 18:23:10,7257133560,S-001,Banexcoin Bolivia
4744,"26/07/2025 18:24:44, UTC -04:00",Completed,Sell,MariaPerez61Bo,20164,27.91,359.99,BOB,12.90,0.00,26/07/2025 18:25:09,7257142180,S-001,Banexcoin Bolivia
4745,"26/07/2025 18:43:44, UTC -04:00",Completed,Sell,VictorHernandez22456,20176,0.77,10.00,BOB,12.90,0.00,26/07/2025 18:44:07,241503870,S-001,Banexcoin Bolivia
4748,"26/07/2025 19:22:52, UTC -04:00",Completed,Sell,LuciaNavarro90Cl,20042,16.27,210.00,BOB,12.90,0.00,26/07/2025 19:23:05,7257415900,S-001,Banexcoin Bolivia
4749,"26/07/2025 19:49:05, UTC -04:00",Completed,Sell,MariaPerez61Bo,20164,27.89,359.99,BOB,12.91,0.00,26/07/2025 19:49:22,7257538280,S-001,Banexcoin Bolivia
4750,"26/07/2025 19:51:59, UTC -04:00",Completed,Sell,MariaPerez61Bo,20164,11.62,149.99,BOB,12.91,0.00,26/07/2025 19:52:12,7257552190,S-001,Banexcoin Bolivia
4752,"26/07/2025 20:18:01, UTC -04:00",Completed,Sell,MonicaSoto952025,20133,0.74,9.50,BOB,12.92,0.00,26/07/2025 20:18:23,7257667380,S-001,Banexcoin Bolivia
4753,"26/07/2025 20:22:13, UTC -04:00",Completed,Sell,ElenaMoreno57Max,20149,27.87,359.99,BOB,12.92,0.00,26/07/2025 20:22:24,7257684140,S-001,Banexcoin Bolivia
4754,"26/07/2025 20:23:25, UTC -04:00",Completed,Sell,ElenaMoreno57Max,20149,27.87,359.99,BOB,12.92,0.00,26/07/2025 20:23:36,7257688670,S-001,Banexcoin Bolivia
4756,"26/07/2025 21:08:10, UTC -04:00",Completed,Sell,AlbertoSoto78Pro,20184,1.40,18.00,BOB,12.90,0.00,26/07/2025 21:08:36,7257865780,S-001,Banexcoin Bolivia
4757,"26/07/2025 21:10:09, UTC -04:00",Completed,Sell,ElenaMoreno57Max,20149,2.95,37.99,BOB,12.90,0.00,26/07/2025 21:10:22,7257872390,S-001,Banexcoin Bolivia
4758,"26/07/2025 21:10:23, UTC -04:00",Completed,Sell,MariaPerez61Bo,20164,27.91,359.99,BOB,12.90,0.00,26/07/2025 21:10:44,7257873820,S-001,Banexcoin Bolivia
4759,"26/07/2025 22:09:02, UTC -04:00",Completed,Sell,MariaPerez61Bo,20164,11.65,149.99,BOB,12.87,0.00,26/07/2025 22:09:27,7258072310,S-001,Banexcoin Bolivia
4760,"26/07/2025 22:25:26, UTC -04:00",Completed,Sell,ElenaMoreno57Max,20149,27.96,359.99,BOB,12.88,0.00,26/07/2025 22:25:37,7258119510,S-001,Banexcoin Bolivia
4773,"26/07/2025 23:06:34, UTC -04:00",Completed,Sell,MariaPerez61Bo,20164,27.95,359.99,BOB,12.88,0.00,26/07/2025 23:06:45,7258220310,S-001,Banexcoin Bolivia
4774,"26/07/2025 23:07:11, UTC -04:00",Completed,Sell,MariaPerez61Bo,20164,27.95,359.99,BOB,12.88,0.00,26/07/2025 23:07:23,7258221870,S-001,Banexcoin Bolivia
4775,"26/07/2025 23:07:38, UTC -04:00",Completed,Sell,MariaPerez61Bo,20164,27.95,359.99,BOB,12.88,0.00,26/07/2025 23:07:51,7258222790,S-001,Banexcoin Bolivia
4777,"26/07/2025 23:10:45, UTC -04:00",Completed,Sell,MariaPerez61Bo,20164,27.96,359.99,BOB,12.88,0.00,26/07/2025 23:11:01,7258229440,S-001,Banexcoin Bolivia
4778,"26/07/2025 23:12:08, UTC -04:00",Completed,Sell,ElenaMoreno57Max,20149,5.90,75.99,BOB,12.88,0.00,26/07/2025 23:12:21,7258232520,S-001,Banexcoin Bolivia
4779,"26/07/2025 23:12:58, UTC -04:00",Completed,Sell,ElenaMoreno57Max,20149,27.96,359.99,BOB,12.88,0.00,26/07/2025 23:13:09,7258234220,S-001,Banexcoin Bolivia
4780,"26/07/2025 23:13:23, UTC -04:00",Completed,Sell,ElenaMoreno57Max,20149,27.96,359.99,BOB,12.88,0.00,26/07/2025 23:13:35,7258235300,S-001,Banexcoin Bolivia
4781,"26/07/2025 23:29:13, UTC -04:00",Completed,Sell,JoseMendoza542025,20200,22.68,292.00,BOB,12.87,0.00,26/07/2025 23:29:26,7258266580,S-001,Banexcoin Bolivia
4782,"26/07/2025 23:30:17, UTC -04:00",Completed,Sell,MariaPerez61Bo,20164,11.65,149.99,BOB,12.87,0.00,26/07/2025 23:30:28,7258268700,S-001,Banexcoin Bolivia
4783,"26/07/2025 23:37:01, UTC -04:00",Completed,Sell,JoseMendoza542025,20200,0.78,10.00,BOB,12.87,0.00,26/07/2025 23:37:12,7258280920,S-001,Banexcoin Bolivia
4784,"27/07/2025 01:26:49, UTC -04:00",Completed,Sell,MariaPerez61Bo,20164,28.01,359.99,BOB,12.85,0.00,27/07/2025 01:27:03,7258415310,S-001,Banexcoin Bolivia
4786,"27/07/2025 04:52:09, UTC -04:00",Completed,Sell,MonicaRuiz91Pro,20122,3.89,50.00,BOB,12.85,0.00,27/07/2025 04:52:35,7258548420,S-001,Banexcoin Bolivia
4792,"27/07/2025 07:38:18, UTC -04:00",Completed,Sell,ElenaPerez81Ec,20199,2.33,30.00,BOB,12.89,0.00,27/07/2025 07:39:00,7258633920,S-001,Banexcoin Bolivia
4802,"27/07/2025 09:57:15, UTC -04:00",Completed,Sell,ElenaMoreno57Max,20149,1.78,22.99,BOB,12.92,0.00,27/07/2025 09:57:30,7258932990,S-001,Banexcoin Bolivia
4803,"27/07/2025 10:05:54, UTC -04:00",Completed,Sell,ElenaMoreno57Max,20149,1.78,22.99,BOB,12.94,0.00,27/07/2025 10:06:06,7258959720,S-001,Banexcoin Bolivia
4804,"27/07/2025 10:10:34, UTC -04:00",Completed,Sell,ElenaMoreno57Max,20149,2.94,37.99,BOB,12.94,0.00,27/07/2025 10:10:45,7258973420,S-001,Banexcoin Bolivia
4805,"27/07/2025 10:24:23, UTC -04:00",Completed,Sell,ElenaMoreno57Max,20149,2.94,37.99,BOB,12.94,0.00,27/07/2025 10:24:33,7259018300,S-001,Banexcoin Bolivia
4806,"27/07/2025 10:25:06, UTC -04:00",Completed,Sell,ElenaMoreno57Max,20149,1.78,22.99,BOB,12.95,0.00,27/07/2025 10:25:17,7259021020,S-001,Banexcoin Bolivia
4807,"27/07/2025 10:25:50, UTC -04:00",Completed,Sell,ElenaMoreno57Max,20149,2.93,37.99,BOB,12.95,0.00,27/07/2025 10:26:01,7259023440,S-001,Banexcoin Bolivia
4810,"27/07/2025 10:39:40, UTC -04:00",Completed,Sell,ElenaMoreno57Max,20149,2.93,37.99,BOB,12.97,0.00,27/07/2025 10:39:52,7259068780,S-001,Banexcoin Bolivia
4811,"27/07/2025 10:41:53, UTC -04:00",Completed,Sell,ElenaMoreno57Max,20149,1.77,22.99,BOB,12.98,0.00,27/07/2025 10:42:06,7259076750,S-001,Banexcoin Bolivia
4812,"27/07/2025 10:44:15, UTC -04:00",Completed,Sell,FernandoCampos72123,20202,0.08,1.00,BOB,12.99,0.00,27/07/2025 10:44:30,7259085300,S-001,Banexcoin Bolivia
4824,"27/07/2025 11:38:26, UTC -04:00",Completed,Sell,CarolinaMoreno552024,20192,0.89,11.54,BOB,12.90,0.00,27/07/2025 11:38:39,241649740,S-001,Banexcoin Bolivia
4825,"27/07/2025 11:41:34, UTC -04:00",Completed,Sell,ElenaMoreno57Max,20149,27.87,359.99,BOB,12.92,0.00,27/07/2025 11:41:45,7259294320,S-001,Banexcoin Bolivia
4827,"27/07/2025 11:52:04, UTC -04:00",Completed,Sell,PabloSuarez91Pro,20096,1.01,13.00,BOB,12.93,0.00,27/07/2025 11:52:29,241653860,S-001,Banexcoin Bolivia
4828,"27/07/2025 11:53:12, UTC -04:00",Completed,Sell,ElenaMoreno57Max,20149,27.84,359.99,BOB,12.93,0.00,27/07/2025 11:53:23,7259337880,S-001,Banexcoin Bolivia
4829,"27/07/2025 11:53:59, UTC -04:00",Completed,Sell,ElenaMoreno57Max,20149,27.84,359.99,BOB,12.93,0.00,27/07/2025 11:54:13,7259340800,S-001,Banexcoin Bolivia
4830,"27/07/2025 11:54:10, UTC -04:00",Completed,Sell,JorgeHernandez43Mx,10098,3.87,50.00,BOB,12.93,0.00,27/07/2025 11:54:41,7259342650,S-001,Banexcoin Bolivia
4831,"27/07/2025 11:54:25, UTC -04:00",Completed,Sell,ElenaMoreno57Max,20149,11.60,149.99,BOB,12.93,0.00,27/07/2025 11:54:35,7259342340,S-001,Banexcoin Bolivia
4832,"27/07/2025 11:57:24, UTC -04:00",Completed,Sell,MariaPerez61Bo,20164,27.83,359.99,BOB,12.93,0.00,27/07/2025 11:57:39,7259353670,S-001,Banexcoin Bolivia
4833,"27/07/2025 12:04:37, UTC -04:00",Completed,Sell,ManuelRomero362025,20175,0.19,2.50,BOB,12.93,0.00,27/07/2025 12:04:54,7259382020,S-001,Banexcoin Bolivia
4834,"27/07/2025 12:07:02, UTC -04:00",Completed,Sell,JoseMendoza542025,20200,1.16,15.00,BOB,12.92,0.00,27/07/2025 12:07:14,7259392090,S-001,Banexcoin Bolivia
4835,"27/07/2025 12:07:10, UTC -04:00",Completed,Sell,LuciaNavarro90Cl,20042,5.42,70.00,BOB,12.92,0.00,27/07/2025 12:07:26,7259392700,S-001,Banexcoin Bolivia
4836,"27/07/2025 12:17:38, UTC -04:00",Completed,Sell,PaulaMunoz77Pro,20043,5.81,75.00,BOB,12.91,0.00,27/07/2025 12:17:58,7259433490,S-001,Banexcoin Bolivia
4837,"27/07/2025 12:36:08, UTC -04:00",Completed,Sell,JoseMendoza542025,20200,8.68,112.00,BOB,12.91,0.00,27/07/2025 12:36:19,7259505700,S-001,Banexcoin Bolivia
4838,"27/07/2025 12:47:35, UTC -04:00",Completed,Sell,LuciaNavarro90Cl,20042,5.12,66.00,BOB,12.89,0.00,27/07/2025 12:47:48,7259550880,S-001,Banexcoin Bolivia
4845,"27/07/2025 12:53:33, UTC -04:00",Completed,Sell,AndresMoreno82Co,20100,1.00,12.88,BOB,12.89,0.00,27/07/2025 12:53:52,7259574640,S-001,Banexcoin Bolivia
4847,"27/07/2025 13:14:49, UTC -04:00",Completed,Sell,ElenaMoreno57Max,20149,1.78,22.99,BOB,12.90,0.00,27/07/2025 13:15:23,7259656960,S-001,Banexcoin Bolivia
4848,"27/07/2025 13:24:40, UTC -04:00",Completed,Sell,ElenaMoreno57Max,20149,1.78,22.99,BOB,12.91,0.00,27/07/2025 13:24:51,7259692070,S-001,Banexcoin Bolivia
4849,"27/07/2025 13:24:54, UTC -04:00",Completed,Sell,NataliaFernandez10Co,20185,0.39,5.00,BOB,12.91,0.00,27/07/2025 13:25:23,7259694270,S-001,Banexcoin Bolivia
4850,"27/07/2025 13:25:32, UTC -04:00",Completed,Sell,ElenaMoreno57Max,20149,1.78,22.99,BOB,12.91,0.00,27/07/2025 13:25:45,7259695370,S-001,Banexcoin Bolivia
4851,"27/07/2025 13:27:27, UTC -04:00",Completed,Sell,ElenaMoreno57Max,20149,2.94,37.99,BOB,12.91,0.00,27/07/2025 13:27:40,7259702750,S-001,Banexcoin Bolivia
4852,"27/07/2025 13:28:39, UTC -04:00",Completed,Sell,ElenaMoreno57Max,20149,1.78,22.99,BOB,12.91,0.00,27/07/2025 13:28:50,7259707270,S-001,Banexcoin Bolivia
4853,"27/07/2025 13:46:16, UTC -04:00",Completed,Sell,PabloBlanco44456,10025,18.81,243.00,BOB,12.92,0.00,27/07/2025 13:47:28,7259775500,S-001,Banexcoin Bolivia
4854,"27/07/2025 13:46:35, UTC -04:00",Completed,Sell,ManuelRomero362025,20175,1.55,20.00,BOB,12.92,0.00,27/07/2025 13:46:54,7259773430,S-001,Banexcoin Bolivia
4856,"27/07/2025 14:20:51, UTC -04:00",Completed,Sell,JoseMendoza542025,20200,11.62,150.00,BOB,12.90,0.00,27/07/2025 14:21:02,7259888260,S-001,Banexcoin Bolivia
4873,"27/07/2025 14:58:48, UTC -04:00",Completed,Sell,LuciaNavarro90Cl,20042,6.59,85.00,BOB,12.91,0.00,27/07/2025 14:59:02,7260007560,S-001,Banexcoin Bolivia
4874,"27/07/2025 15:03:28, UTC -04:00",Completed,Sell,ElenaMoreno57Max,20149,0.58,7.49,BOB,12.91,0.00,27/07/2025 15:03:40,7260022440,S-001,Banexcoin Bolivia
4875,"27/07/2025 15:13:58, UTC -04:00",Completed,Sell,MonicaSoto952025,20133,0.31,4.00,BOB,12.91,0.00,27/07/2025 15:14:32,7260054480,S-001,Banexcoin Bolivia
4876,"27/07/2025 15:21:53, UTC -04:00",Completed,Sell,JoseMendoza542025,20200,1.55,20.00,BOB,12.91,0.00,27/07/2025 15:22:05,7260077410,S-001,Banexcoin Bolivia
4877,"27/07/2025 15:33:57, UTC -04:00",Completed,Sell,ElenaMoreno57Max,20149,5.88,75.99,BOB,12.92,0.00,27/07/2025 15:34:11,7260114270,S-001,Banexcoin Bolivia
4878,"27/07/2025 15:36:32, UTC -04:00",Completed,Sell,AndresVega17Pro,10086,14.63,189.00,BOB,12.92,0.00,27/07/2025 15:36:43,241708370,S-001,Banexcoin Bolivia
4879,"27/07/2025 16:35:53, UTC -04:00",Completed,Sell,BeatrizMorales44Max,20109,2.71,35.00,BOB,12.92,0.00,27/07/2025 16:36:40,7260297450,S-001,Banexcoin Bolivia
4889,"27/07/2025 18:17:57, UTC -04:00",Completed,Sell,LuciaNavarro90Cl,20042,22.41,290.00,BOB,12.94,0.00,27/07/2025 18:18:08,7260606900,S-001,Banexcoin Bolivia
4892,"27/07/2025 19:23:26, UTC -04:00",Completed,Sell,JoseMendoza542025,20200,7.58,98.00,BOB,12.94,0.00,27/07/2025 19:23:37,7260829560,S-001,Banexcoin Bolivia
4893,"27/07/2025 19:29:52, UTC -04:00",Completed,Sell,LuciaNavarro90Cl,20042,8.50,110.00,BOB,12.94,0.00,27/07/2025 19:30:40,7260853700,S-001,Banexcoin Bolivia
4906,"27/07/2025 21:15:43, UTC -04:00",Completed,Sell,MariaPerez61Bo,20164,27.83,359.99,BOB,12.94,0.00,27/07/2025 21:15:54,7261186170,S-001,Banexcoin Bolivia
4907,"27/07/2025 21:16:24, UTC -04:00",Completed,Sell,MariaPerez61Bo,20164,27.83,359.99,BOB,12.94,0.00,27/07/2025 21:16:40,7261188500,S-001,Banexcoin Bolivia
4910,"27/07/2025 23:54:25, UTC -04:00",Completed,Sell,MariaPerez61Bo,20164,27.85,359.99,BOB,12.92,0.00,27/07/2025 23:54:35,7261466200,S-001,Banexcoin Bolivia
4911,"27/07/2025 23:55:06, UTC -04:00",Completed,Sell,MariaPerez61Bo,20164,27.86,359.99,BOB,12.92,0.00,27/07/2025 23:55:21,7261466680,S-001,Banexcoin Bolivia
4915,"28/07/2025 01:04:39, UTC -04:00",Completed,Sell,MariaPerez61Bo,20164,27.87,359.99,BOB,12.91,0.00,28/07/2025 01:04:53,7261502710,S-001,Banexcoin Bolivia
4916,"28/07/2025 01:59:31, UTC -04:00",Completed,Sell,MariaPerez61Bo,20164,27.85,359.99,BOB,12.93,0.00,28/07/2025 01:59:43,7261520520,S-001,Banexcoin Bolivia
4921,"28/07/2025 08:44:48, UTC -04:00",Completed,Sell,ElenaMoreno57Max,20149,1.78,22.99,BOB,12.95,0.00,28/07/2025 08:45:13,7261754770,S-001,Banexcoin Bolivia
4922,"28/07/2025 08:45:47, UTC -04:00",Completed,Sell,ElenaMoreno57Max,20149,2.93,37.99,BOB,12.95,0.00,28/07/2025 08:46:01,7261757070,S-001,Banexcoin Bolivia
4923,"28/07/2025 08:47:36, UTC -04:00",Completed,Sell,ElenaMoreno57Max,20149,2.93,37.99,BOB,12.95,0.00,28/07/2025 08:47:47,7261762140,S-001,Banexcoin Bolivia
4924,"28/07/2025 08:48:16, UTC -04:00",Completed,Sell,ElenaMoreno57Max,20149,1.78,22.99,BOB,12.95,0.00,28/07/2025 08:48:51,7261764750,S-001,Banexcoin Bolivia
4925,"28/07/2025 08:49:10, UTC -04:00",Completed,Sell,ElenaMoreno57Max,20149,1.78,22.99,BOB,12.95,0.00,28/07/2025 08:49:23,7261766170,S-001,Banexcoin Bolivia
4926,"28/07/2025 08:50:14, UTC -04:00",Completed,Sell,ElenaMoreno57Max,20149,5.87,75.99,BOB,12.95,0.00,28/07/2025 08:50:31,7261769540,S-001,Banexcoin Bolivia
4927,"28/07/2025 08:51:13, UTC -04:00",Completed,Sell,ElenaMoreno57Max,20149,1.78,22.99,BOB,12.95,0.00,28/07/2025 08:51:25,7261774080,S-001,Banexcoin Bolivia
4928,"28/07/2025 08:51:58, UTC -04:00",Completed,Sell,ElenaMoreno57Max,20149,2.93,37.99,BOB,12.95,0.00,28/07/2025 08:52:13,7261776500,S-001,Banexcoin Bolivia
4929,"28/07/2025 08:53:14, UTC -04:00",Completed,Sell,ElenaMoreno57Max,20149,5.87,75.99,BOB,12.95,0.00,28/07/2025 08:53:26,7261779910,S-001,Banexcoin Bolivia
4930,"28/07/2025 09:12:54, UTC -04:00",Completed,Sell,ManuelRomero362025,20175,0.62,8.00,BOB,12.92,0.00,28/07/2025 09:14:12,7261846360,S-001,Banexcoin Bolivia
4931,"28/07/2025 09:14:42, UTC -04:00",Completed,Sell,JoseMendoza542025,20200,1.78,23.00,BOB,12.92,0.00,28/07/2025 09:14:54,7261848800,S-001,Banexcoin Bolivia
4932,"28/07/2025 09:36:21, UTC -04:00",Completed,Sell,FranciscoHernandez80Es,20131,7.74,100.00,BOB,12.93,0.00,28/07/2025 09:37:28,7261924040,S-001,Banexcoin Bolivia
4933,"28/07/2025 09:41:24, UTC -04:00",Completed,Sell,ElenaMoreno57Max,20149,1.78,22.99,BOB,12.92,0.00,28/07/2025 09:41:38,7261939540,S-001,Banexcoin Bolivia
4934,"28/07/2025 09:42:10, UTC -04:00",Completed,Sell,ElenaMoreno57Max,20149,27.86,359.99,BOB,12.92,0.00,28/07/2025 09:42:28,7261942230,S-001,Banexcoin Bolivia
4935,"28/07/2025 09:43:14, UTC -04:00",Completed,Sell,ElenaMoreno57Max,20149,1.78,22.99,BOB,12.92,0.00,28/07/2025 09:43:28,7261945930,S-001,Banexcoin Bolivia
4936,"28/07/2025 09:47:20, UTC -04:00",Completed,Sell,ElenaMoreno57Max,20149,2.94,37.99,BOB,12.92,0.00,28/07/2025 09:47:32,7261961050,S-001,Banexcoin Bolivia
4937,"28/07/2025 10:07:13, UTC -04:00",Completed,Sell,ElenaMoreno57Max,20149,1.78,22.99,BOB,12.93,0.00,28/07/2025 10:07:25,7262036770,S-001,Banexcoin Bolivia
4938,"28/07/2025 10:08:58, UTC -04:00",Completed,Sell,ElenaMoreno57Max,20149,5.88,75.99,BOB,12.93,0.00,28/07/2025 10:09:09,7262043800,S-001,Banexcoin Bolivia
4939,"28/07/2025 10:12:17, UTC -04:00",Completed,Sell,CristinaSuarez852025,10003,155.48,"2,011.44",BOB,12.94,0.00,28/07/2025 10:12:33,7262057090,S-001,Banexcoin Bolivia
4944,"28/07/2025 10:25:40, UTC -04:00",Completed,Sell,PabloSuarez91Pro,20096,0.93,12.00,BOB,12.94,0.00,28/07/2025 10:25:54,7262110140,S-001,Banexcoin Bolivia
4945,"28/07/2025 11:14:46, UTC -04:00",Completed,Sell,LuciaNavarro90Cl,20042,10.05,130.00,BOB,12.93,0.00,28/07/2025 11:15:20,7262317120,S-001,Banexcoin Bolivia
4946,"28/07/2025 11:22:08, UTC -04:00",Completed,Sell,ElenaMoreno57Max,20149,1.78,22.99,BOB,12.95,0.00,28/07/2025 11:22:20,7262345340,S-001,Banexcoin Bolivia
4947,"28/07/2025 11:28:05, UTC -04:00",Completed,Sell,LuciaNavarro90Cl,20042,2.55,33.00,BOB,12.95,0.00,28/07/2025 11:28:16,7262370040,S-001,Banexcoin Bolivia
4948,"28/07/2025 11:32:27, UTC -04:00",Completed,Sell,ElenaMoreno57Max,20149,2.93,37.99,BOB,12.95,0.00,28/07/2025 11:32:39,7262388650,S-001,Banexcoin Bolivia
4951,"28/07/2025 12:02:05, UTC -04:00",Completed,Sell,LuisSoto61Pe,20125,9.84,127.50,BOB,12.96,0.00,28/07/2025 12:02:34,1640859460,S-001,Banexcoin Bolivia
4952,"28/07/2025 12:03:13, UTC -04:00",Completed,Sell,ElenaMoreno57Max,20149,1.77,22.99,BOB,12.96,0.00,28/07/2025 12:03:24,7262522910,S-001,Banexcoin Bolivia
4953,"28/07/2025 12:29:05, UTC -04:00",Completed,Sell,FernandoCampos72123,20202,57.11,740.00,BOB,12.96,0.00,28/07/2025 12:29:27,7262651950,S-001,Banexcoin Bolivia
4956,"28/07/2025 12:49:22, UTC -04:00",Completed,Sell,LuisSoto61Pe,20125,2.93,38.00,BOB,12.97,0.00,28/07/2025 12:49:46,7262755360,S-001,Banexcoin Bolivia
4961,"28/07/2025 12:57:18, UTC -04:00",Completed,Sell,MariaPerez61Bo,20164,27.76,359.99,BOB,12.97,0.00,28/07/2025 12:57:34,7262792770,S-001,Banexcoin Bolivia
4963,"28/07/2025 12:58:04, UTC -04:00",Completed,Sell,MariaPerez61Bo,20164,27.76,359.99,BOB,12.97,0.00,28/07/2025 12:58:14,7262796270,S-001,Banexcoin Bolivia
4964,"28/07/2025 12:58:51, UTC -04:00",Completed,Sell,MariaPerez61Bo,20164,27.76,359.99,BOB,12.97,0.00,28/07/2025 12:59:11,7262800460,S-001,Banexcoin Bolivia
4971,"28/07/2025 13:07:39, UTC -04:00",Completed,Sell,SandraRamirez19Ec,20063,6.17,80.00,BOB,12.97,0.00,28/07/2025 13:07:57,7262841190,S-001,Banexcoin Bolivia
4972,"28/07/2025 13:23:33, UTC -04:00",Completed,Sell,RaquelGarcia35Pe,20120,0.77,10.00,BOB,12.97,0.00,28/07/2025 13:24:12,7262916190,S-001,Banexcoin Bolivia
4973,"28/07/2025 13:25:26, UTC -04:00",Completed,Sell,MariaPerez61Bo,20164,11.56,149.99,BOB,12.97,0.00,28/07/2025 13:25:44,7262922840,S-001,Banexcoin Bolivia
4974,"28/07/2025 13:41:05, UTC -04:00",Completed,Sell,LuciaNavarro90Cl,20042,4.24,55.00,BOB,12.98,0.00,28/07/2025 13:41:38,7262995860,S-001,Banexcoin Bolivia
4975,"28/07/2025 13:55:06, UTC -04:00",Completed,Sell,ElenaMoreno57Max,20149,5.85,75.99,BOB,12.99,0.00,28/07/2025 13:55:19,7263053520,S-001,Banexcoin Bolivia
4976,"28/07/2025 14:05:44, UTC -04:00",Completed,Sell,MariaPerez61Bo,20164,11.54,149.99,BOB,13.00,0.00,28/07/2025 14:05:55,7263097530,S-001,Banexcoin Bolivia
4977,"28/07/2025 14:11:48, UTC -04:00",Completed,Sell,JoseRubio782024,20065,13.45,175.00,BOB,13.01,0.00,28/07/2025 14:12:10,241952630,S-001,Banexcoin Bolivia
4978,"28/07/2025 14:17:00, UTC -04:00",Completed,Sell,JuanMolina31Es,20114,0.77,10.00,BOB,13.02,0.00,28/07/2025 14:17:44,7263144380,S-001,Banexcoin Bolivia
4988,"28/07/2025 14:31:46, UTC -04:00",Completed,Sell,MariaPerez61Bo,20164,11.52,149.99,BOB,13.02,0.00,28/07/2025 14:32:11,7263203040,S-001,Banexcoin Bolivia
4990,"28/07/2025 14:44:36, UTC -04:00",Completed,Sell,PabloBlanco44456,10025,15.34,200.00,BOB,13.04,0.00,28/07/2025 14:44:51,7263255520,S-001,Banexcoin Bolivia
4991,"28/07/2025 15:06:04, UTC -04:00",Completed,Sell,LuciaNavarro90Cl,20042,17.62,230.00,BOB,13.05,0.00,28/07/2025 15:06:16,7263348630,S-001,Banexcoin Bolivia
4992,"28/07/2025 15:08:08, UTC -04:00",Completed,Sell,MariaPerez61Bo,20164,27.58,359.99,BOB,13.05,0.00,28/07/2025 15:08:22,7263357380,S-001,Banexcoin Bolivia
4993,"28/07/2025 15:08:53, UTC -04:00",Completed,Sell,MariaPerez61Bo,20164,27.58,359.99,BOB,13.05,0.00,28/07/2025 15:09:10,7263360430,S-001,Banexcoin Bolivia
4995,"28/07/2025 15:29:07, UTC -04:00",Completed,Sell,MariaDelgado75Ar,20083,16.23,213.00,BOB,13.12,0.00,28/07/2025 15:29:39,7263446170,S-001,Banexcoin Bolivia
4997,"28/07/2025 15:33:06, UTC -04:00",Completed,Sell,LuciaNavarro90Cl,20042,1.52,20.00,BOB,13.16,0.00,28/07/2025 15:33:17,241981930,S-001,Banexcoin Bolivia
5000,"28/07/2025 15:36:19, UTC -04:00",Completed,Sell,AlbertoLeon10007,10008,21.21,280.00,BOB,13.20,0.00,28/07/2025 15:36:37,7263475820,S-001,Banexcoin Bolivia
5002,"28/07/2025 15:50:26, UTC -04:00",Completed,Sell,GloriaDelgado61Max,10078,3.67,50.00,BOB,13.61,0.00,28/07/2025 15:51:22,7263538510,S-001,Banexcoin Bolivia
5003,"28/07/2025 15:53:53, UTC -04:00",Completed,Sell,ElenaMoreno57Max,20149,11.03,149.99,BOB,13.60,0.00,28/07/2025 15:54:04,7263550310,S-001,Banexcoin Bolivia
5005,"28/07/2025 15:57:02, UTC -04:00",Completed,Sell,ElenaMoreno57Max,20149,2.90,37.99,BOB,13.10,0.00,28/07/2025 15:57:22,7263564640,S-001,Banexcoin Bolivia
5006,"28/07/2025 16:00:13, UTC -04:00",Completed,Sell,ElenaMoreno57Max,20149,1.75,22.99,BOB,13.15,0.00,28/07/2025 16:00:28,7263578120,S-001,Banexcoin Bolivia
5009,"28/07/2025 16:03:35, UTC -04:00",Completed,Sell,ElenaMoreno57Max,20149,1.73,22.99,BOB,13.28,0.00,28/07/2025 16:03:53,7263593030,S-001,Banexcoin Bolivia
5010,"28/07/2025 16:06:04, UTC -04:00",Completed,Sell,MariaPerez61Bo,20164,26.93,359.99,BOB,13.37,0.00,28/07/2025 16:06:17,7263604020,S-001,Banexcoin Bolivia
5016,"28/07/2025 16:15:05, UTC -04:00",Completed,Sell,ElenaMoreno57Max,20149,5.79,75.99,BOB,13.13,0.00,28/07/2025 16:15:47,7263645130,S-001,Banexcoin Bolivia
5020,"28/07/2025 16:18:55, UTC -04:00",Completed,Sell,JoseMendoza542025,20200,105.38,"1,388.00",BOB,13.17,0.00,28/07/2025 16:19:21,7263661430,S-001,Banexcoin Bolivia
5021,"28/07/2025 16:23:38, UTC -04:00",Completed,Sell,ManuelRomero362025,20175,0.19,2.50,BOB,13.16,0.00,28/07/2025 16:23:56,7263681000,S-001,Banexcoin Bolivia
5022,"28/07/2025 16:38:53, UTC -04:00",Completed,Sell,MonicaSoto952025,20133,1.51,20.00,BOB,13.26,0.00,28/07/2025 16:39:18,7263752490,S-001,Banexcoin Bolivia
5023,"28/07/2025 16:45:45, UTC -04:00",Completed,Sell,LuciaNavarro90Cl,20042,124.48,"1,638.00",BOB,13.16,0.00,28/07/2025 16:45:57,7263781750,S-001,Banexcoin Bolivia
5029,"28/07/2025 17:03:11, UTC -04:00",Completed,Sell,MariaPerez61Bo,20164,11.38,149.99,BOB,13.18,0.00,28/07/2025 17:03:51,7263863160,S-001,Banexcoin Bolivia
5031,"28/07/2025 17:20:26, UTC -04:00",Completed,Sell,ElenaMoreno57Max,20149,27.25,359.99,BOB,13.21,0.00,28/07/2025 17:20:38,7263940820,S-001,Banexcoin Bolivia
5032,"28/07/2025 17:20:52, UTC -04:00",Completed,Sell,ElenaMoreno57Max,20149,27.25,359.99,BOB,13.21,0.00,28/07/2025 17:21:04,7263942100,S-001,Banexcoin Bolivia
5033,"28/07/2025 17:21:28, UTC -04:00",Completed,Sell,ElenaMoreno57Max,20149,27.26,359.99,BOB,13.21,0.00,28/07/2025 17:21:40,7263944160,S-001,Banexcoin Bolivia
5034,"28/07/2025 17:22:00, UTC -04:00",Completed,Sell,ElenaMoreno57Max,20149,11.36,149.99,BOB,13.21,0.00,28/07/2025 17:22:12,7263947470,S-001,Banexcoin Bolivia
5035,"28/07/2025 17:22:55, UTC -04:00",Completed,Sell,ElenaMoreno57Max,20149,11.34,149.99,BOB,13.23,0.00,28/07/2025 17:23:06,7263951990,S-001,Banexcoin Bolivia
5036,"28/07/2025 17:23:54, UTC -04:00",Completed,Sell,ElenaMoreno57Max,20149,11.34,149.99,BOB,13.23,0.00,28/07/2025 17:24:04,7263956560,S-001,Banexcoin Bolivia
5037,"28/07/2025 17:24:40, UTC -04:00",Completed,Sell,ElenaMoreno57Max,20149,2.87,37.99,BOB,13.23,0.00,28/07/2025 17:24:50,7263960660,S-001,Banexcoin Bolivia
5038,"28/07/2025 17:25:57, UTC -04:00",Completed,Sell,ElenaMoreno57Max,20149,2.87,37.99,BOB,13.23,0.00,28/07/2025 17:26:08,7263966560,S-001,Banexcoin Bolivia
5042,"28/07/2025 17:44:54, UTC -04:00",Completed,Sell,MonicaSoto952025,20133,1.06,14.00,BOB,13.21,0.00,28/07/2025 17:45:09,7264056640,S-001,Banexcoin Bolivia
5043,"28/07/2025 17:48:48, UTC -04:00",Completed,Sell,GloriaDelgado61Max,10078,9.07,120.00,BOB,13.22,0.00,28/07/2025 17:49:07,7264075880,S-001,Banexcoin Bolivia
5047,"28/07/2025 18:18:38, UTC -04:00",Completed,Sell,MariaPerez61Bo,20164,5.74,75.99,BOB,13.24,0.00,28/07/2025 18:19:11,7264221960,S-001,Banexcoin Bolivia
5048,"28/07/2025 18:29:57, UTC -04:00",Completed,Sell,LuisSoto61Pe,20125,15.77,209.24,BOB,13.27,0.00,28/07/2025 18:30:17,7264275850,S-001,Banexcoin Bolivia
5049,"28/07/2025 18:58:46, UTC -04:00",Completed,Sell,ElenaMoreno57Max,20149,2.81,37.99,BOB,13.51,0.00,28/07/2025 18:58:59,7264419510,S-001,Banexcoin Bolivia
5052,"28/07/2025 19:34:52, UTC -04:00",Completed,Sell,ElenaMoreno57Max,20149,1.71,22.99,BOB,13.45,0.00,28/07/2025 19:35:06,7264591030,S-001,Banexcoin Bolivia
5054,"28/07/2025 20:32:43, UTC -04:00",Completed,Sell,MariaPerez61Bo,20164,26.71,359.99,BOB,13.48,0.00,28/07/2025 20:32:55,7264828840,S-001,Banexcoin Bolivia
5055,"28/07/2025 20:33:13, UTC -04:00",Completed,Sell,MariaPerez61Bo,20164,26.71,359.99,BOB,13.48,0.00,28/07/2025 20:33:33,7264831230,S-001,Banexcoin Bolivia
5056,"28/07/2025 20:44:58, UTC -04:00",Completed,Sell,ElenaMoreno57Max,20149,5.63,75.99,BOB,13.49,0.00,28/07/2025 20:45:09,7264874640,S-001,Banexcoin Bolivia
5057,"28/07/2025 20:45:28, UTC -04:00",Completed,Sell,ElenaMoreno57Max,20149,5.63,75.99,BOB,13.49,0.00,28/07/2025 20:45:41,7264876650,S-001,Banexcoin Bolivia
5058,"28/07/2025 20:53:24, UTC -04:00",Completed,Sell,LuciaNavarro90Cl,20042,3.40,46.00,BOB,13.53,0.00,28/07/2025 20:53:38,7264903740,S-001,Banexcoin Bolivia
5059,"28/07/2025 21:03:33, UTC -04:00",Completed,Sell,JoseMendoza542025,20200,11.65,158.00,BOB,13.56,0.00,28/07/2025 21:03:44,7264937840,S-001,Banexcoin Bolivia
5060,"28/07/2025 21:25:15, UTC -04:00",Completed,Sell,MariaPerez61Bo,20164,10.90,149.99,BOB,13.77,0.00,28/07/2025 21:25:29,7265005270,S-001,Banexcoin Bolivia
5061,"28/07/2025 21:29:38, UTC -04:00",Completed,Sell,MariaPerez61Bo,20164,10.94,149.99,BOB,13.71,0.00,28/07/2025 21:29:55,7265017770,S-001,Banexcoin Bolivia
5062,"28/07/2025 21:31:21, UTC -04:00",Completed,Sell,MariaPerez61Bo,20164,10.94,149.99,BOB,13.72,0.00,28/07/2025 21:31:33,7265022520,S-001,Banexcoin Bolivia
5063,"28/07/2025 21:43:52, UTC -04:00",Completed,Sell,ElenaMoreno57Max,20149,25.47,359.99,BOB,14.14,0.00,28/07/2025 21:44:08,7265058390,S-001,Banexcoin Bolivia
5064,"28/07/2025 21:45:45, UTC -04:00",Completed,Sell,ElenaMoreno57Max,20149,25.20,359.99,BOB,14.28,0.00,28/07/2025 21:45:58,7265063600,S-001,Banexcoin Bolivia
5065,"28/07/2025 21:46:38, UTC -04:00",Completed,Sell,ElenaMoreno57Max,20149,25.16,359.99,BOB,14.31,0.00,28/07/2025 21:46:52,7265065980,S-001,Banexcoin Bolivia
5066,"28/07/2025 21:47:42, UTC -04:00",Completed,Sell,ElenaMoreno57Max,20149,25.13,359.99,BOB,14.33,0.00,28/07/2025 21:47:54,7265069080,S-001,Banexcoin Bolivia
5067,"28/07/2025 21:49:12, UTC -04:00",Completed,Sell,ElenaMoreno57Max,20149,24.77,359.99,BOB,14.53,0.00,28/07/2025 21:49:24,7265072900,S-001,Banexcoin Bolivia
5068,"28/07/2025 21:50:51, UTC -04:00",Completed,Sell,ElenaMoreno57Max,20149,24.70,359.99,BOB,14.57,0.00,28/07/2025 21:51:02,7265077380,S-001,Banexcoin Bolivia
5069,"28/07/2025 21:51:33, UTC -04:00",Completed,Sell,ElenaMoreno57Max,20149,24.67,359.99,BOB,14.59,0.00,28/07/2025 21:51:44,7265078850,S-001,Banexcoin Bolivia
5070,"28/07/2025 21:52:13, UTC -04:00",Completed,Sell,ElenaMoreno57Max,20149,24.69,359.99,BOB,14.58,0.00,28/07/2025 21:52:24,7265080520,S-001,Banexcoin Bolivia
5071,"28/07/2025 21:52:59, UTC -04:00",Completed,Sell,ElenaMoreno57Max,20149,24.69,359.99,BOB,14.58,0.00,28/07/2025 21:53:10,7265082480,S-001,Banexcoin Bolivia
5072,"28/07/2025 21:53:29, UTC -04:00",Completed,Sell,ElenaMoreno57Max,20149,24.74,359.99,BOB,14.55,0.00,28/07/2025 21:53:44,7265084010,S-001,Banexcoin Bolivia
5073,"28/07/2025 21:53:35, UTC -04:00",Completed,Sell,JoseMendoza542025,20200,0.62,9.00,BOB,14.55,0.00,28/07/2025 21:53:50,7265084280,S-001,Banexcoin Bolivia
5074,"28/07/2025 21:54:46, UTC -04:00",Completed,Sell,ElenaMoreno57Max,20149,24.69,359.99,BOB,14.58,0.00,28/07/2025 21:54:58,7265087390,S-001,Banexcoin Bolivia
5075,"28/07/2025 21:55:11, UTC -04:00",Completed,Sell,ElenaMoreno57Max,20149,24.89,359.99,BOB,14.46,0.00,28/07/2025 21:55:22,7265088330,S-001,Banexcoin Bolivia
5078,"28/07/2025 21:57:42, UTC -04:00",Completed,Sell,ElenaMoreno57Max,20149,25.81,359.99,BOB,13.95,0.00,28/07/2025 21:57:54,7265095090,S-001,Banexcoin Bolivia
5079,"28/07/2025 21:58:06, UTC -04:00",Completed,Sell,ElenaMoreno57Max,20149,26.00,359.99,BOB,13.85,0.00,28/07/2025 21:58:18,7265096100,S-001,Banexcoin Bolivia
5080,"28/07/2025 21:58:38, UTC -04:00",Completed,Sell,ElenaMoreno57Max,20149,26.00,359.99,BOB,13.85,0.00,28/07/2025 21:59:22,7265098560,S-001,Banexcoin Bolivia
5081,"28/07/2025 21:59:39, UTC -04:00",Completed,Sell,ElenaMoreno57Max,20149,26.06,359.99,BOB,13.82,0.00,28/07/2025 21:59:50,7265099810,S-001,Banexcoin Bolivia
5082,"28/07/2025 22:00:10, UTC -04:00",Completed,Sell,ElenaMoreno57Max,20149,10.85,149.99,BOB,13.83,0.00,28/07/2025 22:00:22,7265101030,S-001,Banexcoin Bolivia
5083,"28/07/2025 22:00:20, UTC -04:00",Completed,Sell,MariaPerez61Bo,20164,26.04,359.99,BOB,13.83,0.00,28/07/2025 22:00:36,7265101630,S-001,Banexcoin Bolivia
5086,"28/07/2025 22:05:08, UTC -04:00",Completed,Sell,ElenaMoreno57Max,20149,25.55,359.99,BOB,14.09,0.00,28/07/2025 22:05:19,7265112670,S-001,Banexcoin Bolivia
5087,"28/07/2025 22:07:09, UTC -04:00",Completed,Sell,ElenaMoreno57Max,20149,5.36,75.99,BOB,14.18,0.00,28/07/2025 22:07:21,7265117730,S-001,Banexcoin Bolivia
5088,"28/07/2025 22:08:10, UTC -04:00",Completed,Sell,ElenaMoreno57Max,20149,2.67,37.99,BOB,14.21,0.00,28/07/2025 22:08:21,7265120120,S-001,Banexcoin Bolivia
5101,"28/07/2025 22:46:30, UTC -04:00",Completed,Sell,ElenaMoreno57Max,20149,1.63,22.99,BOB,14.12,0.00,28/07/2025 22:46:42,7265197640,S-001,Banexcoin Bolivia
5102,"28/07/2025 22:49:35, UTC -04:00",Completed,Sell,ElenaMoreno57Max,20149,1.63,22.99,BOB,14.12,0.00,28/07/2025 22:49:47,7265202470,S-001,Banexcoin Bolivia
5103,"28/07/2025 22:53:56, UTC -04:00",Completed,Sell,ElenaMoreno57Max,20149,1.62,22.99,BOB,14.16,0.00,28/07/2025 22:54:07,7265209010,S-001,Banexcoin Bolivia
5104,"28/07/2025 23:09:06, UTC -04:00",Completed,Sell,MariaPerez61Bo,20164,10.85,149.99,BOB,13.83,0.00,28/07/2025 23:09:17,7265230340,S-001,Banexcoin Bolivia
5105,"28/07/2025 23:35:31, UTC -04:00",Completed,Sell,PabloSuarez91Pro,20096,0.95,13.00,BOB,13.63,0.00,28/07/2025 23:36:11,7265259580,S-001,Banexcoin Bolivia
5106,"28/07/2025 23:52:42, UTC -04:00",Completed,Sell,MariaPerez61Bo,20164,26.35,359.99,BOB,13.66,0.00,28/07/2025 23:52:55,7265272520,S-001,Banexcoin Bolivia
5107,"28/07/2025 23:53:18, UTC -04:00",Completed,Sell,MariaPerez61Bo,20164,26.35,359.99,BOB,13.66,0.00,28/07/2025 23:53:29,7265272860,S-001,Banexcoin Bolivia
5108,"28/07/2025 23:54:06, UTC -04:00",Completed,Sell,MariaPerez61Bo,20164,26.33,359.99,BOB,13.67,0.00,28/07/2025 23:54:17,7265273380,S-001,Banexcoin Bolivia
5112,"29/07/2025 01:22:16, UTC -04:00",Completed,Sell,MariaPerez61Bo,20164,26.35,359.99,BOB,13.66,0.00,29/07/2025 01:22:28,7265309470,S-001,Banexcoin Bolivia
5116,"29/07/2025 09:36:05, UTC -04:00",Completed,Sell,ElenaMoreno57Max,20149,1.68,22.99,BOB,13.69,0.00,29/07/2025 09:36:18,7265745550,S-001,Banexcoin Bolivia
5117,"29/07/2025 09:37:07, UTC -04:00",Completed,Sell,CristinaSuarez852025,10003,0.73,10.00,BOB,13.69,0.00,29/07/2025 09:37:34,7265750470,S-001,Banexcoin Bolivia
5121,"29/07/2025 10:24:03, UTC -04:00",Completed,Sell,LuisSoto61Pe,20125,15.96,220.00,BOB,13.79,0.00,29/07/2025 10:24:30,7265967390,S-001,Banexcoin Bolivia
5136,"29/07/2025 11:28:52, UTC -04:00",Completed,Sell,LuciaNavarro90Cl,20042,10.81,149.67,BOB,13.84,0.00,29/07/2025 11:29:02,7266252160,S-001,Banexcoin Bolivia
5155,"29/07/2025 12:44:34, UTC -04:00",Completed,Sell,LuciaNavarro90Cl,20042,14.15,195.00,BOB,13.78,0.00,29/07/2025 12:44:46,7266638760,S-001,Banexcoin Bolivia
5158,"29/07/2025 12:56:41, UTC -04:00",Completed,Sell,PabloBlanco44456,10025,8.72,120.00,BOB,13.76,0.00,29/07/2025 12:56:56,7266701150,S-001,Banexcoin Bolivia
5159,"29/07/2025 13:07:50, UTC -04:00",Completed,Sell,LuisSoto61Pe,20125,0.87,12.00,BOB,13.75,0.00,29/07/2025 13:08:09,7266755470,S-001,Banexcoin Bolivia
5160,"29/07/2025 13:12:07, UTC -04:00",Completed,Sell,PabloSuarez91Pro,20096,0.36,5.00,BOB,13.73,0.00,29/07/2025 13:12:21,7266776150,S-001,Banexcoin Bolivia
5161,"29/07/2025 13:15:37, UTC -04:00",Completed,Sell,LuciaNavarro90Cl,20042,40.10,550.00,BOB,13.72,0.00,29/07/2025 13:15:51,7266792130,S-001,Banexcoin Bolivia
5162,"29/07/2025 13:33:37, UTC -04:00",Completed,Sell,CristinaSuarez852025,10003,7.39,100.00,BOB,13.54,0.00,29/07/2025 13:34:06,7266875020,S-001,Banexcoin Bolivia
5177,"29/07/2025 14:53:08, UTC -04:00",Completed,Sell,MariaPerez61Bo,20164,26.38,359.99,BOB,13.65,0.00,29/07/2025 14:53:42,7267208670,S-001,Banexcoin Bolivia
5178,"29/07/2025 14:53:17, UTC -04:00",Completed,Sell,ElenaMoreno57Max,20149,1.68,22.99,BOB,13.65,0.00,29/07/2025 14:53:30,7267207940,S-001,Banexcoin Bolivia
5179,"29/07/2025 14:53:59, UTC -04:00",Completed,Sell,MariaPerez61Bo,20164,26.38,359.99,BOB,13.65,0.00,29/07/2025 14:54:40,7267212710,S-001,Banexcoin Bolivia
5181,"29/07/2025 15:11:21, UTC -04:00",Completed,Sell,FernandoCampos72123,20202,0.07,1.00,BOB,13.64,0.00,29/07/2025 15:11:34,7267286770,S-001,Banexcoin Bolivia
5187,"29/07/2025 15:40:21, UTC -04:00",Completed,Sell,DiegoOrtega71Ec,20068,0.98,14.00,BOB,14.31,0.00,29/07/2025 15:40:52,7267415780,S-001,Banexcoin Bolivia
5192,"29/07/2025 15:44:36, UTC -04:00",Completed,Sell,JoseMendoza542025,20200,0.57,8.00,BOB,14.12,0.00,29/07/2025 15:44:48,7267434220,S-001,Banexcoin Bolivia
5193,"29/07/2025 15:46:25, UTC -04:00",Completed,Sell,ElenaMoreno57Max,20149,1.62,22.99,BOB,14.17,0.00,29/07/2025 15:46:36,7267441790,S-001,Banexcoin Bolivia
5197,"29/07/2025 15:48:43, UTC -04:00",Completed,Sell,JoseMendoza542025,20200,1.29,18.00,BOB,13.93,0.00,29/07/2025 15:48:54,7267452230,S-001,Banexcoin Bolivia
5202,"29/07/2025 15:54:24, UTC -04:00",Completed,Sell,CristinaSuarez852025,10003,0.72,10.00,BOB,13.89,0.00,29/07/2025 15:54:48,7267478090,S-001,Banexcoin Bolivia
5203,"29/07/2025 16:01:41, UTC -04:00",Completed,Sell,ElenaMoreno57Max,20149,2.74,37.99,BOB,13.85,0.00,29/07/2025 16:01:57,7267509910,S-001,Banexcoin Bolivia
5205,"29/07/2025 16:09:40, UTC -04:00",Completed,Sell,ElenaMoreno57Max,20149,1.66,22.99,BOB,13.84,0.00,29/07/2025 16:09:53,7267546400,S-001,Banexcoin Bolivia
5209,"29/07/2025 16:43:46, UTC -04:00",Completed,Sell,MariaPerez61Bo,20164,25.80,359.99,BOB,13.95,0.00,29/07/2025 16:43:58,7267704910,S-001,Banexcoin Bolivia
5210,"29/07/2025 16:44:20, UTC -04:00",Completed,Sell,MariaPerez61Bo,20164,25.81,359.99,BOB,13.95,0.00,29/07/2025 16:44:32,7267707640,S-001,Banexcoin Bolivia
5211,"29/07/2025 16:44:44, UTC -04:00",Completed,Sell,MariaPerez61Bo,20164,25.81,359.99,BOB,13.95,0.00,29/07/2025 16:44:54,7267709360,S-001,Banexcoin Bolivia
5212,"29/07/2025 16:45:32, UTC -04:00",Completed,Sell,MariaPerez61Bo,20164,25.83,359.99,BOB,13.93,0.00,29/07/2025 16:45:45,7267713340,S-001,Banexcoin Bolivia
5213,"29/07/2025 16:46:11, UTC -04:00",Completed,Sell,MariaPerez61Bo,20164,26.01,359.99,BOB,13.84,0.00,29/07/2025 16:46:23,7267716290,S-001,Banexcoin Bolivia
5217,"29/07/2025 16:55:22, UTC -04:00",Completed,Sell,MariaPerez61Bo,20164,1.67,22.99,BOB,13.76,0.00,29/07/2025 16:55:33,7267758230,S-001,Banexcoin Bolivia
5218,"29/07/2025 16:57:03, UTC -04:00",Completed,Sell,JoseRamos32Pe,20155,0.36,5.00,BOB,13.76,0.00,29/07/2025 16:57:17,7267766900,S-001,Banexcoin Bolivia
5220,"29/07/2025 17:02:53, UTC -04:00",Completed,Sell,LuisSoto61Pe,20125,0.87,12.00,BOB,13.76,0.00,29/07/2025 17:03:07,7267794780,S-001,Banexcoin Bolivia
5222,"29/07/2025 17:05:10, UTC -04:00",Completed,Sell,JoseRamos32Pe,20155,0.33,4.50,BOB,13.83,0.00,29/07/2025 17:05:25,7267805480,S-001,Banexcoin Bolivia
5224,"29/07/2025 18:09:51, UTC -04:00",Completed,Sell,IsabelMunoz76Max,20141,11.90,165.00,BOB,13.87,0.00,29/07/2025 18:10:08,7268125230,S-001,Banexcoin Bolivia
5226,"29/07/2025 19:00:54, UTC -04:00",Completed,Sell,MariaPerez61Bo,20164,2.74,37.99,BOB,13.87,0.00,29/07/2025 19:01:16,7268385360,S-001,Banexcoin Bolivia
5228,"29/07/2025 19:38:01, UTC -04:00",Completed,Sell,MariaPerez61Bo,20164,25.52,359.99,BOB,14.10,0.00,29/07/2025 19:38:16,7268565320,S-001,Banexcoin Bolivia
5229,"29/07/2025 19:44:00, UTC -04:00",Completed,Sell,JoseMendoza542025,20200,3.06,43.10,BOB,14.08,0.00,29/07/2025 19:44:12,7268592090,S-001,Banexcoin Bolivia
5230,"29/07/2025 19:47:02, UTC -04:00",Completed,Sell,EduardoCruz322025,20005,152.15,"2,140.00",BOB,14.07,0.00,29/07/2025 19:47:17,7268606290,S-001,Banexcoin Bolivia
5231,"29/07/2025 19:47:53, UTC -04:00",Completed,Sell,LuisSoto61Pe,20125,1.00,14.00,BOB,14.07,0.00,29/07/2025 19:48:07,7268609970,S-001,Banexcoin Bolivia
5233,"29/07/2025 19:52:15, UTC -04:00",Completed,Sell,AlbertoLeon10007,10008,2.28,32.00,BOB,14.05,0.00,29/07/2025 19:52:31,7268629540,S-001,Banexcoin Bolivia
5234,"29/07/2025 20:19:27, UTC -04:00",Completed,Sell,GloriaPerez54Pro,20030,7.20,100.00,BOB,13.89,0.00,29/07/2025 20:19:48,7268744650,S-001,Banexcoin Bolivia
5235,"29/07/2025 20:31:35, UTC -04:00",Completed,Sell,ElenaMoreno57Max,20149,25.85,359.99,BOB,13.93,0.00,29/07/2025 20:31:53,7268792630,S-001,Banexcoin Bolivia
5236,"29/07/2025 20:32:31, UTC -04:00",Completed,Sell,CarlosSanchez522025,20001,0.36,5.00,BOB,13.92,0.00,29/07/2025 20:33:05,7268797000,S-001,Banexcoin Bolivia
5237,"29/07/2025 20:33:11, UTC -04:00",Completed,Sell,ElenaMoreno57Max,20149,5.46,75.99,BOB,13.92,0.00,29/07/2025 20:33:23,7268798300,S-001,Banexcoin Bolivia
5238,"29/07/2025 20:34:21, UTC -04:00",Completed,Sell,ElenaMoreno57Max,20149,2.73,37.99,BOB,13.92,0.00,29/07/2025 20:34:33,7268802800,S-001,Banexcoin Bolivia
5239,"29/07/2025 20:36:56, UTC -04:00",Completed,Sell,ElenaMoreno57Max,20149,2.74,37.99,BOB,13.86,0.00,29/07/2025 20:37:07,7268812120,S-001,Banexcoin Bolivia
5240,"29/07/2025 20:38:48, UTC -04:00",Completed,Sell,ElenaMoreno57Max,20149,1.66,22.99,BOB,13.86,0.00,29/07/2025 20:38:59,7268818790,S-001,Banexcoin Bolivia
5241,"29/07/2025 20:47:10, UTC -04:00",Completed,Sell,ElenaMoreno57Max,20149,25.95,359.99,BOB,13.87,0.00,29/07/2025 20:47:29,7268849200,S-001,Banexcoin Bolivia
5242,"29/07/2025 20:47:37, UTC -04:00",Completed,Sell,ElenaMoreno57Max,20149,10.81,149.99,BOB,13.87,0.00,29/07/2025 20:47:49,7268850280,S-001,Banexcoin Bolivia
5243,"29/07/2025 20:48:20, UTC -04:00",Completed,Sell,ElenaMoreno57Max,20149,25.95,359.99,BOB,13.87,0.00,29/07/2025 20:48:33,7268852820,S-001,Banexcoin Bolivia
5244,"29/07/2025 20:49:04, UTC -04:00",Completed,Sell,ElenaMoreno57Max,20149,1.66,22.99,BOB,13.88,0.00,29/07/2025 20:49:15,7268855430,S-001,Banexcoin Bolivia
5246,"29/07/2025 20:51:23, UTC -04:00",Completed,Sell,JoseMendoza542025,20200,21.83,303.00,BOB,13.88,0.00,29/07/2025 20:51:37,7268864090,S-001,Banexcoin Bolivia
5247,"29/07/2025 20:54:50, UTC -04:00",Completed,Sell,CarlosSanchez522025,20001,19.59,273.00,BOB,13.94,0.00,29/07/2025 20:55:16,7268877520,S-001,Banexcoin Bolivia
5248,"29/07/2025 20:56:41, UTC -04:00",Completed,Sell,MariaPerez61Bo,20164,10.72,149.99,BOB,13.99,0.00,29/07/2025 20:56:54,7268883380,S-001,Banexcoin Bolivia
5249,"29/07/2025 21:09:21, UTC -04:00",Completed,Sell,MariaPerez61Bo,20164,10.76,149.99,BOB,13.94,0.00,29/07/2025 21:09:32,7268927830,S-001,Banexcoin Bolivia
5250,"29/07/2025 21:18:15, UTC -04:00",Completed,Sell,JoseMendoza542025,20200,0.72,10.00,BOB,13.98,0.00,29/07/2025 21:18:27,7268956580,S-001,Banexcoin Bolivia
5251,"29/07/2025 21:18:32, UTC -04:00",Completed,Sell,MariaPerez61Bo,20164,25.75,359.99,BOB,13.98,0.00,29/07/2025 21:19:01,7268958480,S-001,Banexcoin Bolivia
5252,"29/07/2025 21:20:02, UTC -04:00",Completed,Sell,MariaPerez61Bo,20164,25.74,359.99,BOB,13.98,0.00,29/07/2025 21:20:15,7268962010,S-001,Banexcoin Bolivia
5253,"29/07/2025 21:20:24, UTC -04:00",Completed,Sell,MariaPerez61Bo,20164,25.74,359.99,BOB,13.98,0.00,29/07/2025 21:20:39,7268963110,S-001,Banexcoin Bolivia
5254,"29/07/2025 21:20:53, UTC -04:00",Completed,Sell,MariaPerez61Bo,20164,25.74,359.99,BOB,13.98,0.00,29/07/2025 21:21:03,7268964350,S-001,Banexcoin Bolivia
5255,"29/07/2025 21:35:32, UTC -04:00",Completed,Sell,MariaPerez61Bo,20164,10.69,149.99,BOB,14.03,0.00,29/07/2025 21:35:45,7269009380,S-001,Banexcoin Bolivia
5256,"29/07/2025 21:36:43, UTC -04:00",Completed,Sell,MariaPerez61Bo,20164,25.65,359.99,BOB,14.03,0.00,29/07/2025 21:36:55,7269012790,S-001,Banexcoin Bolivia
5257,"29/07/2025 21:45:10, UTC -04:00",Completed,Sell,ElenaMoreno57Max,20149,25.71,359.99,BOB,14.00,0.00,29/07/2025 21:45:22,7269037540,S-001,Banexcoin Bolivia
5258,"29/07/2025 21:45:30, UTC -04:00",Completed,Sell,ElenaMoreno57Max,20149,25.71,359.99,BOB,14.00,0.00,29/07/2025 21:45:42,7269038720,S-001,Banexcoin Bolivia
5259,"29/07/2025 21:45:54, UTC -04:00",Completed,Sell,ElenaMoreno57Max,20149,25.71,359.99,BOB,14.00,0.00,29/07/2025 21:46:34,7269040820,S-001,Banexcoin Bolivia
5260,"29/07/2025 21:46:50, UTC -04:00",Completed,Sell,ElenaMoreno57Max,20149,25.70,359.99,BOB,14.01,0.00,29/07/2025 21:47:02,7269042340,S-001,Banexcoin Bolivia
5261,"29/07/2025 21:47:49, UTC -04:00",Completed,Sell,ElenaMoreno57Max,20149,25.70,359.99,BOB,14.01,0.00,29/07/2025 21:48:08,7269045490,S-001,Banexcoin Bolivia
5262,"29/07/2025 21:48:24, UTC -04:00",Completed,Sell,ElenaMoreno57Max,20149,25.70,359.99,BOB,14.01,0.00,29/07/2025 21:48:46,7269047200,S-001,Banexcoin Bolivia
5263,"29/07/2025 21:49:14, UTC -04:00",Completed,Sell,ElenaMoreno57Max,20149,25.70,359.99,BOB,14.01,0.00,29/07/2025 21:49:24,7269049070,S-001,Banexcoin Bolivia
5265,"29/07/2025 21:52:58, UTC -04:00",Completed,Sell,ElenaMoreno57Max,20149,10.71,149.99,BOB,14.01,0.00,29/07/2025 21:53:20,7269059710,S-001,Banexcoin Bolivia
5266,"29/07/2025 21:53:57, UTC -04:00",Completed,Sell,ElenaMoreno57Max,20149,10.71,149.99,BOB,14.00,0.00,29/07/2025 21:54:12,7269062010,S-001,Banexcoin Bolivia
5267,"29/07/2025 21:56:03, UTC -04:00",Completed,Sell,ElenaMoreno57Max,20149,25.69,359.99,BOB,14.01,0.00,29/07/2025 21:56:18,7269067740,S-001,Banexcoin Bolivia
5268,"29/07/2025 21:57:12, UTC -04:00",Completed,Sell,ElenaMoreno57Max,20149,25.52,359.99,BOB,14.11,0.00,29/07/2025 21:57:22,7269070930,S-001,Banexcoin Bolivia
5269,"29/07/2025 21:57:39, UTC -04:00",Completed,Sell,ElenaMoreno57Max,20149,25.52,359.99,BOB,14.11,0.00,29/07/2025 21:57:54,7269072470,S-001,Banexcoin Bolivia
5270,"29/07/2025 22:06:02, UTC -04:00",Completed,Sell,MariaPerez61Bo,20164,25.58,359.99,BOB,14.07,0.00,29/07/2025 22:06:15,7269094660,S-001,Banexcoin Bolivia
5271,"29/07/2025 22:26:14, UTC -04:00",Completed,Sell,ElenaMoreno57Max,20149,1.64,22.99,BOB,14.04,0.00,29/07/2025 22:26:52,7269142490,S-001,Banexcoin Bolivia
5272,"29/07/2025 22:29:16, UTC -04:00",Completed,Sell,LuisSoto61Pe,20125,44.60,624.00,BOB,13.99,0.00,29/07/2025 22:29:30,7269147950,S-001,Banexcoin Bolivia
5274,"29/07/2025 22:43:50, UTC -04:00",Completed,Sell,CarlosSanchez522025,20001,101.97,"1,434.46",BOB,14.07,0.00,29/07/2025 22:44:29,7269178010,S-001,Banexcoin Bolivia
5278,"29/07/2025 22:52:39, UTC -04:00",Completed,Sell,CarlosSanchez522025,20001,998.95,"14,030.00",BOB,14.04,0.00,29/07/2025 22:52:57,7269193900,S-001,Banexcoin Bolivia
5290,"29/07/2025 23:00:55, UTC -04:00",Completed,Sell,ElenaMoreno57Max,20149,2.69,37.99,BOB,14.14,0.00,29/07/2025 23:01:07,7269207520,S-001,Banexcoin Bolivia
5291,"29/07/2025 23:03:29, UTC -04:00",Completed,Sell,MariaPerez61Bo,20164,25.46,359.99,BOB,14.14,0.00,29/07/2025 23:03:45,7269211500,S-001,Banexcoin Bolivia
5292,"29/07/2025 23:05:14, UTC -04:00",Completed,Sell,MariaPerez61Bo,20164,25.46,359.99,BOB,14.14,0.00,29/07/2025 23:05:25,7269213830,S-001,Banexcoin Bolivia
5293,"29/07/2025 23:05:33, UTC -04:00",Completed,Sell,MariaPerez61Bo,20164,25.46,359.99,BOB,14.14,0.00,29/07/2025 23:05:43,7269214280,S-001,Banexcoin Bolivia
5294,"29/07/2025 23:06:22, UTC -04:00",Completed,Sell,MariaPerez61Bo,20164,10.65,149.99,BOB,14.09,0.00,29/07/2025 23:06:37,7269215700,S-001,Banexcoin Bolivia
5295,"29/07/2025 23:12:49, UTC -04:00",Completed,Sell,ElenaMoreno57Max,20149,1.63,22.99,BOB,14.07,0.00,29/07/2025 23:13:00,7269225370,S-001,Banexcoin Bolivia
5296,"29/07/2025 23:13:42, UTC -04:00",Completed,Sell,ElenaMoreno57Max,20149,25.59,359.99,BOB,14.07,0.00,29/07/2025 23:14:38,7269227470,S-001,Banexcoin Bolivia
5297,"29/07/2025 23:14:45, UTC -04:00",Completed,Sell,ElenaMoreno57Max,20149,10.62,149.99,BOB,14.12,0.00,29/07/2025 23:15:02,7269228100,S-001,Banexcoin Bolivia
5298,"29/07/2025 23:18:26, UTC -04:00",Completed,Sell,JoseMendoza542025,20200,9.58,135.00,BOB,14.09,0.00,29/07/2025 23:18:44,7269232970,S-001,Banexcoin Bolivia
5299,"29/07/2025 23:23:23, UTC -04:00",Completed,Sell,MariaPerez61Bo,20164,10.65,149.99,BOB,14.08,0.00,29/07/2025 23:23:34,7269238580,S-001,Banexcoin Bolivia
5300,"29/07/2025 23:25:22, UTC -04:00",Completed,Sell,ElenaMoreno57Max,20149,2.70,37.99,BOB,14.09,0.00,29/07/2025 23:25:32,7269240870,S-001,Banexcoin Bolivia
5302,"29/07/2025 23:48:31, UTC -04:00",Completed,Sell,LuisSoto61Pe,20125,24.08,340.00,BOB,14.12,0.00,29/07/2025 23:48:59,7269264560,S-001,Banexcoin Bolivia
5304,"30/07/2025 00:01:56, UTC -04:00",Completed,Sell,MariaPerez61Bo,20164,25.70,359.99,BOB,14.01,0.00,30/07/2025 00:02:08,7269271710,S-001,Banexcoin Bolivia
5306,"30/07/2025 00:24:04, UTC -04:00",Completed,Sell,ElenaMoreno57Max,20149,25.47,359.99,BOB,14.13,0.00,30/07/2025 00:24:15,7269286440,S-001,Banexcoin Bolivia
5307,"30/07/2025 00:39:08, UTC -04:00",Completed,Sell,MariaPerez61Bo,20164,25.76,359.99,BOB,13.97,0.00,30/07/2025 00:39:20,7269294790,S-001,Banexcoin Bolivia
5312,"30/07/2025 00:46:16, UTC -04:00",Completed,Sell,MariaPerez61Bo,20164,10.71,149.99,BOB,14.00,0.00,30/07/2025 00:46:26,7269298420,S-001,Banexcoin Bolivia
5313,"30/07/2025 00:47:31, UTC -04:00",Completed,Sell,MariaPerez61Bo,20164,25.71,359.99,BOB,14.00,0.00,30/07/2025 00:47:42,7269299120,S-001,Banexcoin Bolivia
5314,"30/07/2025 00:48:49, UTC -04:00",Completed,Sell,MariaPerez61Bo,20164,25.71,359.99,BOB,14.00,0.00,30/07/2025 00:49:02,7269299680,S-001,Banexcoin Bolivia
5315,"30/07/2025 00:49:38, UTC -04:00",Completed,Sell,MariaPerez61Bo,20164,10.71,149.99,BOB,14.00,0.00,30/07/2025 00:49:48,7269299990,S-001,Banexcoin Bolivia
5319,"30/07/2025 01:12:50, UTC -04:00",Completed,Sell,MariaPerez61Bo,20164,25.68,359.99,BOB,14.02,0.00,30/07/2025 01:13:05,7269309510,S-001,Banexcoin Bolivia
5320,"30/07/2025 01:25:10, UTC -04:00",Completed,Sell,MariaPerez61Bo,20164,25.56,359.99,BOB,14.08,0.00,30/07/2025 01:25:22,7269313450,S-001,Banexcoin Bolivia
5321,"30/07/2025 01:27:55, UTC -04:00",Completed,Sell,MariaPerez61Bo,20164,25.57,359.99,BOB,14.08,0.00,30/07/2025 01:28:06,7269314220,S-001,Banexcoin Bolivia
5322,"30/07/2025 01:54:33, UTC -04:00",Completed,Sell,MariaPerez61Bo,20164,10.66,149.99,BOB,14.07,0.00,30/07/2025 01:54:45,7269321230,S-001,Banexcoin Bolivia
5323,"30/07/2025 01:57:24, UTC -04:00",Completed,Sell,MariaPerez61Bo,20164,25.58,359.99,BOB,14.07,0.00,30/07/2025 01:57:41,7269322040,S-001,Banexcoin Bolivia
5324,"30/07/2025 02:14:08, UTC -04:00",Completed,Sell,MariaPerez61Bo,20164,25.56,359.99,BOB,14.09,0.00,30/07/2025 02:14:42,7269325660,S-001,Banexcoin Bolivia
5325,"30/07/2025 02:14:19, UTC -04:00",Completed,Sell,ElenaMoreno57Max,20149,25.56,359.99,BOB,14.09,0.00,30/07/2025 02:14:30,7269325590,S-001,Banexcoin Bolivia
5326,"30/07/2025 02:14:47, UTC -04:00",Completed,Sell,ElenaMoreno57Max,20149,25.56,359.99,BOB,14.09,0.00,30/07/2025 02:15:00,7269325700,S-001,Banexcoin Bolivia
5327,"30/07/2025 02:18:35, UTC -04:00",Completed,Sell,MariaPerez61Bo,20164,10.62,149.99,BOB,14.12,0.00,30/07/2025 02:18:46,7269326500,S-001,Banexcoin Bolivia
5330,"30/07/2025 02:21:00, UTC -04:00",Completed,Sell,MariaPerez61Bo,20164,10.65,149.99,BOB,14.09,0.00,30/07/2025 02:21:14,7269326830,S-001,Banexcoin Bolivia
5331,"30/07/2025 02:21:19, UTC -04:00",Completed,Sell,ElenaMoreno57Max,20149,2.70,37.99,BOB,14.09,0.00,30/07/2025 02:21:30,7269326890,S-001,Banexcoin Bolivia
5332,"30/07/2025 02:23:41, UTC -04:00",Completed,Sell,ElenaMoreno57Max,20149,25.57,359.99,BOB,14.08,0.00,30/07/2025 02:23:52,7269327320,S-001,Banexcoin Bolivia
5333,"30/07/2025 02:24:49, UTC -04:00",Completed,Sell,ElenaMoreno57Max,20149,25.57,359.99,BOB,14.08,0.00,30/07/2025 02:25:02,7269327530,S-001,Banexcoin Bolivia
5334,"30/07/2025 02:26:21, UTC -04:00",Completed,Sell,ElenaMoreno57Max,20149,10.64,149.99,BOB,14.10,0.00,30/07/2025 02:26:42,7269327800,S-001,Banexcoin Bolivia
5335,"30/07/2025 02:27:01, UTC -04:00",Completed,Sell,MariaPerez61Bo,20164,10.64,149.99,BOB,14.10,0.00,30/07/2025 02:27:12,7269327910,S-001,Banexcoin Bolivia
5336,"30/07/2025 02:27:28, UTC -04:00",Completed,Sell,ElenaMoreno57Max,20149,2.69,37.99,BOB,14.10,0.00,30/07/2025 02:27:38,7269328000,S-001,Banexcoin Bolivia
5337,"30/07/2025 02:29:59, UTC -04:00",Completed,Sell,ElenaMoreno57Max,20149,25.53,359.99,BOB,14.10,0.00,30/07/2025 02:30:10,7269328360,S-001,Banexcoin Bolivia
5338,"30/07/2025 02:35:17, UTC -04:00",Completed,Sell,ElenaMoreno57Max,20149,5.39,75.99,BOB,14.10,0.00,30/07/2025 02:35:29,7269329140,S-001,Banexcoin Bolivia
5339,"30/07/2025 02:36:52, UTC -04:00",Completed,Sell,MariaPerez61Bo,20164,5.39,75.99,BOB,14.11,0.00,30/07/2025 02:37:03,7269329370,S-001,Banexcoin Bolivia
5340,"30/07/2025 02:44:15, UTC -04:00",Completed,Sell,ElenaMoreno57Max,20149,5.38,75.99,BOB,14.12,0.00,30/07/2025 02:44:27,7269330430,S-001,Banexcoin Bolivia
5341,"30/07/2025 02:56:41, UTC -04:00",Completed,Sell,ElenaMoreno57Max,20149,5.43,75.99,BOB,14.01,0.00,30/07/2025 02:56:52,7269332190,S-001,Banexcoin Bolivia
5342,"30/07/2025 03:33:30, UTC -04:00",Completed,Sell,MariaPerez61Bo,20164,25.72,359.99,BOB,14.00,0.00,30/07/2025 03:33:41,7269337010,S-001,Banexcoin Bolivia
5343,"30/07/2025 03:34:54, UTC -04:00",Completed,Sell,MariaPerez61Bo,20164,10.72,149.99,BOB,14.00,0.00,30/07/2025 03:35:07,7269337230,S-001,Banexcoin Bolivia
5344,"30/07/2025 03:49:15, UTC -04:00",Completed,Sell,MariaPerez61Bo,20164,25.71,359.99,BOB,14.00,0.00,30/07/2025 03:49:28,7269338910,S-001,Banexcoin Bolivia
5345,"30/07/2025 03:49:42, UTC -04:00",Completed,Sell,MariaPerez61Bo,20164,25.71,359.99,BOB,14.00,0.00,30/07/2025 03:49:58,7269339000,S-001,Banexcoin Bolivia
5346,"30/07/2025 03:50:05, UTC -04:00",Completed,Sell,MariaPerez61Bo,20164,25.71,359.99,BOB,14.00,0.00,30/07/2025 03:50:18,7269339040,S-001,Banexcoin Bolivia
5356,"30/07/2025 08:42:35, UTC -04:00",Completed,Sell,CarlosSanchez522025,20001,999.00,"14,144.00",BOB,14.16,0.00,30/07/2025 08:42:53,7269599210,S-001,Banexcoin Bolivia
5357,"30/07/2025 08:45:48, UTC -04:00",Completed,Sell,JoseRamos32Pe,20155,555.27,"7,880.00",BOB,14.19,0.00,30/07/2025 08:46:11,7269608410,S-001,Banexcoin Bolivia
5360,"30/07/2025 09:06:22, UTC -04:00",Completed,Sell,DiegoOrtega71Ec,20068,2.00,28.42,BOB,14.21,0.00,30/07/2025 09:06:42,7269678400,S-001,Banexcoin Bolivia
5372,"30/07/2025 09:16:30, UTC -04:00",Completed,Sell,GabrielMoreno89Pro,20081,3.52,50.00,BOB,14.21,0.00,30/07/2025 09:17:47,7269716200,S-001,Banexcoin Bolivia
5381,"30/07/2025 09:50:29, UTC -04:00",Completed,Sell,ElenaMoreno57Max,20149,5.61,75.99,BOB,13.55,0.00,30/07/2025 09:50:42,7269830340,S-001,Banexcoin Bolivia
5383,"30/07/2025 10:03:30, UTC -04:00",Completed,Sell,ElenaMoreno57Max,20149,2.80,37.99,BOB,13.55,0.00,30/07/2025 10:03:43,7269883470,S-001,Banexcoin Bolivia
5391,"30/07/2025 10:40:12, UTC -04:00",Completed,Sell,MariaPerez61Bo,20164,5.61,75.99,BOB,13.55,0.00,30/07/2025 10:40:24,7270049130,S-001,Banexcoin Bolivia
5397,"30/07/2025 11:13:58, UTC -04:00",Completed,Sell,FranciscoHernandez80Es,20131,0.74,10.00,BOB,13.55,0.00,30/07/2025 11:15:08,7270209050,S-001,Banexcoin Bolivia
5400,"30/07/2025 11:43:12, UTC -04:00",Completed,Sell,LuisSoto61Pe,20125,5.39,73.00,BOB,13.55,0.00,30/07/2025 11:43:27,7270342470,S-001,Banexcoin Bolivia
5403,"30/07/2025 11:48:53, UTC -04:00",Completed,Sell,FernandoCampos72123,20202,14.77,200.00,BOB,13.55,0.00,30/07/2025 11:50:07,7270374470,S-001,Banexcoin Bolivia
5407,"30/07/2025 11:59:28, UTC -04:00",Completed,Sell,MariaPerez61Bo,20164,26.58,359.99,BOB,13.55,0.00,30/07/2025 11:59:56,7270422510,S-001,Banexcoin Bolivia
5408,"30/07/2025 12:00:23, UTC -04:00",Completed,Sell,MariaPerez61Bo,20164,26.58,359.99,BOB,13.55,0.00,30/07/2025 12:00:42,7270426360,S-001,Banexcoin Bolivia
5411,"30/07/2025 12:14:03, UTC -04:00",Completed,Sell,ElenaMoreno57Max,20149,11.07,149.99,BOB,13.55,0.00,30/07/2025 12:14:23,7270497150,S-001,Banexcoin Bolivia
5412,"30/07/2025 12:14:55, UTC -04:00",Completed,Sell,MariaPerez61Bo,20164,26.58,359.99,BOB,13.55,0.00,30/07/2025 12:15:11,7270501400,S-001,Banexcoin Bolivia
5413,"30/07/2025 12:15:02, UTC -04:00",Completed,Sell,ElenaMoreno57Max,20149,11.07,149.99,BOB,13.55,0.00,30/07/2025 12:15:17,7270502350,S-001,Banexcoin Bolivia
5418,"30/07/2025 12:21:18, UTC -04:00",Completed,Sell,LuisSoto61Pe,20125,1.40,19.00,BOB,13.55,0.00,30/07/2025 12:21:37,7270535580,S-001,Banexcoin Bolivia
5419,"30/07/2025 12:22:49, UTC -04:00",Completed,Sell,ElenaMoreno57Max,20149,11.07,149.99,BOB,13.55,0.00,30/07/2025 12:23:01,7270543530,S-001,Banexcoin Bolivia
5420,"30/07/2025 12:23:35, UTC -04:00",Completed,Sell,ElenaMoreno57Max,20149,26.58,359.99,BOB,13.55,0.00,30/07/2025 12:23:47,7270547710,S-001,Banexcoin Bolivia
5421,"30/07/2025 12:24:39, UTC -04:00",Completed,Sell,ElenaMoreno57Max,20149,11.07,149.99,BOB,13.55,0.00,30/07/2025 12:24:57,7270554080,S-001,Banexcoin Bolivia
5422,"30/07/2025 12:38:07, UTC -04:00",Completed,Sell,ElenaMoreno57Max,20149,26.58,359.99,BOB,13.55,0.00,30/07/2025 12:38:18,7270626710,S-001,Banexcoin Bolivia
5423,"30/07/2025 12:38:33, UTC -04:00",Completed,Sell,ElenaMoreno57Max,20149,26.58,359.99,BOB,13.55,0.00,30/07/2025 12:38:48,7270629530,S-001,Banexcoin Bolivia
5424,"30/07/2025 12:39:08, UTC -04:00",Completed,Sell,ElenaMoreno57Max,20149,26.58,359.99,BOB,13.55,0.00,30/07/2025 12:39:22,7270632490,S-001,Banexcoin Bolivia
5425,"30/07/2025 12:41:48, UTC -04:00",Completed,Sell,ElenaMoreno57Max,20149,1.70,22.99,BOB,13.55,0.00,30/07/2025 12:42:00,7270646630,S-001,Banexcoin Bolivia
5428,"30/07/2025 12:53:09, UTC -04:00",Completed,Sell,MariaPerez61Bo,20164,26.60,359.99,BOB,13.54,0.00,30/07/2025 12:53:30,7270708430,S-001,Banexcoin Bolivia
5431,"30/07/2025 13:00:03, UTC -04:00",Completed,Sell,ElenaMoreno57Max,20149,26.60,359.99,BOB,13.54,0.00,30/07/2025 13:00:23,7270745010,S-001,Banexcoin Bolivia
5433,"30/07/2025 13:02:40, UTC -04:00",Completed,Sell,ElenaMoreno57Max,20149,26.60,359.99,BOB,13.54,0.00,30/07/2025 13:02:51,7270757210,S-001,Banexcoin Bolivia
5434,"30/07/2025 13:07:16, UTC -04:00",Completed,Sell,MariaPerez61Bo,20164,26.60,359.99,BOB,13.54,0.00,30/07/2025 13:07:27,7270780400,S-001,Banexcoin Bolivia
5435,"30/07/2025 13:10:44, UTC -04:00",Completed,Sell,MariaPerez61Bo,20164,26.60,359.99,BOB,13.54,0.00,30/07/2025 13:10:55,7270797900,S-001,Banexcoin Bolivia
5439,"30/07/2025 13:34:11, UTC -04:00",Completed,Sell,MariaPerez61Bo,20164,1.70,22.99,BOB,13.54,0.00,30/07/2025 13:34:22,7270910030,S-001,Banexcoin Bolivia
5440,"30/07/2025 13:38:22, UTC -04:00",Completed,Sell,LuciaNavarro90Cl,20042,10.93,148.00,BOB,13.54,0.00,30/07/2025 13:38:32,242611280,S-001,Banexcoin Bolivia
5458,"30/07/2025 14:19:37, UTC -04:00",Completed,Sell,MariaPerez61Bo,20164,11.08,149.99,BOB,13.54,0.00,30/07/2025 14:19:50,7271106980,S-001,Banexcoin Bolivia
5459,"30/07/2025 14:21:25, UTC -04:00",Completed,Sell,MariaPerez61Bo,20164,26.60,359.99,BOB,13.54,0.00,30/07/2025 14:21:36,7271114390,S-001,Banexcoin Bolivia
5460,"30/07/2025 14:22:22, UTC -04:00",Completed,Sell,MariaPerez61Bo,20164,26.60,359.99,BOB,13.54,0.00,30/07/2025 14:23:12,7271121140,S-001,Banexcoin Bolivia
5461,"30/07/2025 14:53:33, UTC -04:00",Completed,Sell,MariaPerez61Bo,20164,26.60,359.99,BOB,13.54,0.00,30/07/2025 14:53:46,7271256310,S-001,Banexcoin Bolivia
5462,"30/07/2025 15:04:09, UTC -04:00",Completed,Sell,MariaPerez61Bo,20164,11.08,149.99,BOB,13.54,0.00,30/07/2025 15:05:02,7271306420,S-001,Banexcoin Bolivia
5464,"30/07/2025 15:06:48, UTC -04:00",Completed,Sell,ElenaMoreno57Max,20149,11.08,149.99,BOB,13.54,0.00,30/07/2025 15:07:00,7271316390,S-001,Banexcoin Bolivia
5465,"30/07/2025 15:07:10, UTC -04:00",Completed,Sell,JoseRubio782024,20065,2.59,35.00,BOB,13.54,0.00,30/07/2025 15:07:40,7271319410,S-001,Banexcoin Bolivia
5466,"30/07/2025 15:07:36, UTC -04:00",Completed,Sell,ElenaMoreno57Max,20149,5.61,75.99,BOB,13.54,0.00,30/07/2025 15:07:52,7271320490,S-001,Banexcoin Bolivia
5467,"30/07/2025 15:09:24, UTC -04:00",Completed,Sell,ElenaMoreno57Max,20149,11.08,149.99,BOB,13.54,0.00,30/07/2025 15:09:38,7271328690,S-001,Banexcoin Bolivia
5468,"30/07/2025 15:10:10, UTC -04:00",Completed,Sell,ElenaMoreno57Max,20149,5.61,75.99,BOB,13.54,0.00,30/07/2025 15:10:38,7271333350,S-001,Banexcoin Bolivia
5469,"30/07/2025 15:10:59, UTC -04:00",Completed,Sell,ElenaMoreno57Max,20149,11.08,149.99,BOB,13.54,0.00,30/07/2025 15:11:10,7271336130,S-001,Banexcoin Bolivia
5470,"30/07/2025 15:11:34, UTC -04:00",Completed,Sell,ElenaMoreno57Max,20149,11.08,149.99,BOB,13.54,0.00,30/07/2025 15:11:47,7271338700,S-001,Banexcoin Bolivia
5471,"30/07/2025 15:11:37, UTC -04:00",Completed,Sell,BeatrizMorales44Max,20109,9.60,130.00,BOB,13.54,0.00,30/07/2025 15:11:55,7271339350,S-001,Banexcoin Bolivia
5472,"30/07/2025 15:27:19, UTC -04:00",Completed,Sell,MariaPerez61Bo,20164,26.60,359.99,BOB,13.54,0.00,30/07/2025 15:27:31,7271410650,S-001,Banexcoin Bolivia
5473,"30/07/2025 15:30:49, UTC -04:00",Completed,Sell,MariaPerez61Bo,20164,26.60,359.99,BOB,13.54,0.00,30/07/2025 15:31:01,7271426870,S-001,Banexcoin Bolivia
5474,"30/07/2025 15:38:41, UTC -04:00",Completed,Sell,AndresVega17Pro,10086,2.22,30.00,BOB,13.54,0.00,30/07/2025 15:39:02,7271465260,S-001,Banexcoin Bolivia
5475,"30/07/2025 15:50:24, UTC -04:00",Completed,Sell,MariaPerez61Bo,20164,26.60,359.99,BOB,13.54,0.00,30/07/2025 15:50:42,7271540570,S-001,Banexcoin Bolivia
5476,"30/07/2025 15:50:58, UTC -04:00",Completed,Sell,MariaPerez61Bo,20164,26.60,359.99,BOB,13.54,0.00,30/07/2025 15:51:10,7271542930,S-001,Banexcoin Bolivia
5478,"30/07/2025 16:12:57, UTC -04:00",Completed,Sell,MariaPerez61Bo,20164,11.08,149.99,BOB,13.54,0.00,30/07/2025 16:13:09,7271653470,S-001,Banexcoin Bolivia
5479,"30/07/2025 16:15:24, UTC -04:00",Completed,Sell,ElenaMoreno57Max,20149,11.08,149.99,BOB,13.54,0.00,30/07/2025 16:15:35,7271664290,S-001,Banexcoin Bolivia
5480,"30/07/2025 16:22:33, UTC -04:00",Completed,Sell,ElenaMoreno57Max,20149,0.55,7.49,BOB,13.54,0.00,30/07/2025 16:22:46,7271698390,S-001,Banexcoin Bolivia
5481,"30/07/2025 16:23:50, UTC -04:00",Completed,Sell,MariaPerez61Bo,20164,11.08,149.99,BOB,13.54,0.00,30/07/2025 16:25:26,7271711240,S-001,Banexcoin Bolivia
5482,"30/07/2025 16:27:00, UTC -04:00",Completed,Sell,MariaPerez61Bo,20164,26.60,359.99,BOB,13.54,0.00,30/07/2025 16:27:14,7271720180,S-001,Banexcoin Bolivia
5483,"30/07/2025 16:40:22, UTC -04:00",Completed,Sell,MariaPerez61Bo,20164,11.08,149.99,BOB,13.54,0.00,30/07/2025 16:40:38,7271791760,S-001,Banexcoin Bolivia
5484,"30/07/2025 16:43:48, UTC -04:00",Completed,Sell,ElenaMoreno57Max,20149,2.81,37.99,BOB,13.54,0.00,30/07/2025 16:44:01,7271808620,S-001,Banexcoin Bolivia
5485,"30/07/2025 16:46:58, UTC -04:00",Completed,Sell,LuisSoto61Pe,20125,0.89,12.00,BOB,13.54,0.00,30/07/2025 16:47:11,7271823720,S-001,Banexcoin Bolivia
5487,"30/07/2025 16:58:27, UTC -04:00",Completed,Sell,LuisSoto61Pe,20125,6.69,90.50,BOB,13.54,0.00,30/07/2025 16:58:41,7271882020,S-001,Banexcoin Bolivia
5488,"30/07/2025 17:10:35, UTC -04:00",Completed,Sell,ManuelRomero362025,20175,1.85,25.00,BOB,13.54,0.00,30/07/2025 17:10:56,7271944030,S-001,Banexcoin Bolivia
5489,"30/07/2025 17:27:46, UTC -04:00",Completed,Sell,ElenaMoreno57Max,20149,5.61,75.99,BOB,13.54,0.00,30/07/2025 17:28:00,7272028020,S-001,Banexcoin Bolivia
5490,"30/07/2025 17:28:23, UTC -04:00",Completed,Sell,ElenaMoreno57Max,20149,2.81,37.99,BOB,13.54,0.00,30/07/2025 17:28:38,7272031030,S-001,Banexcoin Bolivia
5491,"30/07/2025 17:31:22, UTC -04:00",Completed,Sell,MariaPerez61Bo,20164,5.61,75.99,BOB,13.54,0.00,30/07/2025 17:31:33,7272046290,S-001,Banexcoin Bolivia
5492,"30/07/2025 17:34:20, UTC -04:00",Completed,Sell,MariaPerez61Bo,20164,5.61,75.99,BOB,13.54,0.00,30/07/2025 17:34:35,7272061720,S-001,Banexcoin Bolivia
5493,"30/07/2025 17:37:02, UTC -04:00",Completed,Sell,MariaPerez61Bo,20164,1.70,22.99,BOB,13.54,0.00,30/07/2025 17:37:23,7272076320,S-001,Banexcoin Bolivia
5494,"30/07/2025 17:37:12, UTC -04:00",Completed,Sell,LuisSoto61Pe,20125,14.55,197.00,BOB,13.54,0.00,30/07/2025 17:37:29,7272077000,S-001,Banexcoin Bolivia
5496,"30/07/2025 17:45:13, UTC -04:00",Completed,Sell,BeatrizMorales44Max,20109,1.92,26.00,BOB,13.54,0.00,30/07/2025 17:45:29,7272118230,S-001,Banexcoin Bolivia
5497,"30/07/2025 17:48:43, UTC -04:00",Completed,Sell,MariaPerez61Bo,20164,5.61,75.99,BOB,13.54,0.00,30/07/2025 17:48:55,7272136580,S-001,Banexcoin Bolivia
5498,"30/07/2025 17:50:42, UTC -04:00",Completed,Sell,AlbertoLeon10007,10008,0.74,10.00,BOB,13.54,0.00,30/07/2025 17:50:53,7272147030,S-001,Banexcoin Bolivia
5499,"30/07/2025 17:52:06, UTC -04:00",Completed,Sell,ElenaMoreno57Max,20149,5.61,75.99,BOB,13.54,0.00,30/07/2025 17:52:18,7272154330,S-001,Banexcoin Bolivia
5500,"30/07/2025 17:52:56, UTC -04:00",Completed,Sell,ElenaMoreno57Max,20149,11.08,149.99,BOB,13.54,0.00,30/07/2025 17:53:08,7272158760,S-001,Banexcoin Bolivia
5501,"30/07/2025 17:53:34, UTC -04:00",Completed,Sell,ElenaMoreno57Max,20149,26.60,359.99,BOB,13.54,0.00,30/07/2025 17:53:46,7272162140,S-001,Banexcoin Bolivia
5502,"30/07/2025 17:54:36, UTC -04:00",Completed,Sell,ElenaMoreno57Max,20149,5.61,75.99,BOB,13.54,0.00,30/07/2025 17:55:12,7272168750,S-001,Banexcoin Bolivia
5503,"30/07/2025 17:58:29, UTC -04:00",Completed,Sell,ElenaMoreno57Max,20149,1.70,22.99,BOB,13.54,0.00,30/07/2025 17:58:42,7272188420,S-001,Banexcoin Bolivia
5507,"30/07/2025 18:03:53, UTC -04:00",Completed,Sell,LuisSoto61Pe,20125,1.48,20.00,BOB,13.54,0.00,30/07/2025 18:04:10,7272217560,S-001,Banexcoin Bolivia
5509,"30/07/2025 18:05:57, UTC -04:00",Completed,Sell,JoseMendoza542025,20200,0.59,8.00,BOB,13.54,0.00,30/07/2025 18:06:38,7272230950,S-001,Banexcoin Bolivia
5518,"30/07/2025 18:27:58, UTC -04:00",Completed,Sell,ElenaMoreno57Max,20149,2.81,37.99,BOB,13.54,0.00,30/07/2025 18:28:11,7272352650,S-001,Banexcoin Bolivia
5519,"30/07/2025 18:29:06, UTC -04:00",Completed,Sell,ElenaMoreno57Max,20149,2.81,37.99,BOB,13.54,0.00,30/07/2025 18:29:23,7272359560,S-001,Banexcoin Bolivia
5520,"30/07/2025 18:29:48, UTC -04:00",Completed,Sell,ElenaMoreno57Max,20149,0.55,7.49,BOB,13.54,0.00,30/07/2025 18:30:01,7272363490,S-001,Banexcoin Bolivia
5522,"30/07/2025 18:30:23, UTC -04:00",Completed,Sell,MariaPerez61Bo,20164,26.60,359.99,BOB,13.54,0.00,30/07/2025 18:30:41,7272366860,S-001,Banexcoin Bolivia
5523,"30/07/2025 18:30:24, UTC -04:00",Completed,Sell,ElenaMoreno57Max,20149,0.55,7.49,BOB,13.54,0.00,30/07/2025 18:30:35,7272366280,S-001,Banexcoin Bolivia
5524,"30/07/2025 18:31:16, UTC -04:00",Completed,Sell,ElenaMoreno57Max,20149,26.60,359.99,BOB,13.54,0.00,30/07/2025 18:31:31,7272371820,S-001,Banexcoin Bolivia
5527,"30/07/2025 18:35:18, UTC -04:00",Completed,Sell,ElenaMoreno57Max,20149,5.61,75.99,BOB,13.54,0.00,30/07/2025 18:35:33,7272393600,S-001,Banexcoin Bolivia
5529,"30/07/2025 18:38:02, UTC -04:00",Completed,Sell,ElenaMoreno57Max,20149,11.08,149.99,BOB,13.54,0.00,30/07/2025 18:38:14,7272408110,S-001,Banexcoin Bolivia
5530,"30/07/2025 18:49:16, UTC -04:00",Completed,Sell,ElenaMoreno57Max,20149,5.61,75.99,BOB,13.54,0.00,30/07/2025 18:49:30,7272469560,S-001,Banexcoin Bolivia
5531,"30/07/2025 18:49:35, UTC -04:00",Completed,Sell,MariaPerez61Bo,20164,26.60,359.99,BOB,13.54,0.00,30/07/2025 18:49:50,7272471260,S-001,Banexcoin Bolivia
5535,"30/07/2025 18:55:15, UTC -04:00",Completed,Sell,MariaPerez61Bo,20164,26.60,359.99,BOB,13.54,0.00,30/07/2025 18:55:26,7272502380,S-001,Banexcoin Bolivia
5538,"30/07/2025 18:58:06, UTC -04:00",Completed,Sell,MariaPerez61Bo,20164,26.60,359.99,BOB,13.54,0.00,30/07/2025 18:58:16,7272517780,S-001,Banexcoin Bolivia
5539,"30/07/2025 18:58:30, UTC -04:00",Completed,Sell,BeatrizMorales44Max,20109,2.22,30.00,BOB,13.54,0.00,30/07/2025 18:58:46,7272520440,S-001,Banexcoin Bolivia
5540,"30/07/2025 18:59:17, UTC -04:00",Completed,Sell,MariaPerez61Bo,20164,11.08,149.99,BOB,13.54,0.00,30/07/2025 18:59:28,7272524200,S-001,Banexcoin Bolivia
5541,"30/07/2025 19:11:47, UTC -04:00",Completed,Sell,MariaPerez61Bo,20164,11.08,149.99,BOB,13.54,0.00,30/07/2025 19:11:59,7272593600,S-001,Banexcoin Bolivia
5542,"30/07/2025 19:13:25, UTC -04:00",Completed,Sell,MariaPerez61Bo,20164,26.60,359.99,BOB,13.54,0.00,30/07/2025 19:13:41,7272602230,S-001,Banexcoin Bolivia
5545,"30/07/2025 19:41:14, UTC -04:00",Completed,Sell,MariaPerez61Bo,20164,26.40,359.99,BOB,13.63,0.00,30/07/2025 19:41:30,7272749190,S-001,Banexcoin Bolivia
5546,"30/07/2025 19:43:39, UTC -04:00",Completed,Sell,JoseMendoza542025,20200,103.43,"1,410.00",BOB,13.63,0.00,30/07/2025 19:43:53,7272761030,S-001,Banexcoin Bolivia
5554,"30/07/2025 19:49:49, UTC -04:00",Completed,Sell,ElenaMoreno57Max,20149,26.40,359.99,BOB,13.64,0.00,30/07/2025 19:50:05,7272791350,S-001,Banexcoin Bolivia
5555,"30/07/2025 19:50:45, UTC -04:00",Completed,Sell,ElenaMoreno57Max,20149,26.40,359.99,BOB,13.64,0.00,30/07/2025 19:50:55,7272795550,S-001,Banexcoin Bolivia
5556,"30/07/2025 19:51:20, UTC -04:00",Completed,Sell,ElenaMoreno57Max,20149,26.40,359.99,BOB,13.64,0.00,30/07/2025 19:51:31,7272798510,S-001,Banexcoin Bolivia
5557,"30/07/2025 19:51:52, UTC -04:00",Completed,Sell,ElenaMoreno57Max,20149,26.40,359.99,BOB,13.64,0.00,30/07/2025 19:52:03,7272801360,S-001,Banexcoin Bolivia
5559,"30/07/2025 19:52:30, UTC -04:00",Completed,Sell,ElenaMoreno57Max,20149,26.39,359.99,BOB,13.64,0.00,30/07/2025 19:52:43,7272804910,S-001,Banexcoin Bolivia
5560,"30/07/2025 19:53:52, UTC -04:00",Completed,Sell,ElenaMoreno57Max,20149,26.38,359.99,BOB,13.64,0.00,30/07/2025 19:54:07,7272811600,S-001,Banexcoin Bolivia
5562,"30/07/2025 19:54:22, UTC -04:00",Completed,Sell,ElenaMoreno57Max,20149,26.38,359.99,BOB,13.64,0.00,30/07/2025 19:54:33,7272813700,S-001,Banexcoin Bolivia
5563,"30/07/2025 19:54:54, UTC -04:00",Completed,Sell,ElenaMoreno57Max,20149,26.38,359.99,BOB,13.64,0.00,30/07/2025 19:55:07,7272816390,S-001,Banexcoin Bolivia
5564,"30/07/2025 19:55:24, UTC -04:00",Completed,Sell,ElenaMoreno57Max,20149,26.38,359.99,BOB,13.64,0.00,30/07/2025 19:55:47,7272819610,S-001,Banexcoin Bolivia
5565,"30/07/2025 19:56:00, UTC -04:00",Completed,Sell,MariaPerez61Bo,20164,10.99,149.99,BOB,13.64,0.00,30/07/2025 19:56:17,7272821840,S-001,Banexcoin Bolivia
5566,"30/07/2025 19:56:02, UTC -04:00",Completed,Sell,ElenaMoreno57Max,20149,26.38,359.99,BOB,13.65,0.00,30/07/2025 19:56:13,7272821440,S-001,Banexcoin Bolivia
5567,"30/07/2025 19:56:28, UTC -04:00",Completed,Sell,MariaPerez61Bo,20164,10.99,149.99,BOB,13.65,0.00,30/07/2025 19:56:39,7272823520,S-001,Banexcoin Bolivia
5569,"30/07/2025 19:57:15, UTC -04:00",Completed,Sell,ElenaMoreno57Max,20149,10.99,149.99,BOB,13.65,0.00,30/07/2025 19:57:29,7272827630,S-001,Banexcoin Bolivia
5571,"30/07/2025 19:58:25, UTC -04:00",Completed,Sell,ElenaMoreno57Max,20149,26.38,359.99,BOB,13.65,0.00,30/07/2025 19:58:37,7272832950,S-001,Banexcoin Bolivia
5572,"30/07/2025 19:59:23, UTC -04:00",Completed,Sell,ElenaMoreno57Max,20149,10.99,149.99,BOB,13.65,0.00,30/07/2025 19:59:37,7272837790,S-001,Banexcoin Bolivia
5573,"30/07/2025 20:00:01, UTC -04:00",Completed,Sell,ElenaMoreno57Max,20149,1.68,22.99,BOB,13.65,0.00,30/07/2025 20:00:13,7272840810,S-001,Banexcoin Bolivia
5574,"30/07/2025 20:00:41, UTC -04:00",Completed,Sell,ElenaMoreno57Max,20149,1.68,22.99,BOB,13.64,0.00,30/07/2025 20:00:55,7272844190,S-001,Banexcoin Bolivia
5575,"30/07/2025 20:01:26, UTC -04:00",Completed,Sell,ElenaMoreno57Max,20149,5.57,75.99,BOB,13.64,0.00,30/07/2025 20:01:37,7272847170,S-001,Banexcoin Bolivia
5576,"30/07/2025 20:02:43, UTC -04:00",Completed,Sell,ElenaMoreno57Max,20149,2.78,37.99,BOB,13.64,0.00,30/07/2025 20:02:55,7272853630,S-001,Banexcoin Bolivia
5577,"30/07/2025 20:03:10, UTC -04:00",Completed,Sell,GloriaPerez54Pro,20030,2.57,35.00,BOB,13.64,0.00,30/07/2025 20:03:53,7272857830,S-001,Banexcoin Bolivia
5579,"30/07/2025 20:04:16, UTC -04:00",Completed,Sell,ElenaMoreno57Max,20149,0.55,7.49,BOB,13.64,0.00,30/07/2025 20:04:27,7272860430,S-001,Banexcoin Bolivia
5582,"30/07/2025 20:16:44, UTC -04:00",Completed,Sell,MariaPerez61Bo,20164,26.38,359.99,BOB,13.65,0.00,30/07/2025 20:16:56,7272917410,S-001,Banexcoin Bolivia
5583,"30/07/2025 20:21:08, UTC -04:00",Completed,Sell,MariaPerez61Bo,20164,5.57,75.99,BOB,13.64,0.00,30/07/2025 20:21:22,7272938580,S-001,Banexcoin Bolivia
5584,"30/07/2025 20:24:46, UTC -04:00",Completed,Sell,AlbertoLeon10007,10008,10.26,140.00,BOB,13.64,0.00,30/07/2025 20:24:58,7272953860,S-001,Banexcoin Bolivia
5585,"30/07/2025 20:28:30, UTC -04:00",Completed,Sell,MariaPerez61Bo,20164,26.39,359.99,BOB,13.64,0.00,30/07/2025 20:28:43,7272970900,S-001,Banexcoin Bolivia
5590,"30/07/2025 20:47:25, UTC -04:00",Completed,Sell,MariaPerez61Bo,20164,26.38,359.99,BOB,13.65,0.00,30/07/2025 20:47:39,7273050620,S-001,Banexcoin Bolivia
5593,"30/07/2025 20:49:50, UTC -04:00",Completed,Sell,MariaPerez61Bo,20164,26.37,359.99,BOB,13.65,0.00,30/07/2025 20:50:02,7273060070,S-001,Banexcoin Bolivia
5594,"30/07/2025 20:49:58, UTC -04:00",Completed,Sell,JoseMendoza542025,20200,140.44,"1,917.00",BOB,13.65,0.00,30/07/2025 20:50:18,7273060870,S-001,Banexcoin Bolivia
5606,"30/07/2025 21:19:24, UTC -04:00",Completed,Sell,MariaPerez61Bo,20164,10.99,149.99,BOB,13.65,0.00,30/07/2025 21:19:39,7273174460,S-001,Banexcoin Bolivia
5607,"30/07/2025 21:27:56, UTC -04:00",Completed,Sell,MariaPerez61Bo,20164,26.37,359.99,BOB,13.65,0.00,30/07/2025 21:28:09,7273205150,S-001,Banexcoin Bolivia
5608,"30/07/2025 21:28:26, UTC -04:00",Completed,Sell,MariaPerez61Bo,20164,26.36,359.99,BOB,13.66,0.00,30/07/2025 21:28:41,7273206780,S-001,Banexcoin Bolivia
5610,"30/07/2025 21:33:35, UTC -04:00",Completed,Sell,DiegoOrtega71Ec,20068,2.02,27.62,BOB,13.66,0.00,30/07/2025 21:33:53,7273224120,S-001,Banexcoin Bolivia
5613,"30/07/2025 21:43:49, UTC -04:00",Completed,Sell,ElenaMoreno57Max,20149,10.98,149.99,BOB,13.66,0.00,30/07/2025 21:44:00,7273258800,S-001,Banexcoin Bolivia
5614,"30/07/2025 21:53:29, UTC -04:00",Completed,Sell,JoseMendoza542025,20200,72.49,990.00,BOB,13.66,0.00,30/07/2025 21:53:42,7273289330,S-001,Banexcoin Bolivia
5615,"30/07/2025 21:54:54, UTC -04:00",Completed,Sell,ElenaMoreno57Max,20149,2.78,37.99,BOB,13.66,0.00,30/07/2025 21:55:04,7273294120,S-001,Banexcoin Bolivia
5616,"30/07/2025 22:01:46, UTC -04:00",Completed,Sell,JoseRamos19456,20205,5.13,70.00,BOB,13.65,0.00,30/07/2025 22:02:19,7273315670,S-001,Banexcoin Bolivia
5617,"30/07/2025 22:07:14, UTC -04:00",Completed,Sell,MariaPerez61Bo,20164,11.00,149.99,BOB,13.64,0.00,30/07/2025 22:07:25,7273331430,S-001,Banexcoin Bolivia
5618,"30/07/2025 22:08:08, UTC -04:00",Completed,Sell,MariaPerez61Bo,20164,11.00,149.99,BOB,13.64,0.00,30/07/2025 22:08:23,7273334340,S-001,Banexcoin Bolivia
5619,"30/07/2025 22:08:37, UTC -04:00",Completed,Sell,MariaPerez61Bo,20164,26.40,359.99,BOB,13.64,0.00,30/07/2025 22:08:57,7273336040,S-001,Banexcoin Bolivia
5620,"30/07/2025 22:12:02, UTC -04:00",Completed,Sell,ElenaMoreno57Max,20149,1.69,22.99,BOB,13.63,0.00,30/07/2025 22:12:15,7273345930,S-001,Banexcoin Bolivia
5621,"30/07/2025 22:12:56, UTC -04:00",Completed,Sell,ElenaMoreno57Max,20149,2.79,37.99,BOB,13.63,0.00,30/07/2025 22:13:11,7273348800,S-001,Banexcoin Bolivia
5622,"30/07/2025 22:13:12, UTC -04:00",Completed,Sell,MariaPerez61Bo,20164,5.57,75.99,BOB,13.63,0.00,30/07/2025 22:13:31,7273349840,S-001,Banexcoin Bolivia
5624,"30/07/2025 22:28:12, UTC -04:00",Completed,Sell,ElenaMoreno57Max,20149,5.57,75.99,BOB,13.64,0.00,30/07/2025 22:28:26,7273388820,S-001,Banexcoin Bolivia
5625,"30/07/2025 22:30:40, UTC -04:00",Completed,Sell,ElenaMoreno57Max,20149,1.69,22.99,BOB,13.64,0.00,30/07/2025 22:30:58,7273395220,S-001,Banexcoin Bolivia
5626,"30/07/2025 22:44:44, UTC -04:00",Completed,Sell,ElenaMoreno57Max,20149,5.57,75.99,BOB,13.64,0.00,30/07/2025 22:45:01,7273429590,S-001,Banexcoin Bolivia
5627,"30/07/2025 22:48:11, UTC -04:00",Completed,Sell,MariaPerez61Bo,20164,26.38,359.99,BOB,13.65,0.00,30/07/2025 22:48:25,7273436980,S-001,Banexcoin Bolivia
5628,"30/07/2025 22:50:41, UTC -04:00",Completed,Sell,MariaPerez61Bo,20164,10.99,149.99,BOB,13.65,0.00,30/07/2025 22:50:55,7273442850,S-001,Banexcoin Bolivia
5629,"30/07/2025 22:51:18, UTC -04:00",Completed,Sell,MariaPerez61Bo,20164,10.99,149.99,BOB,13.65,0.00,30/07/2025 22:51:39,7273444200,S-001,Banexcoin Bolivia
5630,"30/07/2025 22:54:29, UTC -04:00",Completed,Sell,ElenaMoreno57Max,20149,1.68,22.99,BOB,13.65,0.00,30/07/2025 22:54:41,7273450360,S-001,Banexcoin Bolivia
5631,"30/07/2025 22:57:37, UTC -04:00",Completed,Sell,ElenaMoreno57Max,20149,26.38,359.99,BOB,13.65,0.00,30/07/2025 22:57:47,7273456390,S-001,Banexcoin Bolivia
5632,"30/07/2025 23:03:40, UTC -04:00",Completed,Sell,MariaPerez61Bo,20164,26.38,359.99,BOB,13.65,0.00,30/07/2025 23:03:57,7273467830,S-001,Banexcoin Bolivia
5633,"30/07/2025 23:04:11, UTC -04:00",Completed,Sell,MariaPerez61Bo,20164,26.38,359.99,BOB,13.65,0.00,30/07/2025 23:04:27,7273468680,S-001,Banexcoin Bolivia
5634,"30/07/2025 23:22:32, UTC -04:00",Completed,Sell,MariaPerez61Bo,20164,26.39,359.99,BOB,13.64,0.00,30/07/2025 23:22:44,7273498620,S-001,Banexcoin Bolivia
5635,"30/07/2025 23:23:41, UTC -04:00",Completed,Sell,MariaPerez61Bo,20164,11.00,149.99,BOB,13.64,0.00,30/07/2025 23:23:52,7273500240,S-001,Banexcoin Bolivia
5636,"30/07/2025 23:45:36, UTC -04:00",Completed,Sell,JoseRamos19456,20205,203.26,"2,770.08",BOB,13.63,0.00,30/07/2025 23:46:01,7273526390,S-001,Banexcoin Bolivia
5637,"30/07/2025 23:51:24, UTC -04:00",Completed,Sell,MariaPerez61Bo,20164,11.01,149.99,BOB,13.62,0.00,30/07/2025 23:51:40,7273531910,S-001,Banexcoin Bolivia
5642,"31/07/2025 00:07:41, UTC -04:00",Completed,Sell,MariaPerez61Bo,20164,5.58,75.99,BOB,13.62,0.00,31/07/2025 00:07:54,7273540210,S-001,Banexcoin Bolivia
5644,"31/07/2025 00:13:58, UTC -04:00",Completed,Sell,MariaPerez61Bo,20164,26.43,359.99,BOB,13.62,0.00,31/07/2025 00:14:11,7273545110,S-001,Banexcoin Bolivia
5647,"31/07/2025 00:16:53, UTC -04:00",Completed,Sell,MariaPerez61Bo,20164,26.43,359.99,BOB,13.62,0.00,31/07/2025 00:17:07,7273547070,S-001,Banexcoin Bolivia
5649,"31/07/2025 00:17:28, UTC -04:00",Completed,Sell,MariaPerez61Bo,20164,11.01,149.99,BOB,13.62,0.00,31/07/2025 00:17:41,7273547590,S-001,Banexcoin Bolivia
5650,"31/07/2025 00:17:52, UTC -04:00",Completed,Sell,MariaPerez61Bo,20164,11.01,149.99,BOB,13.62,0.00,31/07/2025 00:18:07,7273547900,S-001,Banexcoin Bolivia
5659,"31/07/2025 00:19:49, UTC -04:00",Completed,Sell,MariaPerez61Bo,20164,26.43,359.99,BOB,13.62,0.00,31/07/2025 00:20:03,7273549210,S-001,Banexcoin Bolivia
5661,"31/07/2025 00:25:22, UTC -04:00",Completed,Sell,MariaPerez61Bo,20164,26.43,359.99,BOB,13.62,0.00,31/07/2025 00:25:45,7273552780,S-001,Banexcoin Bolivia
5662,"31/07/2025 00:25:52, UTC -04:00",Completed,Sell,MariaPerez61Bo,20164,26.43,359.99,BOB,13.62,0.00,31/07/2025 00:26:09,7273553000,S-001,Banexcoin Bolivia
5670,"31/07/2025 07:43:47, UTC -04:00",Completed,Sell,DiegoRodriguez36Bo,20035,0.07,1.00,BOB,13.61,0.00,31/07/2025 07:44:29,7273719410,S-001,Banexcoin Bolivia
5671,"31/07/2025 07:46:20, UTC -04:00",Completed,Sell,DiegoRodriguez36Bo,20035,0.88,12.00,BOB,13.61,0.00,31/07/2025 07:46:39,7273723750,S-001,Banexcoin Bolivia
5672,"31/07/2025 08:36:16, UTC -04:00",Completed,Sell,ManuelRomero362025,20175,0.18,2.50,BOB,13.63,0.00,31/07/2025 08:36:31,7273866630,S-001,Banexcoin Bolivia
5673,"31/07/2025 08:48:48, UTC -04:00",Completed,Sell,MartaBlanco94123,20050,2.20,30.00,BOB,13.64,0.00,31/07/2025 08:49:30,7273910110,S-001,Banexcoin Bolivia
5674,"31/07/2025 09:25:16, UTC -04:00",Completed,Sell,CristinaMorales762024,20105,10.26,140.00,BOB,13.64,0.00,31/07/2025 10:34:54,7274049800,S-001,Banexcoin Bolivia
5675,"31/07/2025 09:38:50, UTC -04:00",Completed,Sell,JoseMendoza542025,20200,0.73,10.00,BOB,13.64,0.00,31/07/2025 09:39:08,7274105670,S-001,Banexcoin Bolivia
5678,"31/07/2025 09:49:42, UTC -04:00",Completed,Sell,BeatrizMorales44Max,20109,1.24,17.00,BOB,13.65,0.00,31/07/2025 09:50:28,7274154350,S-001,Banexcoin Bolivia
5679,"31/07/2025 10:14:28, UTC -04:00",Completed,Sell,MariaPerez61Bo,20164,26.35,359.99,BOB,13.66,0.00,31/07/2025 10:14:52,7274264760,S-001,Banexcoin Bolivia
5680,"31/07/2025 10:24:27, UTC -04:00",Completed,Sell,LuisSoto61Pe,20125,1.32,18.00,BOB,13.67,0.00,31/07/2025 10:24:40,242893640,S-001,Banexcoin Bolivia
5681,"31/07/2025 10:34:40, UTC -04:00",Completed,Sell,LuisSoto61Pe,20125,0.80,11.00,BOB,13.69,0.00,31/07/2025 10:34:56,7274357890,S-001,Banexcoin Bolivia
5682,"31/07/2025 10:45:32, UTC -04:00",Completed,Sell,AndresVega17Pro,10086,19.04,260.32,BOB,13.67,0.00,31/07/2025 10:45:47,7274408770,S-001,Banexcoin Bolivia
5683,"31/07/2025 10:59:47, UTC -04:00",Completed,Sell,GabrielMoreno89Pro,20081,0.73,10.00,BOB,13.67,0.00,31/07/2025 11:00:38,7274484760,S-001,Banexcoin Bolivia
5684,"31/07/2025 11:05:44, UTC -04:00",Completed,Sell,LuisSoto61Pe,20125,7.32,100.00,BOB,13.67,0.00,31/07/2025 11:06:10,7274511380,S-001,Banexcoin Bolivia
5685,"31/07/2025 11:07:13, UTC -04:00",Completed,Sell,LuisSoto61Pe,20125,7.31,100.00,BOB,13.67,0.00,31/07/2025 11:07:30,7274517920,S-001,Banexcoin Bolivia
5687,"31/07/2025 11:39:27, UTC -04:00",Completed,Sell,ElenaMoreno57Max,20149,26.35,359.99,BOB,13.66,0.00,31/07/2025 11:39:41,7274680440,S-001,Banexcoin Bolivia
5688,"31/07/2025 11:40:24, UTC -04:00",Completed,Sell,ElenaMoreno57Max,20149,26.35,359.99,BOB,13.66,0.00,31/07/2025 11:40:43,7274685610,S-001,Banexcoin Bolivia
5689,"31/07/2025 11:45:57, UTC -04:00",Completed,Sell,ElenaMoreno57Max,20149,2.78,37.99,BOB,13.67,0.00,31/07/2025 11:46:12,7274713890,S-001,Banexcoin Bolivia
5690,"31/07/2025 11:50:38, UTC -04:00",Completed,Sell,ElenaMoreno57Max,20149,10.98,149.99,BOB,13.67,0.00,31/07/2025 11:51:06,7274738230,S-001,Banexcoin Bolivia
5691,"31/07/2025 11:53:43, UTC -04:00",Completed,Sell,ElenaMoreno57Max,20149,1.68,22.99,BOB,13.67,0.00,31/07/2025 11:53:56,7274753280,S-001,Banexcoin Bolivia
5694,"31/07/2025 12:06:12, UTC -04:00",Completed,Sell,MariaPerez61Bo,20164,10.97,149.99,BOB,13.67,0.00,31/07/2025 12:06:25,7274822450,S-001,Banexcoin Bolivia
5695,"31/07/2025 12:07:26, UTC -04:00",Completed,Sell,MariaPerez61Bo,20164,26.34,359.99,BOB,13.67,0.00,31/07/2025 12:07:45,7274830440,S-001,Banexcoin Bolivia
5698,"31/07/2025 12:10:43, UTC -04:00",Completed,Sell,ElenaMoreno57Max,20149,2.78,37.99,BOB,13.67,0.00,31/07/2025 12:10:57,7274848680,S-001,Banexcoin Bolivia
5701,"31/07/2025 12:11:28, UTC -04:00",Completed,Sell,ElenaMoreno57Max,20149,0.55,7.49,BOB,13.67,0.00,31/07/2025 12:11:43,7274852740,S-001,Banexcoin Bolivia
5702,"31/07/2025 12:24:45, UTC -04:00",Completed,Sell,IsabelSantos822025,10089,6.73,92.00,BOB,13.67,0.00,31/07/2025 12:24:59,242944820,S-001,Banexcoin Bolivia
5710,"31/07/2025 13:42:08, UTC -04:00",Completed,Sell,JoseMendoza542025,20200,10.33,143.00,BOB,13.85,0.00,31/07/2025 13:42:21,7275348860,S-001,Banexcoin Bolivia
5711,"31/07/2025 13:43:45, UTC -04:00",Completed,Sell,BeatrizMedina98Ar,20151,0.07,1.00,BOB,13.86,0.00,31/07/2025 13:44:09,7275357180,S-001,Banexcoin Bolivia
5713,"31/07/2025 13:46:09, UTC -04:00",Completed,Sell,RosaMoreno87Mx,10005,401.54,"5,532.00",BOB,13.78,0.00,31/07/2025 13:46:47,7275369960,S-001,Banexcoin Bolivia
5715,"31/07/2025 13:59:37, UTC -04:00",Completed,Sell,BeatrizMedina98Ar,20151,0.88,12.00,BOB,13.71,0.00,31/07/2025 13:59:54,7275433140,S-001,Banexcoin Bolivia
5716,"31/07/2025 14:00:00, UTC -04:00",Completed,Sell,ElenaMoreno57Max,20149,26.25,359.99,BOB,13.71,0.00,31/07/2025 14:00:14,7275434680,S-001,Banexcoin Bolivia
5717,"31/07/2025 14:00:25, UTC -04:00",Completed,Sell,ElenaMoreno57Max,20149,10.94,149.99,BOB,13.71,0.00,31/07/2025 14:00:40,7275437000,S-001,Banexcoin Bolivia
5730,"31/07/2025 14:24:53, UTC -04:00",Completed,Sell,SandraRamirez19Ec,20063,5.62,77.00,BOB,13.70,0.00,31/07/2025 14:25:11,7275556610,S-001,Banexcoin Bolivia
5734,"31/07/2025 14:36:23, UTC -04:00",Completed,Sell,ElenaMoreno57Max,20149,26.24,359.99,BOB,13.72,0.00,31/07/2025 14:36:37,7275611470,S-001,Banexcoin Bolivia
5735,"31/07/2025 14:36:47, UTC -04:00",Completed,Sell,ElenaMoreno57Max,20149,10.93,149.99,BOB,13.72,0.00,31/07/2025 14:36:59,7275613170,S-001,Banexcoin Bolivia
5738,"31/07/2025 14:39:39, UTC -04:00",Completed,Sell,ElenaMoreno57Max,20149,1.68,22.99,BOB,13.72,0.00,31/07/2025 14:39:51,7275627090,S-001,Banexcoin Bolivia
5748,"31/07/2025 14:59:46, UTC -04:00",Completed,Sell,MariaPerez61Bo,20164,10.93,149.99,BOB,13.73,0.00,31/07/2025 15:00:00,7275723540,S-001,Banexcoin Bolivia
5751,"31/07/2025 15:05:46, UTC -04:00",Completed,Sell,CarmenMendoza49Pe,20093,7.29,100.00,BOB,13.72,0.00,31/07/2025 15:06:06,7275753800,S-001,Banexcoin Bolivia
5753,"31/07/2025 15:08:46, UTC -04:00",Completed,Sell,LuisSoto61Pe,20125,12.98,178.00,BOB,13.72,0.00,31/07/2025 15:09:15,7275769760,S-001,Banexcoin Bolivia
5770,"31/07/2025 15:18:39, UTC -04:00",Completed,Sell,ManuelRomero362025,20175,6.56,90.00,BOB,13.72,0.00,31/07/2025 15:19:01,7275817830,S-001,Banexcoin Bolivia
5771,"31/07/2025 15:21:13, UTC -04:00",Completed,Sell,MariaPerez61Bo,20164,10.93,149.99,BOB,13.72,0.00,31/07/2025 15:21:27,7275832800,S-001,Banexcoin Bolivia
5773,"31/07/2025 15:25:07, UTC -04:00",Completed,Sell,ManuelRomero362025,20175,0.51,7.00,BOB,13.72,0.00,31/07/2025 15:25:23,7275852130,S-001,Banexcoin Bolivia
5776,"31/07/2025 15:33:21, UTC -04:00",Completed,Sell,ElenaMoreno57Max,20149,2.77,37.99,BOB,13.71,0.00,31/07/2025 15:33:42,7275896060,S-001,Banexcoin Bolivia
5777,"31/07/2025 15:33:38, UTC -04:00",Completed,Sell,CarolinaMoreno552024,20192,25.90,355.00,BOB,13.71,0.00,31/07/2025 15:34:08,243028210,S-001,Banexcoin Bolivia
5778,"31/07/2025 15:36:38, UTC -04:00",Completed,Sell,ElenaMoreno57Max,20149,2.77,37.99,BOB,13.70,0.00,31/07/2025 15:36:54,7275912630,S-001,Banexcoin Bolivia
5779,"31/07/2025 15:37:09, UTC -04:00",Completed,Sell,ElenaMoreno57Max,20149,0.55,7.49,BOB,13.70,0.00,31/07/2025 15:37:22,7275915230,S-001,Banexcoin Bolivia
5780,"31/07/2025 15:38:03, UTC -04:00",Completed,Sell,ElenaMoreno57Max,20149,5.54,75.99,BOB,13.70,0.00,31/07/2025 15:38:14,7275919770,S-001,Banexcoin Bolivia
5781,"31/07/2025 15:38:37, UTC -04:00",Completed,Sell,ElenaMoreno57Max,20149,2.77,37.99,BOB,13.70,0.00,31/07/2025 15:38:50,7275922530,S-001,Banexcoin Bolivia
5782,"31/07/2025 15:39:44, UTC -04:00",Completed,Sell,ElenaMoreno57Max,20149,0.55,7.49,BOB,13.70,0.00,31/07/2025 15:39:58,7275928460,S-001,Banexcoin Bolivia
5783,"31/07/2025 15:40:17, UTC -04:00",Completed,Sell,ElenaMoreno57Max,20149,0.55,7.49,BOB,13.70,0.00,31/07/2025 15:40:30,7275930730,S-001,Banexcoin Bolivia
5784,"31/07/2025 15:53:11, UTC -04:00",Completed,Sell,ElenaMoreno57Max,20149,10.93,149.99,BOB,13.72,0.00,31/07/2025 15:53:25,7275997690,S-001,Banexcoin Bolivia
5785,"31/07/2025 16:09:17, UTC -04:00",Completed,Sell,MariaPerez61Bo,20164,26.24,359.99,BOB,13.72,0.00,31/07/2025 16:09:31,7276083280,S-001,Banexcoin Bolivia
5786,"31/07/2025 16:16:44, UTC -04:00",Completed,Sell,MariaPerez61Bo,20164,26.22,359.99,BOB,13.73,0.00,31/07/2025 16:16:56,7276125850,S-001,Banexcoin Bolivia
5788,"31/07/2025 16:22:18, UTC -04:00",Completed,Sell,RosaGutierrez20Co,20147,2.55,35.00,BOB,13.73,0.00,31/07/2025 16:22:36,7276155470,S-001,Banexcoin Bolivia
5791,"31/07/2025 16:41:30, UTC -04:00",Completed,Sell,MariaPerez61Bo,20164,5.54,75.99,BOB,13.73,0.00,31/07/2025 16:41:45,7276262700,S-001,Banexcoin Bolivia
5797,"31/07/2025 17:19:10, UTC -04:00",Completed,Sell,ElenaMoreno57Max,20149,5.54,75.99,BOB,13.73,0.00,31/07/2025 17:19:22,7276469010,S-001,Banexcoin Bolivia
5799,"31/07/2025 17:38:31, UTC -04:00",Completed,Sell,MariaPerez61Bo,20164,26.36,359.99,BOB,13.66,0.00,31/07/2025 17:38:43,7276575770,S-001,Banexcoin Bolivia
5800,"31/07/2025 17:39:00, UTC -04:00",Completed,Sell,MariaPerez61Bo,20164,26.36,359.99,BOB,13.66,0.00,31/07/2025 17:39:11,7276577980,S-001,Banexcoin Bolivia
5801,"31/07/2025 17:39:33, UTC -04:00",Completed,Sell,MariaPerez61Bo,20164,26.36,359.99,BOB,13.66,0.00,31/07/2025 17:39:45,7276581060,S-001,Banexcoin Bolivia
5802,"31/07/2025 17:40:06, UTC -04:00",Completed,Sell,MariaPerez61Bo,20164,26.36,359.99,BOB,13.66,0.00,31/07/2025 17:40:17,7276583930,S-001,Banexcoin Bolivia
5803,"31/07/2025 17:48:26, UTC -04:00",Completed,Sell,AndresVega17Pro,10086,2.56,35.00,BOB,13.66,0.00,31/07/2025 17:48:40,7276630540,S-001,Banexcoin Bolivia
5804,"31/07/2025 18:01:23, UTC -04:00",Completed,Sell,MariaPerez61Bo,20164,10.98,149.99,BOB,13.66,0.00,31/07/2025 18:01:38,7276704210,S-001,Banexcoin Bolivia
5805,"31/07/2025 18:02:33, UTC -04:00",Completed,Sell,ElenaMoreno57Max,20149,1.68,22.99,BOB,13.66,0.00,31/07/2025 18:02:46,7276710260,S-001,Banexcoin Bolivia
5806,"31/07/2025 18:03:23, UTC -04:00",Completed,Sell,MariaPerez61Bo,20164,10.99,149.99,BOB,13.65,0.00,31/07/2025 18:03:36,7276715210,S-001,Banexcoin Bolivia
5807,"31/07/2025 18:03:55, UTC -04:00",Completed,Sell,MariaPerez61Bo,20164,26.37,359.99,BOB,13.65,0.00,31/07/2025 18:04:08,7276718860,S-001,Banexcoin Bolivia
5808,"31/07/2025 18:03:59, UTC -04:00",Completed,Sell,ElenaMoreno57Max,20149,2.78,37.99,BOB,13.65,0.00,31/07/2025 18:04:16,7276719570,S-001,Banexcoin Bolivia
5809,"31/07/2025 18:05:05, UTC -04:00",Completed,Sell,MariaPerez61Bo,20164,26.37,359.99,BOB,13.65,0.00,31/07/2025 18:05:19,7276725280,S-001,Banexcoin Bolivia
5810,"31/07/2025 18:05:30, UTC -04:00",Completed,Sell,MariaPerez61Bo,20164,26.37,359.99,BOB,13.65,0.00,31/07/2025 18:05:43,7276727720,S-001,Banexcoin Bolivia
5811,"31/07/2025 18:06:23, UTC -04:00",Completed,Sell,MariaPerez61Bo,20164,26.37,359.99,BOB,13.65,0.00,31/07/2025 18:06:39,7276733340,S-001,Banexcoin Bolivia
5813,"31/07/2025 18:06:53, UTC -04:00",Completed,Sell,ElenaMoreno57Max,20149,26.37,359.99,BOB,13.65,0.00,31/07/2025 18:07:07,7276735960,S-001,Banexcoin Bolivia
5814,"31/07/2025 18:08:17, UTC -04:00",Completed,Sell,ElenaMoreno57Max,20149,26.37,359.99,BOB,13.65,0.00,31/07/2025 18:08:31,7276744000,S-001,Banexcoin Bolivia
5815,"31/07/2025 18:44:46, UTC -04:00",Completed,Sell,ElenaMoreno57Max,20149,2.78,37.99,BOB,13.66,0.00,31/07/2025 18:45:18,7276958260,S-001,Banexcoin Bolivia
5817,"31/07/2025 18:46:55, UTC -04:00",Completed,Sell,ElenaMoreno57Max,20149,2.78,37.99,BOB,13.65,0.00,31/07/2025 18:47:08,7276968840,S-001,Banexcoin Bolivia
5818,"31/07/2025 18:47:23, UTC -04:00",Completed,Sell,AlbertoReyes24007,20104,7.32,100.00,BOB,13.65,0.00,31/07/2025 18:47:52,7276972790,S-001,Banexcoin Bolivia
5819,"31/07/2025 18:51:35, UTC -04:00",Completed,Sell,ElenaMoreno57Max,20149,2.78,37.99,BOB,13.66,0.00,31/07/2025 18:51:53,7276996320,S-001,Banexcoin Bolivia
5820,"31/07/2025 18:53:18, UTC -04:00",Completed,Sell,ElenaMoreno57Max,20149,1.68,22.99,BOB,13.66,0.00,31/07/2025 18:53:35,7277006420,S-001,Banexcoin Bolivia
5821,"31/07/2025 19:04:35, UTC -04:00",Completed,Sell,ElenaMoreno57Max,20149,26.35,359.99,BOB,13.66,0.00,31/07/2025 19:04:49,7277071810,S-001,Banexcoin Bolivia
5822,"31/07/2025 19:05:36, UTC -04:00",Completed,Sell,ElenaMoreno57Max,20149,26.35,359.99,BOB,13.66,0.00,31/07/2025 19:05:49,7277077670,S-001,Banexcoin Bolivia
5823,"31/07/2025 19:07:43, UTC -04:00",Completed,Sell,ElenaMoreno57Max,20149,26.35,359.99,BOB,13.66,0.00,31/07/2025 19:07:57,7277090340,S-001,Banexcoin Bolivia
5824,"31/07/2025 19:16:21, UTC -04:00",Completed,Sell,JoseRamos19456,20205,342.35,"4,675.00",BOB,13.66,0.00,31/07/2025 19:16:50,7277141210,S-001,Banexcoin Bolivia
5825,"31/07/2025 19:16:39, UTC -04:00",Completed,Sell,VictorGutierrez65007,20118,3.08,42.00,BOB,13.66,0.00,31/07/2025 19:17:02,7277142210,S-001,Banexcoin Bolivia
5829,"31/07/2025 19:26:45, UTC -04:00",Completed,Sell,MariaPerez61Bo,20164,26.35,359.99,BOB,13.66,0.00,31/07/2025 19:27:00,7277196790,S-001,Banexcoin Bolivia
5830,"31/07/2025 19:27:41, UTC -04:00",Completed,Sell,MariaPerez61Bo,20164,10.98,149.99,BOB,13.66,0.00,31/07/2025 19:27:54,7277201560,S-001,Banexcoin Bolivia
5831,"31/07/2025 19:54:38, UTC -04:00",Completed,Sell,ElenaMoreno57Max,20149,10.96,149.99,BOB,13.68,0.00,31/07/2025 19:54:51,7277374060,S-001,Banexcoin Bolivia
5832,"31/07/2025 19:56:01, UTC -04:00",Completed,Sell,ElenaMoreno57Max,20149,2.78,37.99,BOB,13.68,0.00,31/07/2025 19:56:12,7277381670,S-001,Banexcoin Bolivia
5833,"31/07/2025 19:57:19, UTC -04:00",Completed,Sell,ElenaMoreno57Max,20149,0.55,7.49,BOB,13.68,0.00,31/07/2025 19:57:32,7277388980,S-001,Banexcoin Bolivia
5834,"31/07/2025 20:00:00, UTC -04:00",Completed,Sell,MariaPerez61Bo,20164,2.78,37.99,BOB,13.68,0.00,31/07/2025 20:00:20,7277403690,S-001,Banexcoin Bolivia
5835,"31/07/2025 20:00:08, UTC -04:00",Completed,Sell,ElenaMoreno57Max,20149,1.68,22.99,BOB,13.68,0.00,31/07/2025 20:00:28,7277404420,S-001,Banexcoin Bolivia
5836,"31/07/2025 20:02:14, UTC -04:00",Completed,Sell,ElenaMoreno57Max,20149,2.78,37.99,BOB,13.68,0.00,31/07/2025 20:02:44,7277416120,S-001,Banexcoin Bolivia
5837,"31/07/2025 20:02:27, UTC -04:00",Completed,Sell,AndresVega17Pro,10086,11.67,159.64,BOB,13.68,0.00,31/07/2025 20:03:04,7277418220,S-001,Banexcoin Bolivia
5838,"31/07/2025 20:04:56, UTC -04:00",Completed,Sell,ElenaMoreno57Max,20149,2.78,37.99,BOB,13.68,0.00,31/07/2025 20:05:10,7277430200,S-001,Banexcoin Bolivia
5839,"31/07/2025 20:06:18, UTC -04:00",Completed,Sell,ElenaMoreno57Max,20149,2.78,37.99,BOB,13.68,0.00,31/07/2025 20:06:32,7277437500,S-001,Banexcoin Bolivia
5840,"31/07/2025 20:08:10, UTC -04:00",Completed,Sell,ElenaMoreno57Max,20149,10.97,149.99,BOB,13.68,0.00,31/07/2025 20:08:22,7277446990,S-001,Banexcoin Bolivia
5841,"31/07/2025 20:15:37, UTC -04:00",Completed,Sell,ElenaMoreno57Max,20149,1.68,22.99,BOB,13.68,0.00,31/07/2025 20:15:50,7277486290,S-001,Banexcoin Bolivia
5842,"31/07/2025 20:17:00, UTC -04:00",Completed,Sell,MariaPerez61Bo,20164,1.10,14.99,BOB,13.68,0.00,31/07/2025 20:17:22,7277493610,S-001,Banexcoin Bolivia
5843,"31/07/2025 20:22:05, UTC -04:00",Completed,Sell,ElenaMoreno57Max,20149,1.68,22.99,BOB,13.68,0.00,31/07/2025 20:22:17,7277518250,S-001,Banexcoin Bolivia
5844,"31/07/2025 20:28:27, UTC -04:00",Completed,Sell,LuisSoto61Pe,20125,1.02,14.00,BOB,13.68,0.00,31/07/2025 20:28:43,7277550860,S-001,Banexcoin Bolivia
5845,"31/07/2025 20:38:31, UTC -04:00",Completed,Sell,CarolinaMoreno552024,20192,47.56,650.00,BOB,13.67,0.00,31/07/2025 20:38:45,243176430,S-001,Banexcoin Bolivia
5848,"31/07/2025 20:43:26, UTC -04:00",Completed,Sell,CristinaSuarez852025,10003,29.27,400.00,BOB,13.67,0.00,31/07/2025 20:43:56,7277624890,S-001,Banexcoin Bolivia
5849,"31/07/2025 20:53:42, UTC -04:00",Completed,Sell,PaulaDiaz91Bo,20148,9.00,123.00,BOB,13.67,0.00,31/07/2025 20:54:06,7277671640,S-001,Banexcoin Bolivia
5850,"31/07/2025 21:01:21, UTC -04:00",Completed,Sell,CarolinaMoreno552024,20192,1.10,15.00,BOB,13.67,0.00,31/07/2025 21:01:40,7277706010,S-001,Banexcoin Bolivia
5851,"31/07/2025 21:05:42, UTC -04:00",Completed,Sell,PaulaDiaz91Bo,20148,96.57,"1,320.00",BOB,13.67,0.00,31/07/2025 21:06:35,7277727510,S-001,Banexcoin Bolivia
5852,"31/07/2025 21:15:04, UTC -04:00",Completed,Sell,ElenaMoreno57Max,20149,1.68,22.99,BOB,13.66,0.00,31/07/2025 21:15:17,7277765810,S-001,Banexcoin Bolivia
5853,"31/07/2025 21:15:56, UTC -04:00",Completed,Sell,ElenaMoreno57Max,20149,0.55,7.49,BOB,13.66,0.00,31/07/2025 21:16:09,7277769810,S-001,Banexcoin Bolivia
5854,"31/07/2025 21:18:21, UTC -04:00",Completed,Sell,ElenaMoreno57Max,20149,5.56,75.99,BOB,13.66,0.00,31/07/2025 21:18:35,7277779800,S-001,Banexcoin Bolivia
5855,"31/07/2025 21:50:48, UTC -04:00",Completed,Sell,MariaPerez61Bo,20164,10.98,149.99,BOB,13.66,0.00,31/07/2025 21:51:18,7277910090,S-001,Banexcoin Bolivia
5856,"31/07/2025 22:03:30, UTC -04:00",Completed,Sell,ElenaMoreno57Max,20149,1.68,22.99,BOB,13.66,0.00,31/07/2025 22:03:43,7277953900,S-001,Banexcoin Bolivia
5859,"31/07/2025 22:18:11, UTC -04:00",Completed,Sell,ElenaMoreno57Max,20149,5.56,75.99,BOB,13.66,0.00,31/07/2025 22:18:26,7278002720,S-001,Banexcoin Bolivia
5860,"31/07/2025 22:19:48, UTC -04:00",Completed,Sell,ElenaMoreno57Max,20149,1.68,22.99,BOB,13.66,0.00,31/07/2025 22:20:00,7278007630,S-001,Banexcoin Bolivia
5861,"31/07/2025 22:21:05, UTC -04:00",Completed,Sell,ElenaMoreno57Max,20149,0.55,7.49,BOB,13.66,0.00,31/07/2025 22:21:18,7278011630,S-001,Banexcoin Bolivia
5862,"31/07/2025 22:22:24, UTC -04:00",Completed,Sell,ElenaMoreno57Max,20149,0.55,7.49,BOB,13.66,0.00,31/07/2025 22:22:38,7278016210,S-001,Banexcoin Bolivia
5863,"31/07/2025 22:23:32, UTC -04:00",Completed,Sell,ElenaMoreno57Max,20149,0.55,7.49,BOB,13.66,0.00,31/07/2025 22:23:46,7278019780,S-001,Banexcoin Bolivia
5865,"31/07/2025 22:27:02, UTC -04:00",Completed,Sell,ElenaMoreno57Max,20149,1.68,22.99,BOB,13.66,0.00,31/07/2025 22:27:16,7278030160,S-001,Banexcoin Bolivia
5866,"31/07/2025 22:29:43, UTC -04:00",Completed,Sell,LuisSoto61Pe,20125,61.50,840.00,BOB,13.66,0.00,31/07/2025 22:30:08,7278038670,S-001,Banexcoin Bolivia
5867,"31/07/2025 22:35:22, UTC -04:00",Completed,Sell,ElenaMoreno57Max,20149,2.78,37.99,BOB,13.65,0.00,31/07/2025 22:35:40,7278054530,S-001,Banexcoin Bolivia
5868,"31/07/2025 22:47:12, UTC -04:00",Completed,Sell,ElenaMoreno57Max,20149,1.68,22.99,BOB,13.66,0.00,31/07/2025 22:47:27,7278086380,S-001,Banexcoin Bolivia
5869,"31/07/2025 22:49:19, UTC -04:00",Completed,Sell,LuisSoto61Pe,20125,2.64,36.00,BOB,13.66,0.00,31/07/2025 22:49:35,7278092230,S-001,Banexcoin Bolivia
5870,"31/07/2025 22:49:27, UTC -04:00",Completed,Sell,ElenaMoreno57Max,20149,2.78,37.99,BOB,13.66,0.00,31/07/2025 22:49:41,7278092600,S-001,Banexcoin Bolivia
5871,"31/07/2025 22:51:14, UTC -04:00",Completed,Sell,ElenaMoreno57Max,20149,0.55,7.49,BOB,13.66,0.00,31/07/2025 22:51:25,7278097050,S-001,Banexcoin Bolivia
5873,"31/07/2025 22:53:49, UTC -04:00",Completed,Sell,ElenaMoreno57Max,20149,1.68,22.99,BOB,13.66,0.00,31/07/2025 22:54:03,7278104050,S-001,Banexcoin Bolivia
5874,"31/07/2025 22:57:37, UTC -04:00",Completed,Sell,CarolinaMoreno552024,20192,21.81,297.87,BOB,13.66,0.00,31/07/2025 22:57:53,7278113470,S-001,Banexcoin Bolivia
5882,"31/07/2025 23:05:26, UTC -04:00",Completed,Sell,ElenaMoreno57Max,20149,5.56,75.99,BOB,13.66,0.00,31/07/2025 23:05:42,7278132300,S-001,Banexcoin Bolivia
5883,"31/07/2025 23:07:17, UTC -04:00",Completed,Sell,MariaPerez61Bo,20164,10.98,149.99,BOB,13.66,0.00,31/07/2025 23:07:28,7278136000,S-001,Banexcoin Bolivia
5884,"31/07/2025 23:36:09, UTC -04:00",Completed,Sell,MariaPerez61Bo,20164,5.56,75.99,BOB,13.66,0.00,31/07/2025 23:36:23,7278189150,S-001,Banexcoin Bolivia
5885,"31/07/2025 23:44:34, UTC -04:00",Completed,Sell,MariaPerez61Bo,20164,1.69,22.99,BOB,13.64,0.00,31/07/2025 23:44:50,7278202320,S-001,Banexcoin Bolivia
5886,"31/07/2025 23:54:35, UTC -04:00",Completed,Sell,JoseRamos19456,20205,3.82,52.00,BOB,13.63,0.00,31/07/2025 23:55:04,7278214370,S-001,Banexcoin Bolivia
5887,"01/08/2025 00:12:23, UTC -04:00",Completed,Sell,ElenaMoreno57Max,20149,11.02,149.99,BOB,13.62,0.00,01/08/2025 00:12:37,7278229920,S-001,Banexcoin Bolivia
5888,"01/08/2025 00:13:29, UTC -04:00",Completed,Sell,ElenaMoreno57Max,20149,26.44,359.99,BOB,13.62,0.00,01/08/2025 00:13:41,7278230950,S-001,Banexcoin Bolivia
5889,"01/08/2025 02:23:09, UTC -04:00",Completed,Sell,JoseRamos19456,20205,8.10,110.00,BOB,13.59,0.00,01/08/2025 02:23:41,7280724910,S-001,Banexcoin Bolivia
5890,"01/08/2025 02:37:36, UTC -04:00",Completed,Sell,LuisSoto61Pe,20125,2.50,34.00,BOB,13.58,0.00,01/08/2025 02:37:55,7281552910,S-001,Banexcoin Bolivia
5891,"01/08/2025 02:46:47, UTC -04:00",Completed,Sell,JoseRamos19456,20205,6.63,90.00,BOB,13.58,0.00,01/08/2025 02:47:20,7282095820,S-001,Banexcoin Bolivia
5892,"01/08/2025 03:27:06, UTC -04:00",Completed,Sell,MariaPerez61Bo,20164,26.49,359.99,BOB,13.59,0.00,01/08/2025 03:27:20,7284324420,S-001,Banexcoin Bolivia
5893,"01/08/2025 03:31:14, UTC -04:00",Completed,Sell,MariaPerez61Bo,20164,26.50,359.99,BOB,13.59,0.00,01/08/2025 03:31:28,7284553480,S-001,Banexcoin Bolivia
5894,"01/08/2025 03:31:43, UTC -04:00",Completed,Sell,MariaPerez61Bo,20164,26.50,359.99,BOB,13.59,0.00,01/08/2025 03:32:00,7284582680,S-001,Banexcoin Bolivia
5895,"01/08/2025 03:49:38, UTC -04:00",Completed,Sell,ElenaMoreno57Max,20149,26.47,359.99,BOB,13.60,0.00,01/08/2025 03:50:01,7285231640,S-001,Banexcoin Bolivia
5896,"01/08/2025 04:27:36, UTC -04:00",Completed,Sell,MariaPerez61Bo,20164,26.48,359.99,BOB,13.60,0.00,01/08/2025 04:28:16,7285239080,S-001,Banexcoin Bolivia
5897,"01/08/2025 04:28:24, UTC -04:00",Completed,Sell,MariaPerez61Bo,20164,26.48,359.99,BOB,13.60,0.00,01/08/2025 04:28:38,7285239190,S-001,Banexcoin Bolivia
5898,"01/08/2025 06:48:27, UTC -04:00",Completed,Sell,MariaPerez61Bo,20164,26.44,359.99,BOB,13.61,0.00,01/08/2025 06:48:45,7285301570,S-001,Banexcoin Bolivia
5906,"01/08/2025 08:17:21, UTC -04:00",Completed,Sell,VictorRamos73Co,20170,0.37,5.00,BOB,13.63,0.00,01/08/2025 08:17:39,7285499050,S-001,Banexcoin Bolivia
5909,"01/08/2025 09:24:41, UTC -04:00",Completed,Sell,CarolinaMoreno552024,20192,4.40,60.00,BOB,13.63,0.00,01/08/2025 09:24:56,243316680,S-001,Banexcoin Bolivia
5910,"01/08/2025 10:18:34, UTC -04:00",Completed,Sell,JoseMendoza542025,20200,0.74,10.00,BOB,13.58,0.00,01/08/2025 10:18:50,7286037010,S-001,Banexcoin Bolivia
5921,"01/08/2025 10:59:57, UTC -04:00",Completed,Sell,MartaBlanco94123,20050,13.21,179.62,BOB,13.60,0.00,01/08/2025 11:00:30,7286260630,S-001,Banexcoin Bolivia
5928,"01/08/2025 11:33:13, UTC -04:00",Completed,Sell,ElenaMoreno57Max,20149,2.80,37.99,BOB,13.57,0.00,01/08/2025 11:33:31,7286439980,S-001,Banexcoin Bolivia
5929,"01/08/2025 11:34:19, UTC -04:00",Completed,Sell,ElenaMoreno57Max,20149,26.53,359.99,BOB,13.57,0.00,01/08/2025 11:34:33,7286445130,S-001,Banexcoin Bolivia
5930,"01/08/2025 11:36:15, UTC -04:00",Completed,Sell,ElenaMoreno57Max,20149,2.80,37.99,BOB,13.57,0.00,01/08/2025 11:36:45,7286454440,S-001,Banexcoin Bolivia
5931,"01/08/2025 11:38:56, UTC -04:00",Completed,Sell,ElenaMoreno57Max,20149,2.80,37.99,BOB,13.57,0.00,01/08/2025 11:39:14,7286471860,S-001,Banexcoin Bolivia
5932,"01/08/2025 11:40:39, UTC -04:00",Completed,Sell,ElenaMoreno57Max,20149,5.61,75.99,BOB,13.55,0.00,01/08/2025 11:40:54,7286480310,S-001,Banexcoin Bolivia
5933,"01/08/2025 11:43:43, UTC -04:00",Completed,Sell,ElenaMoreno57Max,20149,26.57,359.99,BOB,13.55,0.00,01/08/2025 11:43:56,7286498480,S-001,Banexcoin Bolivia
5944,"01/08/2025 11:58:44, UTC -04:00",Completed,Sell,MariaPerez61Bo,20164,26.52,359.99,BOB,13.58,0.00,01/08/2025 11:59:00,7286584400,S-001,Banexcoin Bolivia
5947,"01/08/2025 12:05:23, UTC -04:00",Completed,Sell,PedroTorres902024,20183,72.92,990.00,BOB,13.58,0.00,01/08/2025 12:05:49,7286624260,S-001,Banexcoin Bolivia
5951,"01/08/2025 12:07:14, UTC -04:00",Completed,Sell,MariaPerez61Bo,20164,26.52,359.99,BOB,13.58,0.00,01/08/2025 12:07:31,7286635270,S-001,Banexcoin Bolivia
5952,"01/08/2025 12:17:15, UTC -04:00",Completed,Sell,MariaPerez61Bo,20164,11.04,149.99,BOB,13.58,0.00,01/08/2025 12:17:27,7286693660,S-001,Banexcoin Bolivia
5953,"01/08/2025 12:21:38, UTC -04:00",Completed,Sell,MariaPerez61Bo,20164,11.05,149.99,BOB,13.58,0.00,01/08/2025 12:21:51,7286721460,S-001,Banexcoin Bolivia
5955,"01/08/2025 12:24:41, UTC -04:00",Completed,Sell,ElenaMoreno57Max,20149,2.80,37.99,BOB,13.58,0.00,01/08/2025 12:24:54,7286739830,S-001,Banexcoin Bolivia
5956,"01/08/2025 12:39:56, UTC -04:00",Completed,Sell,LuisSoto61Pe,20125,7.65,104.00,BOB,13.59,0.00,01/08/2025 12:40:10,7286833590,S-001,Banexcoin Bolivia
5960,"01/08/2025 13:11:28, UTC -04:00",Completed,Sell,ElenaMoreno57Max,20149,26.54,359.99,BOB,13.56,0.00,01/08/2025 13:11:42,7287021240,S-001,Banexcoin Bolivia
5961,"01/08/2025 13:12:13, UTC -04:00",Completed,Sell,ElenaMoreno57Max,20149,26.55,359.99,BOB,13.56,0.00,01/08/2025 13:12:34,7287026060,S-001,Banexcoin Bolivia
5962,"01/08/2025 13:15:50, UTC -04:00",Completed,Sell,MariaPerez61Bo,20164,26.56,359.99,BOB,13.55,0.00,01/08/2025 13:16:10,7287047140,S-001,Banexcoin Bolivia
5963,"01/08/2025 13:17:47, UTC -04:00",Completed,Sell,CarlosRuiz32Pe,20154,5.28,71.50,BOB,13.55,0.00,01/08/2025 13:18:08,7287057800,S-001,Banexcoin Bolivia
5964,"01/08/2025 13:21:18, UTC -04:00",Completed,Sell,MariaPerez61Bo,20164,26.57,359.99,BOB,13.55,0.00,01/08/2025 13:21:30,7287076540,S-001,Banexcoin Bolivia
5965,"01/08/2025 13:21:38, UTC -04:00",Completed,Sell,MariaPerez61Bo,20164,26.57,359.99,BOB,13.55,0.00,01/08/2025 13:21:52,7287078260,S-001,Banexcoin Bolivia
5967,"01/08/2025 13:22:45, UTC -04:00",Completed,Sell,MariaPerez61Bo,20164,26.58,359.99,BOB,13.55,0.00,01/08/2025 13:22:58,7287083880,S-001,Banexcoin Bolivia
5968,"01/08/2025 13:23:34, UTC -04:00",Completed,Sell,MariaPerez61Bo,20164,26.57,359.99,BOB,13.55,0.00,01/08/2025 13:23:46,7287089060,S-001,Banexcoin Bolivia
5969,"01/08/2025 13:24:40, UTC -04:00",Completed,Sell,MariaPerez61Bo,20164,11.07,149.99,BOB,13.55,0.00,01/08/2025 13:24:54,7287095480,S-001,Banexcoin Bolivia
5970,"01/08/2025 13:26:08, UTC -04:00",Completed,Sell,MariaPerez61Bo,20164,11.07,149.99,BOB,13.55,0.00,01/08/2025 13:26:18,7287103020,S-001,Banexcoin Bolivia
5976,"01/08/2025 13:51:47, UTC -04:00",Completed,Sell,ElenaMoreno57Max,20149,5.60,75.99,BOB,13.56,0.00,01/08/2025 13:51:59,7287237740,S-001,Banexcoin Bolivia
5978,"01/08/2025 13:52:41, UTC -04:00",Completed,Sell,ElenaMoreno57Max,20149,1.70,22.99,BOB,13.56,0.00,01/08/2025 13:53:05,7287243910,S-001,Banexcoin Bolivia
5979,"01/08/2025 14:03:39, UTC -04:00",Completed,Sell,ElenaMoreno57Max,20149,26.57,359.99,BOB,13.55,0.00,01/08/2025 14:03:54,7287298930,S-001,Banexcoin Bolivia
5982,"01/08/2025 14:08:58, UTC -04:00",Completed,Sell,ElenaMoreno57Max,20149,1.70,22.99,BOB,13.55,0.00,01/08/2025 14:09:12,7287326090,S-001,Banexcoin Bolivia
5983,"01/08/2025 14:10:35, UTC -04:00",Completed,Sell,ElenaMoreno57Max,20149,2.81,37.99,BOB,13.54,0.00,01/08/2025 14:10:46,7287334250,S-001,Banexcoin Bolivia
5984,"01/08/2025 14:11:25, UTC -04:00",Completed,Sell,ElenaMoreno57Max,20149,0.55,7.49,BOB,13.55,0.00,01/08/2025 14:11:40,7287338800,S-001,Banexcoin Bolivia
5985,"01/08/2025 14:13:39, UTC -04:00",Completed,Sell,AlbertoLeon10007,10008,3.69,50.00,BOB,13.54,0.00,01/08/2025 14:13:56,7287350360,S-001,Banexcoin Bolivia
5986,"01/08/2025 14:13:51, UTC -04:00",Completed,Sell,ElenaMoreno57Max,20149,11.08,149.99,BOB,13.54,0.00,01/08/2025 14:14:06,7287351450,S-001,Banexcoin Bolivia
5987,"01/08/2025 14:14:55, UTC -04:00",Completed,Sell,ElenaMoreno57Max,20149,5.62,75.99,BOB,13.52,0.00,01/08/2025 14:15:08,7287356900,S-001,Banexcoin Bolivia
5988,"01/08/2025 14:16:21, UTC -04:00",Completed,Sell,MariaPerez61Bo,20164,26.63,359.99,BOB,13.52,0.00,01/08/2025 14:16:33,7287364680,S-001,Banexcoin Bolivia
5989,"01/08/2025 14:17:25, UTC -04:00",Completed,Sell,MariaPerez61Bo,20164,26.63,359.99,BOB,13.52,0.00,01/08/2025 14:17:39,7287369970,S-001,Banexcoin Bolivia
5990,"01/08/2025 14:17:48, UTC -04:00",Completed,Sell,MariaPerez61Bo,20164,26.63,359.99,BOB,13.52,0.00,01/08/2025 14:17:59,7287371800,S-001,Banexcoin Bolivia
5991,"01/08/2025 14:18:24, UTC -04:00",Completed,Sell,MariaPerez61Bo,20164,26.64,359.99,BOB,13.51,0.00,01/08/2025 14:18:45,7287375280,S-001,Banexcoin Bolivia
5992,"01/08/2025 14:20:44, UTC -04:00",Completed,Sell,ElenaMoreno57Max,20149,5.62,75.99,BOB,13.51,0.00,01/08/2025 14:20:57,7287386590,S-001,Banexcoin Bolivia
5993,"01/08/2025 14:30:22, UTC -04:00",Completed,Sell,MariaPerez61Bo,20164,26.69,359.99,BOB,13.49,0.00,01/08/2025 14:30:35,7287434950,S-001,Banexcoin Bolivia
5994,"01/08/2025 14:32:10, UTC -04:00",Completed,Sell,MariaPerez61Bo,20164,2.82,37.99,BOB,13.49,0.00,01/08/2025 14:32:27,7287444240,S-001,Banexcoin Bolivia
5995,"01/08/2025 14:35:08, UTC -04:00",Completed,Sell,MariaPerez61Bo,20164,26.66,359.99,BOB,13.50,0.00,01/08/2025 14:35:21,7287466770,S-001,Banexcoin Bolivia
5996,"01/08/2025 14:45:14, UTC -04:00",Completed,Sell,TeresaJimenez302025,20129,0.37,5.00,BOB,13.51,0.00,01/08/2025 14:46:06,7287523550,S-001,Banexcoin Bolivia
6000,"01/08/2025 15:13:26, UTC -04:00",Completed,Sell,ElenaMoreno57Max,20149,11.13,149.99,BOB,13.47,0.00,01/08/2025 15:13:39,7287670190,S-001,Banexcoin Bolivia
6001,"01/08/2025 15:14:49, UTC -04:00",Completed,Sell,ElenaMoreno57Max,20149,2.82,37.99,BOB,13.47,0.00,01/08/2025 15:15:03,7287677690,S-001,Banexcoin Bolivia
6002,"01/08/2025 15:24:34, UTC -04:00",Completed,Sell,MariaPerez61Bo,20164,26.70,359.99,BOB,13.48,0.00,01/08/2025 15:24:52,7287728960,S-001,Banexcoin Bolivia
6003,"01/08/2025 15:31:24, UTC -04:00",Completed,Sell,ElenaMoreno57Max,20149,5.63,75.99,BOB,13.51,0.00,01/08/2025 15:32:02,7287766440,S-001,Banexcoin Bolivia
6004,"01/08/2025 15:35:09, UTC -04:00",Completed,Sell,MariaPerez61Bo,20164,11.11,149.99,BOB,13.51,0.00,01/08/2025 15:35:24,7287785530,S-001,Banexcoin Bolivia
6005,"01/08/2025 15:36:26, UTC -04:00",Completed,Sell,ElenaMoreno57Max,20149,5.62,75.99,BOB,13.51,0.00,01/08/2025 15:36:44,7287792530,S-001,Banexcoin Bolivia
6006,"01/08/2025 15:43:58, UTC -04:00",Completed,Sell,MariaPerez61Bo,20164,26.62,359.99,BOB,13.52,0.00,01/08/2025 15:44:11,7287832290,S-001,Banexcoin Bolivia
6007,"01/08/2025 15:47:49, UTC -04:00",Completed,Sell,MariaPerez61Bo,20164,0.55,7.49,BOB,13.53,0.00,01/08/2025 15:48:07,7287852350,S-001,Banexcoin Bolivia
6008,"01/08/2025 15:51:31, UTC -04:00",Completed,Sell,MariaPerez61Bo,20164,26.62,359.99,BOB,13.52,0.00,01/08/2025 15:51:45,7287871760,S-001,Banexcoin Bolivia
6009,"01/08/2025 15:55:07, UTC -04:00",Completed,Sell,ElenaMoreno57Max,20149,26.63,359.99,BOB,13.52,0.00,01/08/2025 15:55:21,7287890740,S-001,Banexcoin Bolivia
6010,"01/08/2025 15:56:02, UTC -04:00",Completed,Sell,MariaPerez61Bo,20164,26.63,359.99,BOB,13.52,0.00,01/08/2025 15:56:15,7287895570,S-001,Banexcoin Bolivia
6011,"01/08/2025 15:56:15, UTC -04:00",Completed,Sell,ElenaMoreno57Max,20149,11.10,149.99,BOB,13.51,0.00,01/08/2025 15:56:27,7287896830,S-001,Banexcoin Bolivia
6012,"01/08/2025 15:57:21, UTC -04:00",Completed,Sell,ElenaMoreno57Max,20149,1.70,22.99,BOB,13.50,0.00,01/08/2025 15:57:33,7287902280,S-001,Banexcoin Bolivia
6013,"01/08/2025 15:57:51, UTC -04:00",Completed,Sell,ElenaMoreno57Max,20149,1.70,22.99,BOB,13.50,0.00,01/08/2025 15:58:07,7287905600,S-001,Banexcoin Bolivia
6014,"01/08/2025 16:01:18, UTC -04:00",Completed,Sell,ElenaMoreno57Max,20149,2.81,37.99,BOB,13.50,0.00,01/08/2025 16:01:31,7287923930,S-001,Banexcoin Bolivia
6015,"01/08/2025 16:01:57, UTC -04:00",Completed,Sell,ElenaMoreno57Max,20149,1.70,22.99,BOB,13.50,0.00,01/08/2025 16:02:09,7287926980,S-001,Banexcoin Bolivia
6017,"01/08/2025 16:09:17, UTC -04:00",Completed,Sell,AndresVega17Pro,10086,2.59,35.00,BOB,13.51,0.00,01/08/2025 16:09:30,7287967140,S-001,Banexcoin Bolivia
6023,"01/08/2025 16:28:10, UTC -04:00",Completed,Sell,IsabelMunoz76Max,20141,2.59,35.00,BOB,13.51,0.00,01/08/2025 16:28:24,7288067950,S-001,Banexcoin Bolivia
6024,"01/08/2025 16:30:20, UTC -04:00",Completed,Sell,MariaPerez61Bo,20164,26.63,359.99,BOB,13.52,0.00,01/08/2025 16:30:35,7288078700,S-001,Banexcoin Bolivia
6025,"01/08/2025 16:30:57, UTC -04:00",Completed,Sell,MariaPerez61Bo,20164,26.63,359.99,BOB,13.52,0.00,01/08/2025 16:31:11,7288082270,S-001,Banexcoin Bolivia
6030,"01/08/2025 16:36:55, UTC -04:00",Completed,Sell,LuisSoto61Pe,20125,1.63,22.00,BOB,13.53,0.00,01/08/2025 16:37:11,7288111740,S-001,Banexcoin Bolivia
6032,"01/08/2025 16:39:41, UTC -04:00",Completed,Sell,MariaPerez61Bo,20164,11.08,149.99,BOB,13.53,0.00,01/08/2025 16:39:55,7288126230,S-001,Banexcoin Bolivia
6033,"01/08/2025 16:40:24, UTC -04:00",Completed,Sell,MariaPerez61Bo,20164,11.08,149.99,BOB,13.53,0.00,01/08/2025 16:40:39,7288130380,S-001,Banexcoin Bolivia
6034,"01/08/2025 16:43:45, UTC -04:00",Completed,Sell,LuisSoto61Pe,20125,0.44,6.00,BOB,13.53,0.00,01/08/2025 16:44:03,7288158630,S-001,Banexcoin Bolivia
6037,"01/08/2025 17:18:06, UTC -04:00",Completed,Sell,MariaPerez61Bo,20164,11.09,149.99,BOB,13.53,0.00,01/08/2025 17:18:19,7288355630,S-001,Banexcoin Bolivia
6038,"01/08/2025 17:33:17, UTC -04:00",Completed,Sell,MariaPerez61Bo,20164,26.57,359.99,BOB,13.55,0.00,01/08/2025 17:33:33,7288441840,S-001,Banexcoin Bolivia
6039,"01/08/2025 17:41:36, UTC -04:00",Completed,Sell,MariaPerez61Bo,20164,5.61,75.99,BOB,13.55,0.00,01/08/2025 17:41:48,7288489100,S-001,Banexcoin Bolivia
6040,"01/08/2025 17:46:33, UTC -04:00",Completed,Sell,MariaPerez61Bo,20164,5.61,75.99,BOB,13.54,0.00,01/08/2025 17:46:46,7288517980,S-001,Banexcoin Bolivia
6041,"01/08/2025 17:56:26, UTC -04:00",Completed,Sell,ElenaMoreno57Max,20149,2.80,37.99,BOB,13.55,0.00,01/08/2025 17:56:40,7288577490,S-001,Banexcoin Bolivia
6048,"01/08/2025 18:23:56, UTC -04:00",Completed,Sell,MariaPerez61Bo,20164,11.08,149.99,BOB,13.53,0.00,01/08/2025 18:24:12,7288747370,S-001,Banexcoin Bolivia
6049,"01/08/2025 18:26:56, UTC -04:00",Completed,Sell,MariaPerez61Bo,20164,11.08,149.99,BOB,13.53,0.00,01/08/2025 18:27:16,7288766150,S-001,Banexcoin Bolivia
6050,"01/08/2025 18:28:44, UTC -04:00",Completed,Sell,MariaPerez61Bo,20164,26.61,359.99,BOB,13.53,0.00,01/08/2025 18:29:00,7288776540,S-001,Banexcoin Bolivia
6051,"01/08/2025 18:29:21, UTC -04:00",Completed,Sell,MariaPerez61Bo,20164,26.61,359.99,BOB,13.53,0.00,01/08/2025 18:29:34,7288780090,S-001,Banexcoin Bolivia
6052,"01/08/2025 18:29:58, UTC -04:00",Completed,Sell,MariaPerez61Bo,20164,26.61,359.99,BOB,13.53,0.00,01/08/2025 18:30:12,7288783580,S-001,Banexcoin Bolivia
6053,"01/08/2025 18:31:43, UTC -04:00",Completed,Sell,MariaPerez61Bo,20164,26.60,359.99,BOB,13.53,0.00,01/08/2025 18:31:56,7288794700,S-001,Banexcoin Bolivia
6054,"01/08/2025 18:33:01, UTC -04:00",Completed,Sell,MariaPerez61Bo,20164,26.61,359.99,BOB,13.53,0.00,01/08/2025 18:33:14,7288802190,S-001,Banexcoin Bolivia
6055,"01/08/2025 18:33:30, UTC -04:00",Completed,Sell,MariaPerez61Bo,20164,26.63,359.99,BOB,13.52,0.00,01/08/2025 18:33:42,7288805030,S-001,Banexcoin Bolivia
6056,"01/08/2025 18:34:49, UTC -04:00",Completed,Sell,MariaPerez61Bo,20164,26.61,359.99,BOB,13.53,0.00,01/08/2025 18:35:06,7288812910,S-001,Banexcoin Bolivia
6058,"01/08/2025 18:48:02, UTC -04:00",Completed,Sell,MariaPerez61Bo,20164,2.81,37.99,BOB,13.53,0.00,01/08/2025 18:48:15,7288890940,S-001,Banexcoin Bolivia
6059,"01/08/2025 18:53:49, UTC -04:00",Completed,Sell,JoseDiaz37456,20128,1.11,15.00,BOB,13.53,0.00,01/08/2025 18:54:09,7288925950,S-001,Banexcoin Bolivia
6060,"01/08/2025 18:58:23, UTC -04:00",Completed,Sell,ElenaMoreno57Max,20149,2.81,37.99,BOB,13.53,0.00,01/08/2025 18:58:43,7288953030,S-001,Banexcoin Bolivia
6061,"01/08/2025 18:59:35, UTC -04:00",Completed,Sell,AndresVega17Pro,10086,73.92,"1,000.00",BOB,13.53,0.00,01/08/2025 18:59:53,7288959960,S-001,Banexcoin Bolivia
6062,"01/08/2025 19:00:22, UTC -04:00",Completed,Sell,ElenaMoreno57Max,20149,0.55,7.49,BOB,13.53,0.00,01/08/2025 19:00:43,7288964900,S-001,Banexcoin Bolivia
6063,"01/08/2025 19:11:41, UTC -04:00",Completed,Sell,ElenaMoreno57Max,20149,26.60,359.99,BOB,13.53,0.00,01/08/2025 19:11:56,7289031440,S-001,Banexcoin Bolivia
6064,"01/08/2025 19:12:53, UTC -04:00",Completed,Sell,ElenaMoreno57Max,20149,26.60,359.99,BOB,13.53,0.00,01/08/2025 19:13:04,7289038360,S-001,Banexcoin Bolivia
6065,"01/08/2025 19:14:59, UTC -04:00",Completed,Sell,MariaPerez61Bo,20164,26.60,359.99,BOB,13.53,0.00,01/08/2025 19:15:10,7289051000,S-001,Banexcoin Bolivia
6066,"01/08/2025 19:15:26, UTC -04:00",Completed,Sell,MariaPerez61Bo,20164,26.60,359.99,BOB,13.53,0.00,01/08/2025 19:15:44,7289054370,S-001,Banexcoin Bolivia
6067,"01/08/2025 19:17:03, UTC -04:00",Completed,Sell,MartaBlanco94123,20050,10.64,144.00,BOB,13.53,0.00,01/08/2025 19:17:24,7289064800,S-001,Banexcoin Bolivia
6068,"01/08/2025 19:30:39, UTC -04:00",Completed,Sell,ElenaMoreno57Max,20149,26.60,359.99,BOB,13.53,0.00,01/08/2025 19:30:52,7289141590,S-001,Banexcoin Bolivia
6069,"01/08/2025 19:31:07, UTC -04:00",Completed,Sell,ElenaMoreno57Max,20149,26.60,359.99,BOB,13.53,0.00,01/08/2025 19:31:18,7289144280,S-001,Banexcoin Bolivia
6070,"01/08/2025 19:31:34, UTC -04:00",Completed,Sell,ElenaMoreno57Max,20149,26.60,359.99,BOB,13.53,0.00,01/08/2025 19:31:49,7289146980,S-001,Banexcoin Bolivia
6071,"01/08/2025 19:32:39, UTC -04:00",Completed,Sell,ElenaMoreno57Max,20149,26.60,359.99,BOB,13.53,0.00,01/08/2025 19:32:55,7289152940,S-001,Banexcoin Bolivia
6072,"01/08/2025 19:35:24, UTC -04:00",Completed,Sell,ElenaMoreno57Max,20149,26.61,359.99,BOB,13.53,0.00,01/08/2025 19:35:37,7289168130,S-001,Banexcoin Bolivia
6073,"01/08/2025 19:35:52, UTC -04:00",Completed,Sell,ElenaMoreno57Max,20149,26.61,359.99,BOB,13.53,0.00,01/08/2025 19:36:05,7289170850,S-001,Banexcoin Bolivia
6074,"01/08/2025 19:36:13, UTC -04:00",Completed,Sell,ElenaMoreno57Max,20149,26.61,359.99,BOB,13.53,0.00,01/08/2025 19:36:27,7289172760,S-001,Banexcoin Bolivia
6075,"01/08/2025 19:36:41, UTC -04:00",Completed,Sell,ElenaMoreno57Max,20149,11.09,149.99,BOB,13.53,0.00,01/08/2025 19:36:55,7289175280,S-001,Banexcoin Bolivia
6076,"01/08/2025 19:50:18, UTC -04:00",Completed,Sell,LuisSoto61Pe,20125,1.33,18.00,BOB,13.53,0.00,01/08/2025 19:50:33,7289251280,S-001,Banexcoin Bolivia
6077,"01/08/2025 19:53:48, UTC -04:00",Completed,Sell,ElenaMoreno57Max,20149,26.59,359.99,BOB,13.54,0.00,01/08/2025 19:54:01,7289270240,S-001,Banexcoin Bolivia
6078,"01/08/2025 19:53:48, UTC -04:00",Completed,Sell,LauraLopez98123,20181,2.22,30.00,BOB,13.54,0.00,01/08/2025 19:54:15,7289271680,S-001,Banexcoin Bolivia
6079,"01/08/2025 19:55:49, UTC -04:00",Completed,Sell,ElenaMoreno57Max,20149,26.59,359.99,BOB,13.54,0.00,01/08/2025 19:56:02,7289281010,S-001,Banexcoin Bolivia
6080,"01/08/2025 19:56:47, UTC -04:00",Completed,Sell,ElenaMoreno57Max,20149,5.61,75.99,BOB,13.54,0.00,01/08/2025 19:57:02,7289286070,S-001,Banexcoin Bolivia
6081,"01/08/2025 19:58:06, UTC -04:00",Completed,Sell,ElenaMoreno57Max,20149,1.70,22.99,BOB,13.54,0.00,01/08/2025 19:58:18,7289293450,S-001,Banexcoin Bolivia
6082,"01/08/2025 19:58:25, UTC -04:00",Completed,Sell,LuisSoto61Pe,20125,11.08,150.00,BOB,13.54,0.00,01/08/2025 19:58:44,7289295620,S-001,Banexcoin Bolivia
6084,"01/08/2025 20:01:45, UTC -04:00",Completed,Sell,PaulaDiaz91Bo,20148,33.23,450.00,BOB,13.54,0.00,01/08/2025 20:02:16,7289314010,S-001,Banexcoin Bolivia
6085,"01/08/2025 20:14:09, UTC -04:00",Completed,Sell,LuisSoto61Pe,20125,32.21,436.00,BOB,13.54,0.00,01/08/2025 20:14:24,7289378390,S-001,Banexcoin Bolivia
6086,"01/08/2025 20:20:44, UTC -04:00",Completed,Sell,ElenaMoreno57Max,20149,26.54,359.99,BOB,13.56,0.00,01/08/2025 20:20:57,7289410910,S-001,Banexcoin Bolivia
6087,"01/08/2025 20:21:52, UTC -04:00",Completed,Sell,LuisSoto61Pe,20125,2.88,39.00,BOB,13.55,0.00,01/08/2025 20:22:09,7289417670,S-001,Banexcoin Bolivia
6088,"01/08/2025 20:22:09, UTC -04:00",Completed,Sell,ElenaMoreno57Max,20149,5.60,75.99,BOB,13.56,0.00,01/08/2025 20:22:23,7289418710,S-001,Banexcoin Bolivia
6089,"01/08/2025 20:27:21, UTC -04:00",Completed,Sell,ElenaMoreno57Max,20149,2.80,37.99,BOB,13.56,0.00,01/08/2025 20:27:39,7289445720,S-001,Banexcoin Bolivia
6090,"01/08/2025 20:30:11, UTC -04:00",Completed,Sell,PaulaDiaz91Bo,20148,51.63,700.00,BOB,13.56,0.00,01/08/2025 20:30:31,7289460380,S-001,Banexcoin Bolivia
6093,"01/08/2025 20:51:29, UTC -04:00",Completed,Sell,MariaPerez61Bo,20164,26.55,359.99,BOB,13.56,0.00,01/08/2025 20:51:44,7289561760,S-001,Banexcoin Bolivia
6094,"01/08/2025 20:53:24, UTC -04:00",Completed,Sell,LuisSoto61Pe,20125,6.67,90.50,BOB,13.57,0.00,01/08/2025 20:53:42,7289571310,S-001,Banexcoin Bolivia
6095,"01/08/2025 20:53:46, UTC -04:00",Completed,Sell,MariaPerez61Bo,20164,11.06,149.99,BOB,13.57,0.00,01/08/2025 20:54:00,7289572770,S-001,Banexcoin Bolivia
6097,"01/08/2025 20:56:19, UTC -04:00",Completed,Sell,ElenaMoreno57Max,20149,2.80,37.99,BOB,13.57,0.00,01/08/2025 20:56:36,7289584510,S-001,Banexcoin Bolivia
6098,"01/08/2025 20:58:44, UTC -04:00",Completed,Sell,CarolinaMoreno552024,20192,10.31,140.00,BOB,13.57,0.00,01/08/2025 20:59:06,7289595860,S-001,Banexcoin Bolivia
6099,"01/08/2025 21:00:02, UTC -04:00",Completed,Sell,CarolinaMoreno552024,20192,7.37,100.00,BOB,13.57,0.00,01/08/2025 21:00:14,7289601190,S-001,Banexcoin Bolivia
6100,"01/08/2025 21:00:03, UTC -04:00",Completed,Sell,MariaPerez61Bo,20164,5.60,75.99,BOB,13.57,0.00,01/08/2025 21:00:38,7289602920,S-001,Banexcoin Bolivia
6101,"01/08/2025 21:02:25, UTC -04:00",Completed,Sell,CarolinaMoreno552024,20192,35.37,480.00,BOB,13.57,0.00,01/08/2025 21:02:39,7289611810,S-001,Banexcoin Bolivia
6102,"01/08/2025 21:04:44, UTC -04:00",Completed,Sell,MariaPerez61Bo,20164,5.60,75.99,BOB,13.57,0.00,01/08/2025 21:05:03,7289622410,S-001,Banexcoin Bolivia
6103,"01/08/2025 21:10:42, UTC -04:00",Completed,Sell,MariaPerez61Bo,20164,5.60,75.99,BOB,13.57,0.00,01/08/2025 21:11:07,7289650530,S-001,Banexcoin Bolivia
6104,"01/08/2025 21:13:35, UTC -04:00",Completed,Sell,JoseMendoza542025,20200,86.93,"1,180.00",BOB,13.57,0.00,01/08/2025 21:13:53,7289663310,S-001,Banexcoin Bolivia
6105,"01/08/2025 21:16:09, UTC -04:00",Completed,Sell,MariaPerez61Bo,20164,26.52,359.99,BOB,13.57,0.00,01/08/2025 21:16:23,7289673940,S-001,Banexcoin Bolivia
6106,"01/08/2025 21:21:53, UTC -04:00",Completed,Sell,LuisSoto61Pe,20125,1.11,15.00,BOB,13.57,0.00,01/08/2025 21:22:07,7289698230,S-001,Banexcoin Bolivia
6107,"01/08/2025 21:27:24, UTC -04:00",Completed,Sell,JoseMendoza542025,20200,5.90,80.00,BOB,13.56,0.00,01/08/2025 21:27:38,7289720450,S-001,Banexcoin Bolivia
6108,"01/08/2025 21:31:11, UTC -04:00",Completed,Sell,MariaPerez61Bo,20164,11.06,149.99,BOB,13.56,0.00,01/08/2025 21:31:24,7289735040,S-001,Banexcoin Bolivia
6110,"01/08/2025 21:54:04, UTC -04:00",Completed,Sell,ElenaMoreno57Max,20149,26.59,359.99,BOB,13.54,0.00,01/08/2025 21:54:17,7289822900,S-001,Banexcoin Bolivia
6111,"01/08/2025 21:55:21, UTC -04:00",Completed,Sell,ElenaMoreno57Max,20149,26.59,359.99,BOB,13.54,0.00,01/08/2025 21:55:35,7289827120,S-001,Banexcoin Bolivia
6112,"01/08/2025 21:58:36, UTC -04:00",Completed,Sell,ElenaMoreno57Max,20149,5.61,75.99,BOB,13.54,0.00,01/08/2025 21:58:47,7289838800,S-001,Banexcoin Bolivia
6113,"01/08/2025 22:39:39, UTC -04:00",Completed,Sell,MariaPerez61Bo,20164,11.08,149.99,BOB,13.54,0.00,01/08/2025 22:39:57,7289978350,S-001,Banexcoin Bolivia
6114,"01/08/2025 22:45:51, UTC -04:00",Completed,Sell,MariaPerez61Bo,20164,5.61,75.99,BOB,13.55,0.00,01/08/2025 22:46:09,7289996400,S-001,Banexcoin Bolivia
6115,"01/08/2025 22:54:00, UTC -04:00",Completed,Sell,MariaPerez61Bo,20164,26.58,359.99,BOB,13.55,0.00,01/08/2025 22:54:14,7290018810,S-001,Banexcoin Bolivia
6116,"01/08/2025 23:01:13, UTC -04:00",Completed,Sell,ElenaMoreno57Max,20149,26.58,359.99,BOB,13.55,0.00,01/08/2025 23:01:26,7290038480,S-001,Banexcoin Bolivia
6117,"01/08/2025 23:02:22, UTC -04:00",Completed,Sell,MariaPerez61Bo,20164,26.57,359.99,BOB,13.55,0.00,01/08/2025 23:02:46,7290041640,S-001,Banexcoin Bolivia
6118,"01/08/2025 23:02:50, UTC -04:00",Completed,Sell,ElenaMoreno57Max,20149,26.57,359.99,BOB,13.55,0.00,01/08/2025 23:03:00,7290042230,S-001,Banexcoin Bolivia
6119,"01/08/2025 23:02:58, UTC -04:00",Completed,Sell,MariaPerez61Bo,20164,11.07,149.99,BOB,13.55,0.00,01/08/2025 23:03:44,7290044030,S-001,Banexcoin Bolivia
6120,"01/08/2025 23:50:28, UTC -04:00",Completed,Sell,MariaPerez61Bo,20164,5.62,75.99,BOB,13.52,0.00,01/08/2025 23:50:42,7290142440,S-001,Banexcoin Bolivia
6121,"01/08/2025 23:54:12, UTC -04:00",Completed,Sell,ElenaMoreno57Max,20149,5.63,75.99,BOB,13.49,0.00,01/08/2025 23:54:26,7290147860,S-001,Banexcoin Bolivia
6124,"02/08/2025 00:34:28, UTC -04:00",Completed,Sell,JoseMendoza542025,20200,5.19,70.00,BOB,13.48,0.00,02/08/2025 00:34:42,7290195890,S-001,Banexcoin Bolivia
6125,"02/08/2025 00:56:21, UTC -04:00",Completed,Sell,JoseMendoza542025,20200,4.08,55.00,BOB,13.48,0.00,02/08/2025 00:56:33,243730750,S-001,Banexcoin Bolivia
6130,"02/08/2025 01:29:07, UTC -04:00",Completed,Sell,MariaPerez61Bo,20164,11.13,149.99,BOB,13.48,0.00,02/08/2025 01:29:21,7290247910,S-001,Banexcoin Bolivia
6131,"02/08/2025 01:34:02, UTC -04:00",Completed,Sell,MariaPerez61Bo,20164,11.12,149.99,BOB,13.49,0.00,02/08/2025 01:34:25,7290251660,S-001,Banexcoin Bolivia
6132,"02/08/2025 01:35:23, UTC -04:00",Completed,Sell,MariaPerez61Bo,20164,5.63,75.99,BOB,13.49,0.00,02/08/2025 01:35:37,7290252630,S-001,Banexcoin Bolivia
6133,"02/08/2025 01:48:14, UTC -04:00",Completed,Sell,MariaPerez61Bo,20164,11.12,149.99,BOB,13.48,0.00,02/08/2025 01:48:31,7290261800,S-001,Banexcoin Bolivia
6134,"02/08/2025 01:55:34, UTC -04:00",Completed,Sell,MariaPerez61Bo,20164,1.71,22.99,BOB,13.48,0.00,02/08/2025 01:55:56,7290266450,S-001,Banexcoin Bolivia
6135,"02/08/2025 02:04:03, UTC -04:00",Completed,Sell,MariaPerez61Bo,20164,26.70,359.99,BOB,13.48,0.00,02/08/2025 02:04:20,7290271630,S-001,Banexcoin Bolivia
6136,"02/08/2025 02:05:17, UTC -04:00",Completed,Sell,MariaPerez61Bo,20164,26.70,359.99,BOB,13.48,0.00,02/08/2025 02:05:32,7290272380,S-001,Banexcoin Bolivia
6137,"02/08/2025 02:06:25, UTC -04:00",Completed,Sell,MariaPerez61Bo,20164,11.12,149.99,BOB,13.48,0.00,02/08/2025 02:06:40,7290273030,S-001,Banexcoin Bolivia
6138,"02/08/2025 02:07:25, UTC -04:00",Completed,Sell,MariaPerez61Bo,20164,26.69,359.99,BOB,13.49,0.00,02/08/2025 02:07:38,7290273640,S-001,Banexcoin Bolivia
6139,"02/08/2025 02:17:39, UTC -04:00",Completed,Sell,MariaPerez61Bo,20164,26.70,359.99,BOB,13.48,0.00,02/08/2025 02:18:01,7290279730,S-001,Banexcoin Bolivia
6140,"02/08/2025 02:21:43, UTC -04:00",Completed,Sell,MariaPerez61Bo,20164,26.70,359.99,BOB,13.48,0.00,02/08/2025 02:21:59,7290282280,S-001,Banexcoin Bolivia
6145,"02/08/2025 02:34:37, UTC -04:00",Completed,Sell,MariaPerez61Bo,20164,26.90,359.99,BOB,13.38,0.00,02/08/2025 02:34:51,7290289280,S-001,Banexcoin Bolivia
6146,"02/08/2025 02:43:36, UTC -04:00",Completed,Sell,MariaPerez61Bo,20164,26.90,359.99,BOB,13.38,0.00,02/08/2025 02:43:50,7290293760,S-001,Banexcoin Bolivia
6147,"02/08/2025 02:50:31, UTC -04:00",Completed,Sell,MariaPerez61Bo,20164,11.21,149.99,BOB,13.38,0.00,02/08/2025 02:50:46,7290297280,S-001,Banexcoin Bolivia
6148,"02/08/2025 03:43:20, UTC -04:00",Completed,Sell,MariaPerez61Bo,20164,11.21,149.99,BOB,13.38,0.00,02/08/2025 03:43:34,7290319200,S-001,Banexcoin Bolivia
6150,"02/08/2025 06:06:10, UTC -04:00",Completed,Sell,GabrielDelgado82Pro,20049,5.28,71.00,BOB,13.46,0.00,02/08/2025 06:06:47,7290369410,S-001,Banexcoin Bolivia
6155,"02/08/2025 08:22:38, UTC -04:00",Completed,Sell,IsabelMunoz76Max,20141,0.44,6.00,BOB,13.51,0.00,02/08/2025 08:22:55,7290583990,S-001,Banexcoin Bolivia
6160,"02/08/2025 09:41:25, UTC -04:00",Completed,Sell,ElenaMoreno57Max,20149,26.59,359.99,BOB,13.54,0.00,02/08/2025 09:41:40,7290890750,S-001,Banexcoin Bolivia
6165,"02/08/2025 09:47:03, UTC -04:00",Completed,Sell,ElenaMoreno57Max,20149,5.61,75.99,BOB,13.53,0.00,02/08/2025 09:47:17,7290918530,S-001,Banexcoin Bolivia
6167,"02/08/2025 10:21:27, UTC -04:00",Completed,Sell,AndresVega17Pro,10086,1.48,20.00,BOB,13.54,0.00,02/08/2025 10:21:44,7291094010,S-001,Banexcoin Bolivia
6172,"02/08/2025 10:36:49, UTC -04:00",Completed,Sell,LauraLopez98123,20181,1.11,15.00,BOB,13.54,0.00,02/08/2025 10:37:05,7291175420,S-001,Banexcoin Bolivia
6187,"02/08/2025 10:58:19, UTC -04:00",Completed,Sell,ElenaMoreno57Max,20149,5.61,75.99,BOB,13.55,0.00,02/08/2025 10:58:34,7291289910,S-001,Banexcoin Bolivia
6188,"02/08/2025 10:59:21, UTC -04:00",Completed,Sell,ElenaMoreno57Max,20149,1.70,22.99,BOB,13.55,0.00,02/08/2025 10:59:50,7291296910,S-001,Banexcoin Bolivia
6189,"02/08/2025 11:00:15, UTC -04:00",Completed,Sell,ElenaMoreno57Max,20149,26.56,359.99,BOB,13.55,0.00,02/08/2025 11:00:30,7291300850,S-001,Banexcoin Bolivia
6190,"02/08/2025 11:00:54, UTC -04:00",Completed,Sell,MarioDelgado43Ec,20157,0.37,5.00,BOB,13.55,0.00,02/08/2025 11:01:30,7291306540,S-001,Banexcoin Bolivia
6191,"02/08/2025 11:02:29, UTC -04:00",Completed,Sell,MariaPerez61Bo,20164,5.61,75.99,BOB,13.55,0.00,02/08/2025 11:03:00,7291315900,S-001,Banexcoin Bolivia
6192,"02/08/2025 11:02:35, UTC -04:00",Completed,Sell,ElenaMoreno57Max,20149,2.80,37.99,BOB,13.55,0.00,02/08/2025 11:02:48,7291314690,S-001,Banexcoin Bolivia
6193,"02/08/2025 11:02:55, UTC -04:00",Completed,Sell,GabrielDiaz59Cl,20190,0.74,10.00,BOB,13.55,0.00,02/08/2025 11:03:16,7291317630,S-001,Banexcoin Bolivia
6194,"02/08/2025 11:04:06, UTC -04:00",Completed,Sell,MariaPerez61Bo,20164,1.70,22.99,BOB,13.55,0.00,02/08/2025 11:04:34,7291325230,S-001,Banexcoin Bolivia
6195,"02/08/2025 11:04:10, UTC -04:00",Completed,Sell,ElenaMoreno57Max,20149,1.70,22.99,BOB,13.55,0.00,02/08/2025 11:04:26,7291324440,S-001,Banexcoin Bolivia
6196,"02/08/2025 11:05:37, UTC -04:00",Completed,Sell,MariaPerez61Bo,20164,0.55,7.49,BOB,13.55,0.00,02/08/2025 11:05:50,7291332860,S-001,Banexcoin Bolivia
6197,"02/08/2025 11:05:45, UTC -04:00",Completed,Sell,ElenaMoreno57Max,20149,1.70,22.99,BOB,13.55,0.00,02/08/2025 11:06:02,7291333950,S-001,Banexcoin Bolivia
6198,"02/08/2025 11:25:14, UTC -04:00",Completed,Sell,JoseMendoza542025,20200,1.47,20.00,BOB,13.57,0.00,02/08/2025 11:26:31,7291456340,S-001,Banexcoin Bolivia
6199,"02/08/2025 11:26:01, UTC -04:00",Completed,Sell,MariaPerez61Bo,20164,11.05,149.99,BOB,13.57,0.00,02/08/2025 11:26:45,7291460210,S-001,Banexcoin Bolivia
6200,"02/08/2025 11:30:52, UTC -04:00",Completed,Sell,MariaPerez61Bo,20164,11.06,149.99,BOB,13.57,0.00,02/08/2025 11:31:05,7291488460,S-001,Banexcoin Bolivia
6201,"02/08/2025 11:43:09, UTC -04:00",Completed,Sell,AndresVega17Pro,10086,2.58,35.00,BOB,13.57,0.00,02/08/2025 11:43:26,7291566070,S-001,Banexcoin Bolivia
6202,"02/08/2025 11:44:41, UTC -04:00",Completed,Sell,ElenaMoreno57Max,20149,11.06,149.99,BOB,13.57,0.00,02/08/2025 11:44:54,7291575070,S-001,Banexcoin Bolivia
6203,"02/08/2025 11:46:20, UTC -04:00",Completed,Sell,ElenaMoreno57Max,20149,2.80,37.99,BOB,13.57,0.00,02/08/2025 11:46:44,7291586350,S-001,Banexcoin Bolivia
6204,"02/08/2025 11:47:57, UTC -04:00",Completed,Sell,ElenaMoreno57Max,20149,5.60,75.99,BOB,13.57,0.00,02/08/2025 11:48:12,7291595320,S-001,Banexcoin Bolivia
6208,"02/08/2025 11:51:53, UTC -04:00",Completed,Sell,ElenaMoreno57Max,20149,1.69,22.99,BOB,13.56,0.00,02/08/2025 11:52:06,7291618300,S-001,Banexcoin Bolivia
6209,"02/08/2025 11:53:52, UTC -04:00",Completed,Sell,ElenaMoreno57Max,20149,5.60,75.99,BOB,13.57,0.00,02/08/2025 11:54:06,7291630360,S-001,Banexcoin Bolivia
6210,"02/08/2025 11:55:23, UTC -04:00",Completed,Sell,ElenaMoreno57Max,20149,2.80,37.99,BOB,13.57,0.00,02/08/2025 11:55:36,7291639690,S-001,Banexcoin Bolivia
6211,"02/08/2025 11:56:35, UTC -04:00",Completed,Sell,MariaPerez61Bo,20164,11.06,149.99,BOB,13.57,0.00,02/08/2025 11:56:48,7291646990,S-001,Banexcoin Bolivia
6212,"02/08/2025 12:03:23, UTC -04:00",Completed,Sell,ElenaMoreno57Max,20149,0.55,7.49,BOB,13.56,0.00,02/08/2025 12:03:37,7291689640,S-001,Banexcoin Bolivia
6213,"02/08/2025 12:04:40, UTC -04:00",Completed,Sell,ElenaMoreno57Max,20149,0.55,7.49,BOB,13.56,0.00,02/08/2025 12:04:53,7291697560,S-001,Banexcoin Bolivia
6214,"02/08/2025 12:09:03, UTC -04:00",Completed,Sell,MariaPerez61Bo,20164,5.60,75.99,BOB,13.56,0.00,02/08/2025 12:09:15,7291726030,S-001,Banexcoin Bolivia
6215,"02/08/2025 12:17:49, UTC -04:00",Completed,Sell,MariaPerez61Bo,20164,26.54,359.99,BOB,13.57,0.00,02/08/2025 12:18:03,7291783740,S-001,Banexcoin Bolivia
6217,"02/08/2025 12:22:30, UTC -04:00",Completed,Sell,MariaPerez61Bo,20164,11.06,149.99,BOB,13.56,0.00,02/08/2025 12:23:00,7291815590,S-001,Banexcoin Bolivia
6218,"02/08/2025 12:31:51, UTC -04:00",Completed,Sell,MariaPerez61Bo,20164,5.61,75.99,BOB,13.56,0.00,02/08/2025 12:32:12,7291878400,S-001,Banexcoin Bolivia
6219,"02/08/2025 12:35:49, UTC -04:00",Completed,Sell,MariaPerez61Bo,20164,26.55,359.99,BOB,13.56,0.00,02/08/2025 12:36:04,7291904270,S-001,Banexcoin Bolivia
6220,"02/08/2025 12:36:13, UTC -04:00",Completed,Sell,MariaPerez61Bo,20164,26.55,359.99,BOB,13.56,0.00,02/08/2025 12:36:40,7291908200,S-001,Banexcoin Bolivia
6221,"02/08/2025 12:36:55, UTC -04:00",Completed,Sell,MariaPerez61Bo,20164,26.55,359.99,BOB,13.56,0.00,02/08/2025 12:37:12,7291911570,S-001,Banexcoin Bolivia
6222,"02/08/2025 12:42:00, UTC -04:00",Completed,Sell,MariaFlores93Max,10006,6.23,84.40,BOB,13.56,0.00,02/08/2025 12:42:42,7291946000,S-001,Banexcoin Bolivia
6223,"02/08/2025 12:49:14, UTC -04:00",Completed,Sell,MariaPerez61Bo,20164,11.07,149.99,BOB,13.55,0.00,02/08/2025 12:49:29,7291992020,S-001,Banexcoin Bolivia
6224,"02/08/2025 12:50:18, UTC -04:00",Completed,Sell,MariaPerez61Bo,20164,26.58,359.99,BOB,13.55,0.00,02/08/2025 12:50:39,7291999030,S-001,Banexcoin Bolivia
6225,"02/08/2025 12:50:45, UTC -04:00",Completed,Sell,MariaPerez61Bo,20164,26.58,359.99,BOB,13.55,0.00,02/08/2025 12:51:07,7292001660,S-001,Banexcoin Bolivia
6226,"02/08/2025 12:52:42, UTC -04:00",Completed,Sell,JoseMendoza542025,20200,4.97,67.30,BOB,13.54,0.00,02/08/2025 12:52:55,7292013400,S-001,Banexcoin Bolivia
6227,"02/08/2025 12:53:35, UTC -04:00",Completed,Sell,MariaPerez61Bo,20164,11.07,149.99,BOB,13.54,0.00,02/08/2025 12:53:49,7292018890,S-001,Banexcoin Bolivia
6228,"02/08/2025 13:09:00, UTC -04:00",Completed,Sell,MariaPerez61Bo,20164,26.62,359.99,BOB,13.52,0.00,02/08/2025 13:09:26,7292119190,S-001,Banexcoin Bolivia
6229,"02/08/2025 13:24:25, UTC -04:00",Completed,Sell,MariaPerez61Bo,20164,11.09,149.99,BOB,13.53,0.00,02/08/2025 13:24:38,7292213740,S-001,Banexcoin Bolivia
6230,"02/08/2025 13:25:43, UTC -04:00",Completed,Sell,MariaPerez61Bo,20164,26.61,359.99,BOB,13.53,0.00,02/08/2025 13:25:58,7292222000,S-001,Banexcoin Bolivia
6231,"02/08/2025 13:26:23, UTC -04:00",Completed,Sell,MariaPerez61Bo,20164,26.60,359.99,BOB,13.53,0.00,02/08/2025 13:26:48,7292226750,S-001,Banexcoin Bolivia
6232,"02/08/2025 13:43:49, UTC -04:00",Completed,Sell,MariaPerez61Bo,20164,5.61,75.99,BOB,13.54,0.00,02/08/2025 13:44:01,7292327600,S-001,Banexcoin Bolivia
6233,"02/08/2025 14:23:12, UTC -04:00",Completed,Sell,MariaPerez61Bo,20164,5.61,75.99,BOB,13.55,0.00,02/08/2025 14:23:25,7292548760,S-001,Banexcoin Bolivia
6234,"02/08/2025 14:24:37, UTC -04:00",Completed,Sell,MariaPerez61Bo,20164,11.07,149.99,BOB,13.55,0.00,02/08/2025 14:24:49,7292556190,S-001,Banexcoin Bolivia
6235,"02/08/2025 14:26:19, UTC -04:00",Completed,Sell,MariaPerez61Bo,20164,26.57,359.99,BOB,13.55,0.00,02/08/2025 14:26:31,7292565210,S-001,Banexcoin Bolivia
6236,"02/08/2025 14:26:50, UTC -04:00",Completed,Sell,MariaPerez61Bo,20164,26.57,359.99,BOB,13.55,0.00,02/08/2025 14:27:01,7292568030,S-001,Banexcoin Bolivia
6237,"02/08/2025 14:29:29, UTC -04:00",Completed,Sell,ElenaMoreno57Max,20149,26.58,359.99,BOB,13.54,0.00,02/08/2025 14:29:41,7292582450,S-001,Banexcoin Bolivia
6238,"02/08/2025 14:30:19, UTC -04:00",Completed,Sell,ElenaMoreno57Max,20149,26.59,359.99,BOB,13.54,0.00,02/08/2025 14:30:29,7292586860,S-001,Banexcoin Bolivia
6240,"02/08/2025 14:31:53, UTC -04:00",Completed,Sell,ElenaMoreno57Max,20149,11.07,149.99,BOB,13.54,0.00,02/08/2025 14:32:15,7292596230,S-001,Banexcoin Bolivia
6241,"02/08/2025 14:33:11, UTC -04:00",Completed,Sell,ElenaMoreno57Max,20149,26.58,359.99,BOB,13.55,0.00,02/08/2025 14:33:27,7292603150,S-001,Banexcoin Bolivia
6243,"02/08/2025 14:34:36, UTC -04:00",Completed,Sell,ElenaMoreno57Max,20149,11.07,149.99,BOB,13.55,0.00,02/08/2025 14:34:57,7292610410,S-001,Banexcoin Bolivia
6244,"02/08/2025 14:47:47, UTC -04:00",Completed,Sell,MariaPerez61Bo,20164,11.08,149.99,BOB,13.54,0.00,02/08/2025 14:48:06,7292678010,S-001,Banexcoin Bolivia
6245,"02/08/2025 14:52:27, UTC -04:00",Completed,Sell,MariaPerez61Bo,20164,11.08,149.99,BOB,13.54,0.00,02/08/2025 14:53:10,7292703690,S-001,Banexcoin Bolivia
6246,"02/08/2025 14:53:22, UTC -04:00",Completed,Sell,MariaPerez61Bo,20164,5.61,75.99,BOB,13.54,0.00,02/08/2025 14:53:36,7292706030,S-001,Banexcoin Bolivia
6248,"02/08/2025 15:01:08, UTC -04:00",Completed,Sell,MariaPerez61Bo,20164,11.08,149.99,BOB,13.54,0.00,02/08/2025 15:01:27,7292747120,S-001,Banexcoin Bolivia
6249,"02/08/2025 15:02:55, UTC -04:00",Completed,Sell,MariaPerez61Bo,20164,11.07,149.99,BOB,13.55,0.00,02/08/2025 15:03:11,7292756050,S-001,Banexcoin Bolivia
6250,"02/08/2025 15:05:49, UTC -04:00",Completed,Sell,MariaPerez61Bo,20164,11.08,149.99,BOB,13.54,0.00,02/08/2025 15:06:01,7292769480,S-001,Banexcoin Bolivia
6251,"02/08/2025 15:50:49, UTC -04:00",Completed,Sell,MariaPerez61Bo,20164,11.08,149.99,BOB,13.54,0.00,02/08/2025 15:51:05,7293012950,S-001,Banexcoin Bolivia
6252,"02/08/2025 16:17:41, UTC -04:00",Completed,Sell,MariaPerez61Bo,20164,5.61,75.99,BOB,13.53,0.00,02/08/2025 16:17:54,7293148390,S-001,Banexcoin Bolivia
6253,"02/08/2025 16:25:05, UTC -04:00",Completed,Sell,PaulaDiaz91Bo,20148,11.09,150.00,BOB,13.53,0.00,02/08/2025 16:25:24,7293186180,S-001,Banexcoin Bolivia
6266,"02/08/2025 17:24:43, UTC -04:00",Completed,Sell,ElenaMoreno57Max,20149,26.62,359.99,BOB,13.52,0.00,02/08/2025 17:24:59,7293494480,S-001,Banexcoin Bolivia
6267,"02/08/2025 17:25:59, UTC -04:00",Completed,Sell,ElenaMoreno57Max,20149,1.70,22.99,BOB,13.52,0.00,02/08/2025 17:26:13,7293501100,S-001,Banexcoin Bolivia
6268,"02/08/2025 17:27:02, UTC -04:00",Completed,Sell,ElenaMoreno57Max,20149,5.62,75.99,BOB,13.52,0.00,02/08/2025 17:27:13,7293506970,S-001,Banexcoin Bolivia
6269,"02/08/2025 17:31:42, UTC -04:00",Completed,Sell,ElenaMoreno57Max,20149,5.63,75.99,BOB,13.51,0.00,02/08/2025 17:31:55,7293531890,S-001,Banexcoin Bolivia
6271,"02/08/2025 17:32:52, UTC -04:00",Completed,Sell,ElenaMoreno57Max,20149,1.70,22.99,BOB,13.51,0.00,02/08/2025 17:33:05,7293538570,S-001,Banexcoin Bolivia
6272,"02/08/2025 17:32:55, UTC -04:00",Completed,Sell,PaulaDiaz91Bo,20148,7.40,100.00,BOB,13.51,0.00,02/08/2025 17:33:11,7293539250,S-001,Banexcoin Bolivia
6273,"02/08/2025 17:34:01, UTC -04:00",Completed,Sell,ElenaMoreno57Max,20149,2.81,37.99,BOB,13.51,0.00,02/08/2025 17:34:11,7293544400,S-001,Banexcoin Bolivia
6274,"02/08/2025 17:35:29, UTC -04:00",Completed,Sell,ElenaMoreno57Max,20149,1.70,22.99,BOB,13.50,0.00,02/08/2025 17:35:41,7293552380,S-001,Banexcoin Bolivia
6275,"02/08/2025 17:36:12, UTC -04:00",Completed,Sell,ElenaMoreno57Max,20149,5.63,75.99,BOB,13.50,0.00,02/08/2025 17:36:25,7293556010,S-001,Banexcoin Bolivia
6276,"02/08/2025 17:39:54, UTC -04:00",Completed,Sell,MariaPerez61Bo,20164,2.81,37.99,BOB,13.51,0.00,02/08/2025 17:40:10,7293576130,S-001,Banexcoin Bolivia
6277,"02/08/2025 17:40:04, UTC -04:00",Completed,Sell,ElenaMoreno57Max,20149,11.10,149.99,BOB,13.51,0.00,02/08/2025 17:40:22,7293577540,S-001,Banexcoin Bolivia
6278,"02/08/2025 17:41:08, UTC -04:00",Completed,Sell,ElenaMoreno57Max,20149,11.10,149.99,BOB,13.51,0.00,02/08/2025 17:41:22,7293582760,S-001,Banexcoin Bolivia
6279,"02/08/2025 17:41:09, UTC -04:00",Completed,Sell,MariaPerez61Bo,20164,2.81,37.99,BOB,13.51,0.00,02/08/2025 17:41:28,7293583220,S-001,Banexcoin Bolivia
6280,"02/08/2025 17:42:02, UTC -04:00",Completed,Sell,ElenaMoreno57Max,20149,5.63,75.99,BOB,13.51,0.00,02/08/2025 17:42:20,7293587650,S-001,Banexcoin Bolivia
6281,"02/08/2025 17:42:28, UTC -04:00",Completed,Sell,AndresVega17Pro,10086,44.43,600.00,BOB,13.50,0.00,02/08/2025 17:42:42,7293589600,S-001,Banexcoin Bolivia
6282,"02/08/2025 17:43:10, UTC -04:00",Completed,Sell,ElenaMoreno57Max,20149,2.81,37.99,BOB,13.50,0.00,02/08/2025 17:43:26,7293593400,S-001,Banexcoin Bolivia
6283,"02/08/2025 17:52:58, UTC -04:00",Completed,Sell,ElenaMoreno57Max,20149,0.56,7.49,BOB,13.49,0.00,02/08/2025 17:53:12,7293646630,S-001,Banexcoin Bolivia
6284,"02/08/2025 17:56:56, UTC -04:00",Completed,Sell,ElenaMoreno57Max,20149,26.73,359.99,BOB,13.47,0.00,02/08/2025 17:57:10,7293668220,S-001,Banexcoin Bolivia
6285,"02/08/2025 17:58:21, UTC -04:00",Completed,Sell,FernandoCampos72123,20202,148.68,"2,000.00",BOB,13.45,0.00,02/08/2025 17:58:38,7293676260,S-001,Banexcoin Bolivia
6286,"02/08/2025 18:00:55, UTC -04:00",Completed,Sell,ElenaMoreno57Max,20149,5.65,75.99,BOB,13.44,0.00,02/08/2025 18:01:08,7293690110,S-001,Banexcoin Bolivia
6287,"02/08/2025 18:02:33, UTC -04:00",Completed,Sell,SandraRamirez19Ec,20063,10.75,144.00,BOB,13.39,0.00,02/08/2025 18:02:49,7293699330,S-001,Banexcoin Bolivia
6288,"02/08/2025 18:03:03, UTC -04:00",Completed,Sell,ElenaMoreno57Max,20149,5.67,75.99,BOB,13.39,0.00,02/08/2025 18:03:19,7293702050,S-001,Banexcoin Bolivia
6289,"02/08/2025 18:03:25, UTC -04:00",Completed,Sell,ElenaMoreno57Max,20149,2.84,37.99,BOB,13.39,0.00,02/08/2025 18:03:41,7293703570,S-001,Banexcoin Bolivia
6290,"02/08/2025 18:06:25, UTC -04:00",Completed,Sell,ElenaMoreno57Max,20149,2.85,37.99,BOB,13.32,0.00,02/08/2025 18:06:39,7293719850,S-001,Banexcoin Bolivia
6291,"02/08/2025 18:10:42, UTC -04:00",Completed,Sell,ElenaMoreno57Max,20149,26.84,359.99,BOB,13.41,0.00,02/08/2025 18:10:55,7293742660,S-001,Banexcoin Bolivia
6292,"02/08/2025 18:11:47, UTC -04:00",Completed,Sell,ElenaMoreno57Max,20149,5.66,75.99,BOB,13.42,0.00,02/08/2025 18:12:01,7293748860,S-001,Banexcoin Bolivia
6293,"02/08/2025 18:14:23, UTC -04:00",Completed,Sell,MariaPerez61Bo,20164,26.80,359.99,BOB,13.43,0.00,02/08/2025 18:14:41,7293763070,S-001,Banexcoin Bolivia
6294,"02/08/2025 18:15:05, UTC -04:00",Completed,Sell,MariaPerez61Bo,20164,2.83,37.99,BOB,13.43,0.00,02/08/2025 18:15:23,7293766830,S-001,Banexcoin Bolivia
6295,"02/08/2025 18:31:35, UTC -04:00",Completed,Sell,MariaPerez61Bo,20164,11.12,149.99,BOB,13.49,0.00,02/08/2025 18:31:48,7293855500,S-001,Banexcoin Bolivia
6296,"02/08/2025 18:32:52, UTC -04:00",Completed,Sell,MariaPerez61Bo,20164,11.12,149.99,BOB,13.49,0.00,02/08/2025 18:33:12,7293863500,S-001,Banexcoin Bolivia
6297,"02/08/2025 18:33:21, UTC -04:00",Completed,Sell,MariaPerez61Bo,20164,5.63,75.99,BOB,13.49,0.00,02/08/2025 18:33:32,7293865520,S-001,Banexcoin Bolivia
6298,"02/08/2025 18:34:12, UTC -04:00",Completed,Sell,MariaPerez61Bo,20164,11.12,149.99,BOB,13.49,0.00,02/08/2025 18:34:26,7293870320,S-001,Banexcoin Bolivia
6299,"02/08/2025 18:43:46, UTC -04:00",Completed,Sell,MariaPerez61Bo,20164,5.63,75.99,BOB,13.50,0.00,02/08/2025 18:44:00,7293923320,S-001,Banexcoin Bolivia
6301,"02/08/2025 18:49:07, UTC -04:00",Completed,Sell,FranciscoHernandez80Es,20131,7.26,98.00,BOB,13.50,0.00,02/08/2025 18:49:39,7293953680,S-001,Banexcoin Bolivia
6303,"02/08/2025 19:03:47, UTC -04:00",Completed,Sell,MariaPerez61Bo,20164,5.63,75.99,BOB,13.50,0.00,02/08/2025 19:03:59,7294031270,S-001,Banexcoin Bolivia
6305,"02/08/2025 19:10:45, UTC -04:00",Completed,Sell,SandraRamirez19Ec,20063,3.19,43.00,BOB,13.50,0.00,02/08/2025 19:11:02,7294069220,S-001,Banexcoin Bolivia
6309,"02/08/2025 19:19:15, UTC -04:00",Completed,Sell,CarolinaMoreno552024,20192,3.26,44.00,BOB,13.51,0.00,02/08/2025 19:19:32,244080560,S-001,Banexcoin Bolivia
6310,"02/08/2025 19:24:49, UTC -04:00",Completed,Sell,JoseMendoza542025,20200,37.06,500.00,BOB,13.49,0.00,02/08/2025 19:25:02,7294144010,S-001,Banexcoin Bolivia
6311,"02/08/2025 19:28:54, UTC -04:00",Completed,Sell,CarolinaMoreno552024,20192,1.78,24.00,BOB,13.50,0.00,02/08/2025 19:29:04,244084050,S-001,Banexcoin Bolivia
6312,"02/08/2025 19:34:07, UTC -04:00",Completed,Sell,LuisSoto61Pe,20125,1.48,20.00,BOB,13.50,0.00,02/08/2025 19:34:23,7294192440,S-001,Banexcoin Bolivia
6313,"02/08/2025 19:38:50, UTC -04:00",Completed,Sell,LuisSoto61Pe,20125,19.17,259.00,BOB,13.51,0.00,02/08/2025 19:39:09,7294216970,S-001,Banexcoin Bolivia
6314,"02/08/2025 19:40:37, UTC -04:00",Completed,Sell,MartaBlanco94123,20050,258.78,"3,496.00",BOB,13.51,0.00,02/08/2025 19:41:03,7294226970,S-001,Banexcoin Bolivia
6319,"02/08/2025 19:56:40, UTC -04:00",Completed,Sell,MariaPerez61Bo,20164,26.65,359.99,BOB,13.51,0.00,02/08/2025 19:56:58,7294307730,S-001,Banexcoin Bolivia
6323,"02/08/2025 20:07:31, UTC -04:00",Completed,Sell,FranciscoHernandez80Es,20131,16.65,225.00,BOB,13.51,0.00,02/08/2025 20:08:16,7294364350,S-001,Banexcoin Bolivia
6324,"02/08/2025 20:08:52, UTC -04:00",Completed,Sell,PaulaDiaz91Bo,20148,6.29,85.00,BOB,13.51,0.00,02/08/2025 20:09:08,7294368390,S-001,Banexcoin Bolivia
6327,"02/08/2025 20:23:53, UTC -04:00",Completed,Sell,CristinaMorales762024,20105,4.44,60.00,BOB,13.51,0.00,02/08/2025 20:24:13,7294442730,S-001,Banexcoin Bolivia
6328,"02/08/2025 20:26:09, UTC -04:00",Completed,Sell,MariaPerez61Bo,20164,5.63,75.99,BOB,13.50,0.00,02/08/2025 20:26:23,7294453090,S-001,Banexcoin Bolivia
6329,"02/08/2025 20:32:01, UTC -04:00",Completed,Sell,MariaPerez61Bo,20164,11.13,149.99,BOB,13.48,0.00,02/08/2025 20:32:15,7294481240,S-001,Banexcoin Bolivia
6330,"02/08/2025 20:37:20, UTC -04:00",Completed,Sell,LuisSoto61Pe,20125,90.39,"1,219.53",BOB,13.49,0.00,02/08/2025 20:37:47,7294507830,S-001,Banexcoin Bolivia
6331,"02/08/2025 20:49:57, UTC -04:00",Completed,Sell,LuisSoto61Pe,20125,0.89,12.00,BOB,13.48,0.00,02/08/2025 20:50:14,7294566990,S-001,Banexcoin Bolivia
6334,"02/08/2025 20:57:13, UTC -04:00",Completed,Sell,MariaPerez61Bo,20164,11.13,149.99,BOB,13.48,0.00,02/08/2025 20:57:24,7294598680,S-001,Banexcoin Bolivia
6335,"02/08/2025 20:59:53, UTC -04:00",Completed,Sell,LuisSoto61Pe,20125,5.04,68.00,BOB,13.48,0.00,02/08/2025 21:00:11,7294610860,S-001,Banexcoin Bolivia
6336,"02/08/2025 21:01:16, UTC -04:00",Completed,Sell,MariaPerez61Bo,20164,11.13,149.99,BOB,13.48,0.00,02/08/2025 21:01:33,7294616630,S-001,Banexcoin Bolivia
6337,"02/08/2025 21:02:24, UTC -04:00",Completed,Sell,JoseMendoza542025,20200,18.62,251.00,BOB,13.48,0.00,02/08/2025 21:02:41,7294621790,S-001,Banexcoin Bolivia
6338,"02/08/2025 21:03:00, UTC -04:00",Completed,Sell,JoseMendoza542025,20200,1.11,15.00,BOB,13.48,0.00,02/08/2025 21:03:15,7294624070,S-001,Banexcoin Bolivia
6339,"02/08/2025 21:05:39, UTC -04:00",Completed,Sell,MariaPerez61Bo,20164,5.63,75.99,BOB,13.49,0.00,02/08/2025 21:05:53,7294635800,S-001,Banexcoin Bolivia
6341,"02/08/2025 21:23:28, UTC -04:00",Completed,Sell,MariaPerez61Bo,20164,11.12,149.99,BOB,13.49,0.00,02/08/2025 21:23:54,7294710570,S-001,Banexcoin Bolivia
6342,"02/08/2025 21:31:55, UTC -04:00",Completed,Sell,MariaPerez61Bo,20164,26.70,359.99,BOB,13.48,0.00,02/08/2025 21:32:10,7294742870,S-001,Banexcoin Bolivia
6343,"02/08/2025 21:32:08, UTC -04:00",Completed,Sell,GabrielMoreno89Pro,20081,0.74,10.00,BOB,13.48,0.00,02/08/2025 21:32:54,7294746020,S-001,Banexcoin Bolivia
6345,"02/08/2025 21:43:58, UTC -04:00",Completed,Sell,ElenaMoreno57Max,20149,26.67,359.99,BOB,13.50,0.00,02/08/2025 21:44:08,7294788920,S-001,Banexcoin Bolivia
6346,"02/08/2025 21:44:25, UTC -04:00",Completed,Sell,ElenaMoreno57Max,20149,26.67,359.99,BOB,13.50,0.00,02/08/2025 21:44:40,7294791170,S-001,Banexcoin Bolivia
6347,"02/08/2025 21:44:50, UTC -04:00",Completed,Sell,ElenaMoreno57Max,20149,11.11,149.99,BOB,13.50,0.00,02/08/2025 21:45:05,7294792770,S-001,Banexcoin Bolivia
6348,"02/08/2025 21:46:15, UTC -04:00",Completed,Sell,ElenaMoreno57Max,20149,1.70,22.99,BOB,13.50,0.00,02/08/2025 21:46:29,7294797970,S-001,Banexcoin Bolivia
6349,"02/08/2025 21:47:24, UTC -04:00",Completed,Sell,ElenaMoreno57Max,20149,26.67,359.99,BOB,13.50,0.00,02/08/2025 21:47:35,7294802400,S-001,Banexcoin Bolivia
6350,"02/08/2025 21:47:52, UTC -04:00",Completed,Sell,ElenaMoreno57Max,20149,26.67,359.99,BOB,13.50,0.00,02/08/2025 21:48:03,7294804140,S-001,Banexcoin Bolivia
6351,"02/08/2025 21:47:57, UTC -04:00",Completed,Sell,MariaPerez61Bo,20164,26.67,359.99,BOB,13.50,0.00,02/08/2025 21:48:11,7294804760,S-001,Banexcoin Bolivia
6352,"02/08/2025 21:50:07, UTC -04:00",Completed,Sell,ElenaMoreno57Max,20149,2.81,37.99,BOB,13.50,0.00,02/08/2025 21:50:21,7294811940,S-001,Banexcoin Bolivia
6353,"02/08/2025 21:51:11, UTC -04:00",Completed,Sell,MariaPerez61Bo,20164,5.63,75.99,BOB,13.50,0.00,02/08/2025 21:51:25,7294815900,S-001,Banexcoin Bolivia
6355,"02/08/2025 21:51:57, UTC -04:00",Completed,Sell,MariaPerez61Bo,20164,5.63,75.99,BOB,13.50,0.00,02/08/2025 21:52:13,7294819060,S-001,Banexcoin Bolivia
6356,"02/08/2025 21:53:49, UTC -04:00",Completed,Sell,ElenaMoreno57Max,20149,2.81,37.99,BOB,13.50,0.00,02/08/2025 21:54:03,7294825790,S-001,Banexcoin Bolivia
6358,"02/08/2025 21:57:21, UTC -04:00",Completed,Sell,ElenaMoreno57Max,20149,26.67,359.99,BOB,13.50,0.00,02/08/2025 21:57:33,7294839030,S-001,Banexcoin Bolivia
6359,"02/08/2025 22:01:55, UTC -04:00",Completed,Sell,MariaPerez61Bo,20164,11.11,149.99,BOB,13.50,0.00,02/08/2025 22:02:09,7294855090,S-001,Banexcoin Bolivia
6360,"02/08/2025 22:02:34, UTC -04:00",Completed,Sell,ElenaMoreno57Max,20149,11.11,149.99,BOB,13.50,0.00,02/08/2025 22:02:47,7294857310,S-001,Banexcoin Bolivia
6361,"02/08/2025 22:02:56, UTC -04:00",Completed,Sell,ElenaMoreno57Max,20149,11.11,149.99,BOB,13.50,0.00,02/08/2025 22:03:09,7294858490,S-001,Banexcoin Bolivia
6362,"02/08/2025 22:03:46, UTC -04:00",Completed,Sell,ElenaMoreno57Max,20149,11.11,149.99,BOB,13.50,0.00,02/08/2025 22:03:57,7294861470,S-001,Banexcoin Bolivia
6363,"02/08/2025 22:04:32, UTC -04:00",Completed,Sell,ElenaMoreno57Max,20149,5.63,75.99,BOB,13.50,0.00,02/08/2025 22:04:45,7294864310,S-001,Banexcoin Bolivia
6364,"02/08/2025 22:09:50, UTC -04:00",Completed,Sell,ElenaMoreno57Max,20149,2.81,37.99,BOB,13.51,0.00,02/08/2025 22:10:04,7294883280,S-001,Banexcoin Bolivia
6365,"02/08/2025 22:25:28, UTC -04:00",Completed,Sell,MariaPerez61Bo,20164,11.10,149.99,BOB,13.51,0.00,02/08/2025 22:25:42,7294935380,S-001,Banexcoin Bolivia
6366,"02/08/2025 22:27:45, UTC -04:00",Completed,Sell,ElenaMoreno57Max,20149,26.66,359.99,BOB,13.51,0.00,02/08/2025 22:27:58,7294942690,S-001,Banexcoin Bolivia
6367,"02/08/2025 22:30:41, UTC -04:00",Completed,Sell,ElenaMoreno57Max,20149,5.63,75.99,BOB,13.51,0.00,02/08/2025 22:31:11,7294952990,S-001,Banexcoin Bolivia
6371,"02/08/2025 22:35:59, UTC -04:00",Completed,Sell,TeresaJimenez302025,20129,0.37,5.00,BOB,13.51,0.00,02/08/2025 22:36:43,7294970090,S-001,Banexcoin Bolivia
6372,"02/08/2025 22:40:02, UTC -04:00",Completed,Sell,MariaPerez61Bo,20164,5.63,75.99,BOB,13.51,0.00,02/08/2025 22:40:17,7294980710,S-001,Banexcoin Bolivia
6373,"02/08/2025 22:43:12, UTC -04:00",Completed,Sell,AlbertoLeon10007,10008,22.21,300.00,BOB,13.51,0.00,02/08/2025 22:43:25,244147980,S-001,Banexcoin Bolivia
6374,"02/08/2025 22:44:19, UTC -04:00",Completed,Sell,MariaPerez61Bo,20164,11.10,149.99,BOB,13.51,0.00,02/08/2025 22:44:31,7294993540,S-001,Banexcoin Bolivia
6375,"02/08/2025 22:55:09, UTC -04:00",Completed,Sell,MariaPerez61Bo,20164,26.65,359.99,BOB,13.51,0.00,02/08/2025 22:55:22,7295023840,S-001,Banexcoin Bolivia
6376,"02/08/2025 22:58:34, UTC -04:00",Completed,Sell,MariaPerez61Bo,20164,11.10,149.99,BOB,13.51,0.00,02/08/2025 22:59:10,7295034380,S-001,Banexcoin Bolivia
6377,"02/08/2025 22:59:29, UTC -04:00",Completed,Sell,MariaPerez61Bo,20164,5.62,75.99,BOB,13.51,0.00,02/08/2025 22:59:42,7295035740,S-001,Banexcoin Bolivia
6378,"02/08/2025 23:14:56, UTC -04:00",Completed,Sell,MariaPerez61Bo,20164,26.66,359.99,BOB,13.50,0.00,02/08/2025 23:15:12,7295074520,S-001,Banexcoin Bolivia
6379,"02/08/2025 23:20:34, UTC -04:00",Completed,Sell,MariaPerez61Bo,20164,26.66,359.99,BOB,13.50,0.00,02/08/2025 23:21:11,7295088150,S-001,Banexcoin Bolivia
6380,"02/08/2025 23:21:51, UTC -04:00",Completed,Sell,MariaPerez61Bo,20164,26.66,359.99,BOB,13.50,0.00,02/08/2025 23:22:11,7295090600,S-001,Banexcoin Bolivia
6381,"02/08/2025 23:23:11, UTC -04:00",Completed,Sell,MariaPerez61Bo,20164,26.67,359.99,BOB,13.50,0.00,02/08/2025 23:23:27,7295093760,S-001,Banexcoin Bolivia
6382,"02/08/2025 23:23:36, UTC -04:00",Completed,Sell,MariaPerez61Bo,20164,26.67,359.99,BOB,13.50,0.00,02/08/2025 23:23:49,7295094830,S-001,Banexcoin Bolivia
6383,"02/08/2025 23:23:57, UTC -04:00",Completed,Sell,MariaPerez61Bo,20164,26.67,359.99,BOB,13.50,0.00,02/08/2025 23:24:11,7295095690,S-001,Banexcoin Bolivia
6385,"02/08/2025 23:41:41, UTC -04:00",Completed,Sell,MariaPerez61Bo,20164,26.67,359.99,BOB,13.50,0.00,02/08/2025 23:41:54,7295133090,S-001,Banexcoin Bolivia
6386,"02/08/2025 23:49:54, UTC -04:00",Completed,Sell,MariaPerez61Bo,20164,5.63,75.99,BOB,13.50,0.00,02/08/2025 23:50:08,7295147680,S-001,Banexcoin Bolivia
6387,"03/08/2025 00:21:48, UTC -04:00",Completed,Sell,MariaPerez61Bo,20164,26.69,359.99,BOB,13.49,0.00,03/08/2025 00:22:01,7295189010,S-001,Banexcoin Bolivia
6388,"03/08/2025 00:22:22, UTC -04:00",Completed,Sell,MariaPerez61Bo,20164,26.69,359.99,BOB,13.49,0.00,03/08/2025 00:22:35,7295189920,S-001,Banexcoin Bolivia
6389,"03/08/2025 00:35:49, UTC -04:00",Completed,Sell,ElenaMoreno57Max,20149,2.82,37.99,BOB,13.48,0.00,03/08/2025 00:36:04,7295208880,S-001,Banexcoin Bolivia
6390,"03/08/2025 00:36:49, UTC -04:00",Completed,Sell,ElenaMoreno57Max,20149,2.82,37.99,BOB,13.48,0.00,03/08/2025 00:37:02,7295210100,S-001,Banexcoin Bolivia
6391,"03/08/2025 00:37:53, UTC -04:00",Completed,Sell,ElenaMoreno57Max,20149,26.71,359.99,BOB,13.48,0.00,03/08/2025 00:38:08,7295211500,S-001,Banexcoin Bolivia
6392,"03/08/2025 00:38:56, UTC -04:00",Completed,Sell,ElenaMoreno57Max,20149,11.13,149.99,BOB,13.48,0.00,03/08/2025 00:39:10,7295212730,S-001,Banexcoin Bolivia
6393,"03/08/2025 00:42:49, UTC -04:00",Completed,Sell,ElenaMoreno57Max,20149,26.71,359.99,BOB,13.48,0.00,03/08/2025 00:43:06,7295217640,S-001,Banexcoin Bolivia
6394,"03/08/2025 00:42:49, UTC -04:00",Completed,Sell,MariaPerez61Bo,20164,26.71,359.99,BOB,13.48,0.00,03/08/2025 00:43:02,7295217500,S-001,Banexcoin Bolivia
6395,"03/08/2025 00:44:03, UTC -04:00",Completed,Sell,MariaPerez61Bo,20164,26.71,359.99,BOB,13.48,0.00,03/08/2025 00:44:14,7295219250,S-001,Banexcoin Bolivia
6396,"03/08/2025 01:07:26, UTC -04:00",Completed,Sell,MariaPerez61Bo,20164,5.64,75.99,BOB,13.48,0.00,03/08/2025 01:07:41,7295246220,S-001,Banexcoin Bolivia
6397,"03/08/2025 01:11:40, UTC -04:00",Completed,Sell,MariaPerez61Bo,20164,5.64,75.99,BOB,13.48,0.00,03/08/2025 01:12:04,7295251400,S-001,Banexcoin Bolivia
6404,"03/08/2025 01:42:27, UTC -04:00",Completed,Sell,ElenaMoreno57Max,20149,5.66,75.99,BOB,13.44,0.00,03/08/2025 01:42:41,7295280470,S-001,Banexcoin Bolivia
6405,"03/08/2025 01:43:42, UTC -04:00",Completed,Sell,ElenaMoreno57Max,20149,11.16,149.99,BOB,13.44,0.00,03/08/2025 01:43:57,7295281880,S-001,Banexcoin Bolivia
6406,"03/08/2025 01:44:37, UTC -04:00",Completed,Sell,ElenaMoreno57Max,20149,2.83,37.99,BOB,13.43,0.00,03/08/2025 01:44:51,7295282620,S-001,Banexcoin Bolivia
6407,"03/08/2025 01:46:10, UTC -04:00",Completed,Sell,ElenaMoreno57Max,20149,11.17,149.99,BOB,13.43,0.00,03/08/2025 01:46:33,7295284240,S-001,Banexcoin Bolivia
6408,"03/08/2025 01:47:46, UTC -04:00",Completed,Sell,ElenaMoreno57Max,20149,5.66,75.99,BOB,13.43,0.00,03/08/2025 01:47:59,7295285340,S-001,Banexcoin Bolivia
6409,"03/08/2025 01:48:24, UTC -04:00",Completed,Sell,ElenaMoreno57Max,20149,1.71,22.99,BOB,13.43,0.00,03/08/2025 01:48:39,7295285740,S-001,Banexcoin Bolivia
6410,"03/08/2025 01:49:23, UTC -04:00",Completed,Sell,ElenaMoreno57Max,20149,1.71,22.99,BOB,13.43,0.00,03/08/2025 01:49:39,7295286720,S-001,Banexcoin Bolivia
6411,"03/08/2025 01:50:49, UTC -04:00",Completed,Sell,ElenaMoreno57Max,20149,11.17,149.99,BOB,13.43,0.00,03/08/2025 01:51:03,7295287870,S-001,Banexcoin Bolivia
6412,"03/08/2025 01:51:16, UTC -04:00",Completed,Sell,ElenaMoreno57Max,20149,11.17,149.99,BOB,13.43,0.00,03/08/2025 01:51:29,7295288270,S-001,Banexcoin Bolivia
6413,"03/08/2025 01:51:19, UTC -04:00",Completed,Sell,MariaPerez61Bo,20164,5.66,75.99,BOB,13.43,0.00,03/08/2025 01:51:37,7295288390,S-001,Banexcoin Bolivia
6414,"03/08/2025 01:52:16, UTC -04:00",Completed,Sell,MariaPerez61Bo,20164,11.17,149.99,BOB,13.43,0.00,03/08/2025 01:52:29,7295289200,S-001,Banexcoin Bolivia
6415,"03/08/2025 01:53:11, UTC -04:00",Completed,Sell,MariaPerez61Bo,20164,5.66,75.99,BOB,13.43,0.00,03/08/2025 01:53:33,7295290170,S-001,Banexcoin Bolivia
6416,"03/08/2025 01:53:26, UTC -04:00",Completed,Sell,ElenaMoreno57Max,20149,2.83,37.99,BOB,13.43,0.00,03/08/2025 01:53:41,7295290260,S-001,Banexcoin Bolivia
6417,"03/08/2025 01:54:21, UTC -04:00",Completed,Sell,MariaPerez61Bo,20164,11.17,149.99,BOB,13.43,0.00,03/08/2025 01:54:42,7295291090,S-001,Banexcoin Bolivia
6418,"03/08/2025 01:59:40, UTC -04:00",Completed,Sell,ElenaMoreno57Max,20149,1.71,22.99,BOB,13.41,0.00,03/08/2025 02:00:06,7295295920,S-001,Banexcoin Bolivia
6419,"03/08/2025 02:05:30, UTC -04:00",Completed,Sell,ElenaMoreno57Max,20149,26.85,359.99,BOB,13.41,0.00,03/08/2025 02:05:56,7295300480,S-001,Banexcoin Bolivia
6420,"03/08/2025 02:20:40, UTC -04:00",Completed,Sell,ElenaMoreno57Max,20149,1.71,22.99,BOB,13.42,0.00,03/08/2025 02:20:55,7295312020,S-001,Banexcoin Bolivia
6427,"03/08/2025 07:16:36, UTC -04:00",Completed,Sell,FernandoCampos72123,20202,88.87,"1,200.00",BOB,13.50,0.00,03/08/2025 07:16:52,7295467830,S-001,Banexcoin Bolivia
6433,"03/08/2025 08:51:33, UTC -04:00",Completed,Sell,LuisSoto61Pe,20125,1.55,21.00,BOB,13.51,0.00,03/08/2025 08:51:48,7295631040,S-001,Banexcoin Bolivia
6434,"03/08/2025 08:53:52, UTC -04:00",Completed,Sell,AndresVega17Pro,10086,27.90,377.00,BOB,13.51,0.00,03/08/2025 08:54:10,7295637040,S-001,Banexcoin Bolivia
6435,"03/08/2025 09:44:42, UTC -04:00",Completed,Sell,IsabelRivera992025,20111,1.48,20.00,BOB,13.52,0.00,03/08/2025 09:45:07,7295783800,S-001,Banexcoin Bolivia
6436,"03/08/2025 10:04:39, UTC -04:00",Completed,Sell,MariaDelgado75Ar,20083,14.79,200.00,BOB,13.52,0.00,03/08/2025 10:05:20,7295852590,S-001,Banexcoin Bolivia
6439,"03/08/2025 11:50:48, UTC -04:00",Completed,Sell,MariaPerez61Bo,20164,5.61,75.99,BOB,13.53,0.00,03/08/2025 11:51:02,7296269700,S-001,Banexcoin Bolivia
6440,"03/08/2025 11:55:16, UTC -04:00",Completed,Sell,MariaPerez61Bo,20164,26.61,359.99,BOB,13.53,0.00,03/08/2025 11:55:33,7296288460,S-001,Banexcoin Bolivia
6441,"03/08/2025 11:56:05, UTC -04:00",Completed,Sell,ElenaMoreno57Max,20149,2.81,37.99,BOB,13.53,0.00,03/08/2025 11:56:19,7296291820,S-001,Banexcoin Bolivia
6442,"03/08/2025 11:56:54, UTC -04:00",Completed,Sell,ElenaMoreno57Max,20149,11.09,149.99,BOB,13.53,0.00,03/08/2025 11:57:07,7296295240,S-001,Banexcoin Bolivia
6443,"03/08/2025 11:58:00, UTC -04:00",Completed,Sell,ElenaMoreno57Max,20149,5.62,75.99,BOB,13.53,0.00,03/08/2025 11:58:15,7296299980,S-001,Banexcoin Bolivia
6444,"03/08/2025 11:59:05, UTC -04:00",Completed,Sell,ElenaMoreno57Max,20149,11.09,149.99,BOB,13.53,0.00,03/08/2025 11:59:17,7296304680,S-001,Banexcoin Bolivia
6445,"03/08/2025 12:00:00, UTC -04:00",Completed,Sell,ElenaMoreno57Max,20149,5.62,75.99,BOB,13.53,0.00,03/08/2025 12:00:19,7296308970,S-001,Banexcoin Bolivia
6446,"03/08/2025 12:00:27, UTC -04:00",Completed,Sell,ElenaMoreno57Max,20149,1.70,22.99,BOB,13.53,0.00,03/08/2025 12:00:41,7296311060,S-001,Banexcoin Bolivia
6447,"03/08/2025 12:00:58, UTC -04:00",Completed,Sell,ElenaMoreno57Max,20149,26.61,359.99,BOB,13.53,0.00,03/08/2025 12:01:11,7296312950,S-001,Banexcoin Bolivia
6448,"03/08/2025 12:02:12, UTC -04:00",Completed,Sell,ElenaMoreno57Max,20149,26.61,359.99,BOB,13.53,0.00,03/08/2025 12:02:25,7296318540,S-001,Banexcoin Bolivia
6449,"03/08/2025 12:02:14, UTC -04:00",Completed,Sell,AndresVega17Pro,10086,1.40,19.00,BOB,13.53,0.00,03/08/2025 12:02:31,7296319080,S-001,Banexcoin Bolivia
6451,"03/08/2025 12:04:41, UTC -04:00",Completed,Sell,ElenaMoreno57Max,20149,1.70,22.99,BOB,13.53,0.00,03/08/2025 12:04:55,7296329670,S-001,Banexcoin Bolivia
6452,"03/08/2025 12:06:31, UTC -04:00",Completed,Sell,ElenaMoreno57Max,20149,0.55,7.49,BOB,13.54,0.00,03/08/2025 12:06:45,7296338670,S-001,Banexcoin Bolivia
6453,"03/08/2025 12:07:52, UTC -04:00",Completed,Sell,ElenaMoreno57Max,20149,1.70,22.99,BOB,13.54,0.00,03/08/2025 12:08:07,7296345110,S-001,Banexcoin Bolivia
6454,"03/08/2025 12:11:44, UTC -04:00",Completed,Sell,ElenaMoreno57Max,20149,2.81,37.99,BOB,13.54,0.00,03/08/2025 12:11:57,7296362610,S-001,Banexcoin Bolivia
6455,"03/08/2025 12:16:31, UTC -04:00",Completed,Sell,AndresVega17Pro,10086,14.77,200.00,BOB,13.54,0.00,03/08/2025 12:16:45,7296384970,S-001,Banexcoin Bolivia
6456,"03/08/2025 12:20:31, UTC -04:00",Completed,Sell,RafaelGarcia392025,20085,7.39,100.00,BOB,13.54,0.00,03/08/2025 12:21:00,7296404630,S-001,Banexcoin Bolivia
6457,"03/08/2025 12:47:23, UTC -04:00",Completed,Sell,ElenaMoreno57Max,20149,5.61,75.99,BOB,13.53,0.00,03/08/2025 12:48:21,7296531020,S-001,Banexcoin Bolivia
6458,"03/08/2025 12:51:27, UTC -04:00",Completed,Sell,ElenaMoreno57Max,20149,2.81,37.99,BOB,13.52,0.00,03/08/2025 12:51:41,7296546240,S-001,Banexcoin Bolivia
6459,"03/08/2025 12:57:26, UTC -04:00",Completed,Sell,MariaPerez61Bo,20164,5.62,75.99,BOB,13.52,0.00,03/08/2025 12:57:39,7296572600,S-001,Banexcoin Bolivia
6460,"03/08/2025 13:00:36, UTC -04:00",Completed,Sell,ElenaMoreno57Max,20149,1.70,22.99,BOB,13.52,0.00,03/08/2025 13:00:49,7296587680,S-001,Banexcoin Bolivia
6462,"03/08/2025 13:22:54, UTC -04:00",Completed,Sell,LauraLopez98123,20181,6.30,85.00,BOB,13.49,0.00,03/08/2025 13:23:06,244283870,S-001,Banexcoin Bolivia
6467,"03/08/2025 13:54:13, UTC -04:00",Completed,Sell,MariaPerez61Bo,20164,11.11,149.99,BOB,13.50,0.00,03/08/2025 13:54:26,7296813400,S-001,Banexcoin Bolivia
6468,"03/08/2025 13:54:25, UTC -04:00",Completed,Sell,MariaFlores93Max,10006,10.50,141.80,BOB,13.50,0.00,03/08/2025 13:54:54,7296815160,S-001,Banexcoin Bolivia
6479,"03/08/2025 14:14:22, UTC -04:00",Completed,Sell,RafaelGarcia392025,20085,4.52,61.00,BOB,13.51,0.00,03/08/2025 14:14:45,7296891740,S-001,Banexcoin Bolivia
6481,"03/08/2025 14:19:17, UTC -04:00",Completed,Sell,RafaelGarcia392025,20085,22.21,300.00,BOB,13.51,0.00,03/08/2025 14:19:47,7296911560,S-001,Banexcoin Bolivia
6486,"03/08/2025 14:57:56, UTC -04:00",Completed,Sell,FranciscoHernandez80Es,20131,15.69,212.00,BOB,13.52,0.00,03/08/2025 14:58:35,7297052260,S-001,Banexcoin Bolivia
6487,"03/08/2025 15:17:25, UTC -04:00",Completed,Sell,MariaPerez61Bo,20164,5.62,75.99,BOB,13.53,0.00,03/08/2025 15:17:40,7297117270,S-001,Banexcoin Bolivia
6488,"03/08/2025 15:18:31, UTC -04:00",Completed,Sell,MariaPerez61Bo,20164,5.62,75.99,BOB,13.53,0.00,03/08/2025 15:18:50,7297121160,S-001,Banexcoin Bolivia
6489,"03/08/2025 15:45:58, UTC -04:00",Completed,Sell,MariaPerez61Bo,20164,26.63,359.99,BOB,13.52,0.00,03/08/2025 15:46:09,7297215670,S-001,Banexcoin Bolivia
6490,"03/08/2025 16:00:48, UTC -04:00",Completed,Sell,ElenaMoreno57Max,20149,5.62,75.99,BOB,13.51,0.00,03/08/2025 16:01:03,7297321760,S-001,Banexcoin Bolivia
6491,"03/08/2025 16:00:50, UTC -04:00",Completed,Sell,MariaPerez61Bo,20164,26.64,359.99,BOB,13.51,0.00,03/08/2025 16:01:07,7297323210,S-001,Banexcoin Bolivia
6492,"03/08/2025 16:01:38, UTC -04:00",Completed,Sell,ElenaMoreno57Max,20149,11.10,149.99,BOB,13.51,0.00,03/08/2025 16:01:51,7297335690,S-001,Banexcoin Bolivia
6493,"03/08/2025 16:02:45, UTC -04:00",Completed,Sell,ElenaMoreno57Max,20149,2.81,37.99,BOB,13.51,0.00,03/08/2025 16:02:58,7297356390,S-001,Banexcoin Bolivia
6494,"03/08/2025 16:03:57, UTC -04:00",Completed,Sell,ElenaMoreno57Max,20149,1.70,22.99,BOB,13.51,0.00,03/08/2025 16:04:16,7297363060,S-001,Banexcoin Bolivia
6495,"03/08/2025 16:06:01, UTC -04:00",Completed,Sell,ElenaMoreno57Max,20149,5.63,75.99,BOB,13.51,0.00,03/08/2025 16:06:28,7297394990,S-001,Banexcoin Bolivia
6496,"03/08/2025 16:08:47, UTC -04:00",Completed,Sell,ElenaMoreno57Max,20149,1.70,22.99,BOB,13.50,0.00,03/08/2025 16:08:58,7297445080,S-001,Banexcoin Bolivia
6497,"03/08/2025 16:09:57, UTC -04:00",Completed,Sell,ElenaMoreno57Max,20149,2.81,37.99,BOB,13.50,0.00,03/08/2025 16:10:10,1664046310,S-001,Banexcoin Bolivia
6498,"03/08/2025 16:12:43, UTC -04:00",Completed,Sell,ElenaMoreno57Max,20149,26.66,359.99,BOB,13.50,0.00,03/08/2025 16:12:54,1664053780,S-001,Banexcoin Bolivia
6499,"03/08/2025 16:13:50, UTC -04:00",Completed,Sell,ElenaMoreno57Max,20149,1.70,22.99,BOB,13.50,0.00,03/08/2025 16:14:02,7297545470,S-001,Banexcoin Bolivia
6500,"03/08/2025 16:20:25, UTC -04:00",Completed,Sell,ElenaMoreno57Max,20149,5.63,75.99,BOB,13.49,0.00,03/08/2025 16:20:38,7297677170,S-001,Banexcoin Bolivia
6501,"03/08/2025 16:22:13, UTC -04:00",Completed,Sell,ElenaMoreno57Max,20149,5.63,75.99,BOB,13.49,0.00,03/08/2025 16:22:26,7297685300,S-001,Banexcoin Bolivia
6502,"03/08/2025 16:23:55, UTC -04:00",Completed,Sell,ElenaMoreno57Max,20149,11.12,149.99,BOB,13.49,0.00,03/08/2025 16:24:08,7297690920,S-001,Banexcoin Bolivia
6503,"03/08/2025 16:26:06, UTC -04:00",Completed,Sell,ElenaMoreno57Max,20149,11.11,149.99,BOB,13.49,0.00,03/08/2025 16:26:21,7297699380,S-001,Banexcoin Bolivia
6504,"03/08/2025 16:27:14, UTC -04:00",Completed,Sell,ElenaMoreno57Max,20149,2.82,37.99,BOB,13.49,0.00,03/08/2025 16:27:33,7297704230,S-001,Banexcoin Bolivia
6505,"03/08/2025 16:34:26, UTC -04:00",Completed,Sell,MariaPerez61Bo,20164,26.68,359.99,BOB,13.49,0.00,03/08/2025 16:34:43,7297728710,S-001,Banexcoin Bolivia
6507,"03/08/2025 16:40:26, UTC -04:00",Completed,Sell,MariaPerez61Bo,20164,11.12,149.99,BOB,13.49,0.00,03/08/2025 16:40:39,7297749030,S-001,Banexcoin Bolivia
6508,"03/08/2025 16:41:03, UTC -04:00",Completed,Sell,MariaPerez61Bo,20164,5.63,75.99,BOB,13.49,0.00,03/08/2025 16:41:17,7297751210,S-001,Banexcoin Bolivia
6509,"03/08/2025 16:53:14, UTC -04:00",Completed,Sell,MariaPerez61Bo,20164,26.69,359.99,BOB,13.49,0.00,03/08/2025 16:53:28,7297791540,S-001,Banexcoin Bolivia
6510,"03/08/2025 16:54:19, UTC -04:00",Completed,Sell,MariaPerez61Bo,20164,26.69,359.99,BOB,13.49,0.00,03/08/2025 16:54:32,7297795150,S-001,Banexcoin Bolivia
6511,"03/08/2025 17:04:34, UTC -04:00",Completed,Sell,PaulaDiaz91Bo,20148,14.81,200.00,BOB,13.50,0.00,03/08/2025 17:04:52,7297829750,S-001,Banexcoin Bolivia
6512,"03/08/2025 17:04:47, UTC -04:00",Completed,Sell,ElenaMoreno57Max,20149,5.63,75.99,BOB,13.50,0.00,03/08/2025 17:05:04,7297830370,S-001,Banexcoin Bolivia
6513,"03/08/2025 17:07:45, UTC -04:00",Completed,Sell,ElenaMoreno57Max,20149,2.81,37.99,BOB,13.51,0.00,03/08/2025 17:08:12,7297840760,S-001,Banexcoin Bolivia
6514,"03/08/2025 17:12:31, UTC -04:00",Completed,Sell,ElenaMoreno57Max,20149,1.70,22.99,BOB,13.50,0.00,03/08/2025 17:12:45,7297856110,S-001,Banexcoin Bolivia
6515,"03/08/2025 17:23:41, UTC -04:00",Completed,Sell,MariaPerez61Bo,20164,11.10,149.99,BOB,13.51,0.00,03/08/2025 17:23:53,7297894510,S-001,Banexcoin Bolivia
6516,"03/08/2025 17:24:13, UTC -04:00",Completed,Sell,MariaPerez61Bo,20164,11.10,149.99,BOB,13.51,0.00,03/08/2025 17:24:25,7297896100,S-001,Banexcoin Bolivia
6517,"03/08/2025 17:25:09, UTC -04:00",Completed,Sell,MariaPerez61Bo,20164,5.63,75.99,BOB,13.51,0.00,03/08/2025 17:25:23,7297899240,S-001,Banexcoin Bolivia
6520,"03/08/2025 18:13:11, UTC -04:00",Completed,Sell,MariaFlores93Max,10006,4.55,61.50,BOB,13.52,0.00,03/08/2025 18:13:29,7298066870,S-001,Banexcoin Bolivia
6521,"03/08/2025 18:30:15, UTC -04:00",Completed,Sell,MariaPerez61Bo,20164,5.62,75.99,BOB,13.53,0.00,03/08/2025 18:30:26,7298129870,S-001,Banexcoin Bolivia
6522,"03/08/2025 18:31:34, UTC -04:00",Completed,Sell,MariaPerez61Bo,20164,5.62,75.99,BOB,13.53,0.00,03/08/2025 18:31:48,7298134970,S-001,Banexcoin Bolivia
6524,"03/08/2025 18:34:44, UTC -04:00",Completed,Sell,MariaPerez61Bo,20164,5.62,75.99,BOB,13.52,0.00,03/08/2025 18:35:00,7298147280,S-001,Banexcoin Bolivia
6525,"03/08/2025 18:41:32, UTC -04:00",Completed,Sell,ElenaMoreno57Max,20149,2.81,37.99,BOB,13.52,0.00,03/08/2025 18:41:45,7298173180,S-001,Banexcoin Bolivia
6526,"03/08/2025 18:41:57, UTC -04:00",Completed,Sell,ElenaMoreno57Max,20149,1.70,22.99,BOB,13.52,0.00,03/08/2025 18:42:11,7298174890,S-001,Banexcoin Bolivia
6527,"03/08/2025 18:43:09, UTC -04:00",Completed,Sell,ElenaMoreno57Max,20149,1.70,22.99,BOB,13.53,0.00,03/08/2025 18:43:27,7298179450,S-001,Banexcoin Bolivia
6528,"03/08/2025 18:44:37, UTC -04:00",Completed,Sell,MariaPerez61Bo,20164,1.70,22.99,BOB,13.53,0.00,03/08/2025 18:44:53,7298184860,S-001,Banexcoin Bolivia
6529,"03/08/2025 18:49:59, UTC -04:00",Completed,Sell,MariaPerez61Bo,20164,26.62,359.99,BOB,13.53,0.00,03/08/2025 18:50:17,7298205180,S-001,Banexcoin Bolivia
6530,"03/08/2025 18:50:54, UTC -04:00",Completed,Sell,MariaPerez61Bo,20164,26.61,359.99,BOB,13.53,0.00,03/08/2025 18:51:07,7298208310,S-001,Banexcoin Bolivia
6531,"03/08/2025 18:51:52, UTC -04:00",Completed,Sell,MariaPerez61Bo,20164,26.61,359.99,BOB,13.53,0.00,03/08/2025 18:52:05,7298211610,S-001,Banexcoin Bolivia
6532,"03/08/2025 18:51:55, UTC -04:00",Completed,Sell,JoseMendoza542025,20200,64.47,872.14,BOB,13.53,0.00,03/08/2025 18:52:11,7298212220,S-001,Banexcoin Bolivia
6533,"03/08/2025 18:52:34, UTC -04:00",Completed,Sell,MariaPerez61Bo,20164,5.62,75.99,BOB,13.53,0.00,03/08/2025 18:52:47,7298214700,S-001,Banexcoin Bolivia
6534,"03/08/2025 18:53:41, UTC -04:00",Completed,Sell,MariaPerez61Bo,20164,26.61,359.99,BOB,13.53,0.00,03/08/2025 18:53:53,7298218650,S-001,Banexcoin Bolivia
6535,"03/08/2025 18:54:13, UTC -04:00",Completed,Sell,MariaPerez61Bo,20164,5.62,75.99,BOB,13.53,0.00,03/08/2025 18:54:25,7298220600,S-001,Banexcoin Bolivia
6536,"03/08/2025 18:56:18, UTC -04:00",Completed,Sell,MariaPerez61Bo,20164,1.70,22.99,BOB,13.53,0.00,03/08/2025 18:56:31,7298228620,S-001,Banexcoin Bolivia
6537,"03/08/2025 18:56:25, UTC -04:00",Completed,Sell,ElenaMoreno57Max,20149,1.70,22.99,BOB,13.53,0.00,03/08/2025 18:56:39,7298229170,S-001,Banexcoin Bolivia
6538,"03/08/2025 19:01:54, UTC -04:00",Completed,Sell,JoseMendoza542025,20200,0.59,8.00,BOB,13.53,0.00,03/08/2025 19:02:08,7298250110,S-001,Banexcoin Bolivia
6539,"03/08/2025 19:02:59, UTC -04:00",Completed,Sell,ElenaMoreno57Max,20149,26.62,359.99,BOB,13.53,0.00,03/08/2025 19:03:14,7298254840,S-001,Banexcoin Bolivia
6543,"03/08/2025 20:08:29, UTC -04:00",Completed,Sell,LuisSoto61Pe,20125,2.66,36.00,BOB,13.54,0.00,03/08/2025 20:09:00,7298505380,S-001,Banexcoin Bolivia
6544,"03/08/2025 20:13:03, UTC -04:00",Completed,Sell,LuisSoto61Pe,20125,4.87,66.00,BOB,13.55,0.00,03/08/2025 20:13:19,7298522100,S-001,Banexcoin Bolivia
6547,"03/08/2025 20:20:28, UTC -04:00",Completed,Sell,ElenaMoreno57Max,20149,5.61,75.99,BOB,13.55,0.00,03/08/2025 20:20:43,7298549130,S-001,Banexcoin Bolivia
6548,"03/08/2025 20:21:53, UTC -04:00",Completed,Sell,ElenaMoreno57Max,20149,26.57,359.99,BOB,13.55,0.00,03/08/2025 20:22:07,7298554160,S-001,Banexcoin Bolivia
6550,"03/08/2025 20:26:33, UTC -04:00",Completed,Sell,ElenaMoreno57Max,20149,2.81,37.99,BOB,13.54,0.00,03/08/2025 20:26:49,7298571510,S-001,Banexcoin Bolivia
6551,"03/08/2025 20:28:01, UTC -04:00",Completed,Sell,ElenaMoreno57Max,20149,5.61,75.99,BOB,13.55,0.00,03/08/2025 20:28:13,7298576990,S-001,Banexcoin Bolivia
6552,"03/08/2025 20:29:22, UTC -04:00",Completed,Sell,ElenaMoreno57Max,20149,5.61,75.99,BOB,13.54,0.00,03/08/2025 20:29:35,7298581940,S-001,Banexcoin Bolivia
6553,"03/08/2025 20:42:42, UTC -04:00",Completed,Sell,MariaPerez61Bo,20164,26.59,359.99,BOB,13.54,0.00,03/08/2025 20:42:56,7298629090,S-001,Banexcoin Bolivia
6554,"03/08/2025 20:43:17, UTC -04:00",Completed,Sell,MariaPerez61Bo,20164,26.60,359.99,BOB,13.54,0.00,03/08/2025 20:43:40,7298632060,S-001,Banexcoin Bolivia
6555,"03/08/2025 21:19:45, UTC -04:00",Completed,Sell,MariaPerez61Bo,20164,11.09,149.99,BOB,13.53,0.00,03/08/2025 21:19:58,7298753180,S-001,Banexcoin Bolivia
6556,"03/08/2025 21:21:23, UTC -04:00",Completed,Sell,MariaPerez61Bo,20164,26.61,359.99,BOB,13.53,0.00,03/08/2025 21:21:36,7298757630,S-001,Banexcoin Bolivia
6557,"03/08/2025 21:23:45, UTC -04:00",Completed,Sell,MariaPerez61Bo,20164,11.09,149.99,BOB,13.52,0.00,03/08/2025 21:23:56,7298764630,S-001,Banexcoin Bolivia
6558,"03/08/2025 21:25:32, UTC -04:00",Completed,Sell,MariaFlores93Max,10006,3.51,47.50,BOB,13.52,0.00,03/08/2025 21:25:52,7298770370,S-001,Banexcoin Bolivia
6559,"03/08/2025 21:31:26, UTC -04:00",Completed,Sell,MariaPerez61Bo,20164,11.10,149.99,BOB,13.52,0.00,03/08/2025 21:31:38,7298787480,S-001,Banexcoin Bolivia
6560,"03/08/2025 21:31:45, UTC -04:00",Completed,Sell,MariaPerez61Bo,20164,11.10,149.99,BOB,13.52,0.00,03/08/2025 21:31:56,7298788540,S-001,Banexcoin Bolivia
6561,"03/08/2025 21:32:14, UTC -04:00",Completed,Sell,MariaPerez61Bo,20164,26.63,359.99,BOB,13.52,0.00,03/08/2025 21:32:24,7298789790,S-001,Banexcoin Bolivia
6562,"03/08/2025 21:43:38, UTC -04:00",Completed,Sell,ElenaMoreno57Max,20149,26.62,359.99,BOB,13.52,0.00,03/08/2025 21:43:53,7298823210,S-001,Banexcoin Bolivia
6563,"03/08/2025 21:44:30, UTC -04:00",Completed,Sell,ElenaMoreno57Max,20149,26.62,359.99,BOB,13.52,0.00,03/08/2025 21:44:43,7298825410,S-001,Banexcoin Bolivia
6564,"03/08/2025 21:45:57, UTC -04:00",Completed,Sell,ElenaMoreno57Max,20149,11.09,149.99,BOB,13.53,0.00,03/08/2025 21:46:11,7298829520,S-001,Banexcoin Bolivia
6565,"03/08/2025 21:48:30, UTC -04:00",Completed,Sell,ElenaMoreno57Max,20149,1.70,22.99,BOB,13.53,0.00,03/08/2025 21:48:43,7298836760,S-001,Banexcoin Bolivia
6566,"03/08/2025 21:48:58, UTC -04:00",Completed,Sell,ElenaMoreno57Max,20149,1.70,22.99,BOB,13.53,0.00,03/08/2025 21:49:17,7298838400,S-001,Banexcoin Bolivia
6567,"03/08/2025 21:49:54, UTC -04:00",Completed,Sell,ElenaMoreno57Max,20149,5.62,75.99,BOB,13.53,0.00,03/08/2025 21:50:07,7298840760,S-001,Banexcoin Bolivia
6568,"03/08/2025 21:51:22, UTC -04:00",Completed,Sell,ElenaMoreno57Max,20149,5.62,75.99,BOB,13.52,0.00,03/08/2025 21:51:35,7298844720,S-001,Banexcoin Bolivia
6569,"03/08/2025 21:57:47, UTC -04:00",Completed,Sell,ElenaMoreno57Max,20149,11.09,149.99,BOB,13.52,0.00,03/08/2025 21:58:01,7298862190,S-001,Banexcoin Bolivia
6570,"03/08/2025 22:01:09, UTC -04:00",Completed,Sell,ElenaMoreno57Max,20149,11.09,149.99,BOB,13.52,0.00,03/08/2025 22:01:31,7298870750,S-001,Banexcoin Bolivia
6571,"03/08/2025 22:01:53, UTC -04:00",Completed,Sell,ElenaMoreno57Max,20149,11.09,149.99,BOB,13.52,0.00,03/08/2025 22:02:09,7298872210,S-001,Banexcoin Bolivia
6572,"03/08/2025 22:02:18, UTC -04:00",Completed,Sell,MariaPerez61Bo,20164,26.62,359.99,BOB,13.52,0.00,03/08/2025 22:02:31,7298873140,S-001,Banexcoin Bolivia
6573,"03/08/2025 22:03:02, UTC -04:00",Completed,Sell,ElenaMoreno57Max,20149,26.62,359.99,BOB,13.52,0.00,03/08/2025 22:03:15,7298874990,S-001,Banexcoin Bolivia
6574,"03/08/2025 22:12:30, UTC -04:00",Completed,Sell,ElenaMoreno57Max,20149,5.62,75.99,BOB,13.53,0.00,03/08/2025 22:12:42,7298899630,S-001,Banexcoin Bolivia
6575,"03/08/2025 22:37:54, UTC -04:00",Completed,Sell,MariaPerez61Bo,20164,5.62,75.99,BOB,13.53,0.00,03/08/2025 22:38:07,7298958610,S-001,Banexcoin Bolivia
6576,"03/08/2025 22:42:00, UTC -04:00",Completed,Sell,LuisSoto61Pe,20125,25.40,343.75,BOB,13.53,0.00,03/08/2025 22:42:15,7298967230,S-001,Banexcoin Bolivia
6577,"03/08/2025 22:51:41, UTC -04:00",Completed,Sell,ElenaMoreno57Max,20149,5.62,75.99,BOB,13.53,0.00,03/08/2025 22:52:06,7298986590,S-001,Banexcoin Bolivia
6578,"03/08/2025 22:52:56, UTC -04:00",Completed,Sell,ElenaMoreno57Max,20149,2.81,37.99,BOB,13.54,0.00,03/08/2025 22:53:08,7298988460,S-001,Banexcoin Bolivia
6579,"03/08/2025 23:03:09, UTC -04:00",Completed,Sell,JoseMendoza542025,20200,6.50,88.00,BOB,13.54,0.00,03/08/2025 23:03:22,7299005900,S-001,Banexcoin Bolivia
6580,"03/08/2025 23:05:10, UTC -04:00",Completed,Sell,JoseMendoza542025,20200,0.74,10.00,BOB,13.54,0.00,03/08/2025 23:05:24,7299009330,S-001,Banexcoin Bolivia
6581,"03/08/2025 23:25:11, UTC -04:00",Completed,Sell,LuisSoto61Pe,20125,1.18,16.00,BOB,13.54,0.00,03/08/2025 23:26:19,7299039790,S-001,Banexcoin Bolivia
6582,"03/08/2025 23:52:57, UTC -04:00",Completed,Sell,MariaPerez61Bo,20164,26.58,359.99,BOB,13.54,0.00,03/08/2025 23:53:10,7299070380,S-001,Banexcoin Bolivia
6584,"04/08/2025 00:05:27, UTC -04:00",Completed,Sell,MariaPerez61Bo,20164,26.59,359.99,BOB,13.54,0.00,04/08/2025 00:06:13,7299077170,S-001,Banexcoin Bolivia
6585,"04/08/2025 00:24:48, UTC -04:00",Completed,Sell,ElenaMoreno57Max,20149,11.09,149.99,BOB,13.52,0.00,04/08/2025 00:25:00,7299091870,S-001,Banexcoin Bolivia
6586,"04/08/2025 00:26:53, UTC -04:00",Completed,Sell,ElenaMoreno57Max,20149,5.62,75.99,BOB,13.52,0.00,04/08/2025 00:27:06,7299093070,S-001,Banexcoin Bolivia
6587,"04/08/2025 00:48:14, UTC -04:00",Completed,Sell,MariaPerez61Bo,20164,26.64,359.99,BOB,13.51,0.00,04/08/2025 00:48:43,7299106290,S-001,Banexcoin Bolivia
6588,"04/08/2025 00:49:07, UTC -04:00",Completed,Sell,MariaPerez61Bo,20164,11.10,149.99,BOB,13.51,0.00,04/08/2025 00:49:25,7299106650,S-001,Banexcoin Bolivia
6589,"04/08/2025 01:05:40, UTC -04:00",Completed,Sell,MariaPerez61Bo,20164,5.63,75.99,BOB,13.50,0.00,04/08/2025 01:05:58,7299115350,S-001,Banexcoin Bolivia
6590,"04/08/2025 01:44:59, UTC -04:00",Completed,Sell,MariaPerez61Bo,20164,11.12,149.99,BOB,13.49,0.00,04/08/2025 01:45:11,7299130950,S-001,Banexcoin Bolivia
6591,"04/08/2025 01:45:39, UTC -04:00",Completed,Sell,MariaPerez61Bo,20164,5.63,75.99,BOB,13.49,0.00,04/08/2025 01:46:10,7299131280,S-001,Banexcoin Bolivia
6592,"04/08/2025 01:55:48, UTC -04:00",Completed,Sell,MariaPerez61Bo,20164,26.67,359.99,BOB,13.50,0.00,04/08/2025 01:56:26,7299134180,S-001,Banexcoin Bolivia
6593,"04/08/2025 01:56:58, UTC -04:00",Completed,Sell,MariaPerez61Bo,20164,11.11,149.99,BOB,13.50,0.00,04/08/2025 01:57:10,7299134370,S-001,Banexcoin Bolivia
6594,"04/08/2025 02:27:12, UTC -04:00",Completed,Sell,MariaPerez61Bo,20164,11.14,149.99,BOB,13.46,0.00,04/08/2025 02:27:29,7299142360,S-001,Banexcoin Bolivia
6596,"04/08/2025 08:23:26, UTC -04:00",Completed,Sell,SandraRamirez19Ec,20063,76.59,"1,037.00",BOB,13.54,0.00,04/08/2025 08:23:43,7299379840,S-001,Banexcoin Bolivia
6597,"04/08/2025 08:31:17, UTC -04:00",Completed,Sell,GloriaPerez54Pro,20030,1.11,15.00,BOB,13.53,0.00,04/08/2025 08:31:40,7299404330,S-001,Banexcoin Bolivia
6598,"04/08/2025 09:01:32, UTC -04:00",Completed,Sell,FernandoCampos72123,20202,73.95,"1,000.00",BOB,13.52,0.00,04/08/2025 09:01:51,7299508310,S-001,Banexcoin Bolivia
6599,"04/08/2025 10:11:33, UTC -04:00",Completed,Sell,GabrielDiaz59Cl,20190,0.22,3.00,BOB,13.53,0.00,04/08/2025 10:11:50,7299804510,S-001,Banexcoin Bolivia
6600,"04/08/2025 10:13:43, UTC -04:00",Completed,Sell,IsabelMunoz76Max,20141,44.35,600.00,BOB,13.53,0.00,04/08/2025 10:14:14,7299815750,S-001,Banexcoin Bolivia
6603,"04/08/2025 10:32:42, UTC -04:00",Completed,Sell,ElenaMoreno57Max,20149,1.70,22.99,BOB,13.52,0.00,04/08/2025 10:33:09,7299905430,S-001,Banexcoin Bolivia
6604,"04/08/2025 10:35:56, UTC -04:00",Completed,Sell,ElenaMoreno57Max,20149,26.63,359.99,BOB,13.52,0.00,04/08/2025 10:36:09,7299918470,S-001,Banexcoin Bolivia
6605,"04/08/2025 10:36:28, UTC -04:00",Completed,Sell,ElenaMoreno57Max,20149,26.62,359.99,BOB,13.52,0.00,04/08/2025 10:36:41,7299920320,S-001,Banexcoin Bolivia
6606,"04/08/2025 10:36:58, UTC -04:00",Completed,Sell,ElenaMoreno57Max,20149,26.62,359.99,BOB,13.52,0.00,04/08/2025 10:37:21,7299925320,S-001,Banexcoin Bolivia
6607,"04/08/2025 10:37:32, UTC -04:00",Completed,Sell,ElenaMoreno57Max,20149,26.62,359.99,BOB,13.52,0.00,04/08/2025 10:37:45,7299928250,S-001,Banexcoin Bolivia
6608,"04/08/2025 10:38:07, UTC -04:00",Completed,Sell,ElenaMoreno57Max,20149,26.63,359.99,BOB,13.52,0.00,04/08/2025 10:38:23,7299931380,S-001,Banexcoin Bolivia
6609,"04/08/2025 10:38:55, UTC -04:00",Completed,Sell,ElenaMoreno57Max,20149,26.63,359.99,BOB,13.52,0.00,04/08/2025 10:39:27,7299935460,S-001,Banexcoin Bolivia
6610,"04/08/2025 10:40:25, UTC -04:00",Completed,Sell,ElenaMoreno57Max,20149,26.61,359.99,BOB,13.53,0.00,04/08/2025 10:40:35,1665970100,S-001,Banexcoin Bolivia
6612,"04/08/2025 10:41:15, UTC -04:00",Completed,Sell,ElenaMoreno57Max,20149,26.61,359.99,BOB,13.53,0.00,04/08/2025 10:41:34,7299946920,S-001,Banexcoin Bolivia
6613,"04/08/2025 10:42:04, UTC -04:00",Completed,Sell,ElenaMoreno57Max,20149,26.61,359.99,BOB,13.53,0.00,04/08/2025 10:42:32,7299951020,S-001,Banexcoin Bolivia
6614,"04/08/2025 10:43:01, UTC -04:00",Completed,Sell,ElenaMoreno57Max,20149,26.61,359.99,BOB,13.53,0.00,04/08/2025 10:43:18,7299954270,S-001,Banexcoin Bolivia
6615,"04/08/2025 10:43:46, UTC -04:00",Completed,Sell,ElenaMoreno57Max,20149,26.61,359.99,BOB,13.53,0.00,04/08/2025 10:44:06,7299958350,S-001,Banexcoin Bolivia
6616,"04/08/2025 10:44:27, UTC -04:00",Completed,Sell,ElenaMoreno57Max,20149,26.61,359.99,BOB,13.53,0.00,04/08/2025 10:44:42,7299962190,S-001,Banexcoin Bolivia
6617,"04/08/2025 10:47:15, UTC -04:00",Completed,Sell,ElenaMoreno57Max,20149,11.09,149.99,BOB,13.52,0.00,04/08/2025 10:47:28,7299975000,S-001,Banexcoin Bolivia
6618,"04/08/2025 10:49:28, UTC -04:00",Completed,Sell,ElenaMoreno57Max,20149,26.63,359.99,BOB,13.52,0.00,04/08/2025 10:49:42,7299985990,S-001,Banexcoin Bolivia
6619,"04/08/2025 10:50:43, UTC -04:00",Completed,Sell,ElenaMoreno57Max,20149,2.81,37.99,BOB,13.52,0.00,04/08/2025 10:50:58,7299990310,S-001,Banexcoin Bolivia
6620,"04/08/2025 10:52:23, UTC -04:00",Completed,Sell,ElenaMoreno57Max,20149,0.55,7.49,BOB,13.52,0.00,04/08/2025 10:52:38,7299999020,S-001,Banexcoin Bolivia
6621,"04/08/2025 10:55:10, UTC -04:00",Completed,Sell,ElenaMoreno57Max,20149,1.70,22.99,BOB,13.52,0.00,04/08/2025 10:55:28,7300010850,S-001,Banexcoin Bolivia
6622,"04/08/2025 10:56:07, UTC -04:00",Completed,Sell,ElenaMoreno57Max,20149,2.81,37.99,BOB,13.52,0.00,04/08/2025 10:56:20,7300014770,S-001,Banexcoin Bolivia
6623,"04/08/2025 11:16:43, UTC -04:00",Completed,Sell,AnaSerrano45Ar,20158,0.44,6.00,BOB,13.53,0.00,04/08/2025 11:17:05,7300121620,S-001,Banexcoin Bolivia
6624,"04/08/2025 11:20:56, UTC -04:00",Completed,Sell,MariaPerez61Bo,20164,11.09,149.99,BOB,13.52,0.00,04/08/2025 11:21:09,7300143140,S-001,Banexcoin Bolivia
6626,"04/08/2025 11:23:05, UTC -04:00",Completed,Sell,MariaPerez61Bo,20164,11.09,149.99,BOB,13.53,0.00,04/08/2025 11:23:17,7300154500,S-001,Banexcoin Bolivia
6627,"04/08/2025 11:28:52, UTC -04:00",Completed,Sell,MariaPerez61Bo,20164,5.62,75.99,BOB,13.53,0.00,04/08/2025 11:29:34,7300186320,S-001,Banexcoin Bolivia
6628,"04/08/2025 11:43:39, UTC -04:00",Completed,Sell,ElenaMoreno57Max,20149,2.81,37.99,BOB,13.53,0.00,04/08/2025 11:43:52,7300261610,S-001,Banexcoin Bolivia
6630,"04/08/2025 12:17:15, UTC -04:00",Completed,Sell,MariaPerez61Bo,20164,26.61,359.99,BOB,13.53,0.00,04/08/2025 12:17:58,7300447660,S-001,Banexcoin Bolivia
6631,"04/08/2025 12:19:52, UTC -04:00",Completed,Sell,MariaPerez61Bo,20164,11.08,149.99,BOB,13.53,0.00,04/08/2025 12:20:06,7300461850,S-001,Banexcoin Bolivia
6632,"04/08/2025 12:26:24, UTC -04:00",Completed,Sell,AndresVega17Pro,10086,221.73,"3,000.00",BOB,13.53,0.00,04/08/2025 12:26:38,7300500050,S-001,Banexcoin Bolivia
6633,"04/08/2025 12:27:39, UTC -04:00",Completed,Sell,ElenaPerez81Ec,20199,2.44,33.00,BOB,13.53,0.00,04/08/2025 12:27:56,7300507290,S-001,Banexcoin Bolivia
6634,"04/08/2025 12:48:21, UTC -04:00",Completed,Sell,ElenaMoreno57Max,20149,26.63,359.99,BOB,13.52,0.00,04/08/2025 12:49:15,7300631340,S-001,Banexcoin Bolivia
6635,"04/08/2025 12:50:47, UTC -04:00",Completed,Sell,ElenaMoreno57Max,20149,26.63,359.99,BOB,13.52,0.00,04/08/2025 12:51:03,7300643310,S-001,Banexcoin Bolivia
6636,"04/08/2025 13:03:34, UTC -04:00",Completed,Sell,MariaPerez61Bo,20164,11.10,149.99,BOB,13.51,0.00,04/08/2025 13:03:48,7300716980,S-001,Banexcoin Bolivia
6637,"04/08/2025 13:04:27, UTC -04:00",Completed,Sell,MariaPerez61Bo,20164,11.10,149.99,BOB,13.51,0.00,04/08/2025 13:05:12,7300724220,S-001,Banexcoin Bolivia
6638,"04/08/2025 13:05:18, UTC -04:00",Completed,Sell,MariaPerez61Bo,20164,26.64,359.99,BOB,13.51,0.00,04/08/2025 13:05:50,7300728070,S-001,Banexcoin Bolivia
6639,"04/08/2025 13:06:42, UTC -04:00",Completed,Sell,MariaPerez61Bo,20164,5.62,75.99,BOB,13.51,0.00,04/08/2025 13:06:54,7300734040,S-001,Banexcoin Bolivia
6640,"04/08/2025 13:07:32, UTC -04:00",Completed,Sell,MariaPerez61Bo,20164,5.63,75.99,BOB,13.51,0.00,04/08/2025 13:08:12,7300741230,S-001,Banexcoin Bolivia
6641,"04/08/2025 13:10:44, UTC -04:00",Completed,Sell,MariaPerez61Bo,20164,11.11,149.99,BOB,13.50,0.00,04/08/2025 13:12:12,7300763440,S-001,Banexcoin Bolivia
6642,"04/08/2025 13:12:20, UTC -04:00",Completed,Sell,MariaPerez61Bo,20164,11.11,149.99,BOB,13.50,0.00,04/08/2025 13:12:32,7300765670,S-001,Banexcoin Bolivia
6643,"04/08/2025 13:13:37, UTC -04:00",Completed,Sell,MariaPerez61Bo,20164,11.11,149.99,BOB,13.50,0.00,04/08/2025 13:13:50,7300773210,S-001,Banexcoin Bolivia
6644,"04/08/2025 13:14:24, UTC -04:00",Completed,Sell,MariaPerez61Bo,20164,11.11,149.99,BOB,13.50,0.00,04/08/2025 13:14:40,7300777570,S-001,Banexcoin Bolivia
6645,"04/08/2025 13:19:20, UTC -04:00",Completed,Sell,AndresVega17Pro,10086,133.38,"1,800.00",BOB,13.50,0.00,04/08/2025 13:19:34,7300803290,S-001,Banexcoin Bolivia
6646,"04/08/2025 13:20:41, UTC -04:00",Completed,Sell,MariaPerez61Bo,20164,11.12,149.99,BOB,13.49,0.00,04/08/2025 13:20:55,7300810510,S-001,Banexcoin Bolivia
6647,"04/08/2025 13:22:10, UTC -04:00",Completed,Sell,MariaPerez61Bo,20164,11.12,149.99,BOB,13.48,0.00,04/08/2025 13:22:29,7300818690,S-001,Banexcoin Bolivia
6648,"04/08/2025 13:22:34, UTC -04:00",Completed,Sell,AndresVega17Pro,10086,22.25,300.00,BOB,13.48,0.00,04/08/2025 13:22:47,7300820400,S-001,Banexcoin Bolivia
6649,"04/08/2025 13:22:35, UTC -04:00",Completed,Sell,ElenaMoreno57Max,20149,11.12,149.99,BOB,13.48,0.00,04/08/2025 13:22:55,7300821100,S-001,Banexcoin Bolivia
6650,"04/08/2025 13:23:12, UTC -04:00",Completed,Sell,ElenaMoreno57Max,20149,26.70,359.99,BOB,13.48,0.00,04/08/2025 13:23:27,7300823880,S-001,Banexcoin Bolivia
6651,"04/08/2025 13:24:44, UTC -04:00",Completed,Sell,ElenaMoreno57Max,20149,1.70,22.99,BOB,13.49,0.00,04/08/2025 13:24:59,7300832220,S-001,Banexcoin Bolivia
6652,"04/08/2025 13:25:19, UTC -04:00",Completed,Sell,MariaPerez61Bo,20164,1.70,22.99,BOB,13.49,0.00,04/08/2025 13:25:33,7300835050,S-001,Banexcoin Bolivia
6653,"04/08/2025 13:25:51, UTC -04:00",Completed,Sell,ElenaMoreno57Max,20149,2.82,37.99,BOB,13.49,0.00,04/08/2025 13:26:05,7300837730,S-001,Banexcoin Bolivia
6654,"04/08/2025 13:26:54, UTC -04:00",Completed,Sell,ElenaMoreno57Max,20149,2.82,37.99,BOB,13.49,0.00,04/08/2025 13:27:07,7300842700,S-001,Banexcoin Bolivia
6655,"04/08/2025 13:27:23, UTC -04:00",Completed,Sell,ElenaMoreno57Max,20149,1.70,22.99,BOB,13.49,0.00,04/08/2025 13:27:37,7300845330,S-001,Banexcoin Bolivia
6656,"04/08/2025 13:28:05, UTC -04:00",Completed,Sell,ElenaMoreno57Max,20149,11.12,149.99,BOB,13.49,0.00,04/08/2025 13:28:19,7300848870,S-001,Banexcoin Bolivia
6657,"04/08/2025 13:28:42, UTC -04:00",Completed,Sell,ElenaMoreno57Max,20149,5.63,75.99,BOB,13.49,0.00,04/08/2025 13:28:55,7300852040,S-001,Banexcoin Bolivia
6661,"04/08/2025 13:35:24, UTC -04:00",Completed,Sell,MariaPerez61Bo,20164,26.74,359.99,BOB,13.46,0.00,04/08/2025 13:35:45,7300887140,S-001,Banexcoin Bolivia
6662,"04/08/2025 13:36:28, UTC -04:00",Completed,Sell,MariaPerez61Bo,20164,26.74,359.99,BOB,13.46,0.00,04/08/2025 13:36:43,7300892300,S-001,Banexcoin Bolivia
6666,"04/08/2025 14:00:21, UTC -04:00",Completed,Sell,CristinaLeon18456,20086,0.37,5.00,BOB,13.46,0.00,04/08/2025 14:01:00,7301013740,S-001,Banexcoin Bolivia
6667,"04/08/2025 14:09:24, UTC -04:00",Completed,Sell,MariaPerez61Bo,20164,11.15,149.99,BOB,13.46,0.00,04/08/2025 14:09:39,7301053620,S-001,Banexcoin Bolivia
6668,"04/08/2025 14:10:29, UTC -04:00",Completed,Sell,MariaPerez61Bo,20164,26.75,359.99,BOB,13.46,0.00,04/08/2025 14:10:41,7301058190,S-001,Banexcoin Bolivia
6669,"04/08/2025 14:13:27, UTC -04:00",Completed,Sell,MariaPerez61Bo,20164,26.77,359.99,BOB,13.45,0.00,04/08/2025 14:13:41,7301073930,S-001,Banexcoin Bolivia
6670,"04/08/2025 14:14:02, UTC -04:00",Completed,Sell,MariaPerez61Bo,20164,26.77,359.99,BOB,13.45,0.00,04/08/2025 14:14:15,7301076700,S-001,Banexcoin Bolivia
6671,"04/08/2025 14:14:30, UTC -04:00",Completed,Sell,MariaPerez61Bo,20164,26.78,359.99,BOB,13.44,0.00,04/08/2025 14:14:43,7301079060,S-001,Banexcoin Bolivia
6672,"04/08/2025 14:30:44, UTC -04:00",Completed,Sell,MariaPerez61Bo,20164,11.15,149.99,BOB,13.45,0.00,04/08/2025 14:30:58,7301160940,S-001,Banexcoin Bolivia
6673,"04/08/2025 14:32:15, UTC -04:00",Completed,Sell,MariaPerez61Bo,20164,1.71,22.99,BOB,13.44,0.00,04/08/2025 14:32:28,7301168910,S-001,Banexcoin Bolivia
6674,"04/08/2025 14:33:47, UTC -04:00",Completed,Sell,MariaPerez61Bo,20164,11.16,149.99,BOB,13.44,0.00,04/08/2025 14:34:00,7301176670,S-001,Banexcoin Bolivia
6675,"04/08/2025 14:48:52, UTC -04:00",Completed,Sell,PatriciaVega32Ec,20186,0.58,7.82,BOB,13.44,0.00,04/08/2025 14:49:53,7301256620,S-001,Banexcoin Bolivia
6676,"04/08/2025 15:23:19, UTC -04:00",Completed,Sell,AnaSerrano45Ar,20158,0.52,7.00,BOB,13.45,0.00,04/08/2025 15:23:34,7301427470,S-001,Banexcoin Bolivia
6678,"04/08/2025 15:51:31, UTC -04:00",Completed,Sell,MariaPerez61Bo,20164,11.14,149.99,BOB,13.46,0.00,04/08/2025 15:51:55,7301573010,S-001,Banexcoin Bolivia
6679,"04/08/2025 15:52:10, UTC -04:00",Completed,Sell,MariaPerez61Bo,20164,5.64,75.99,BOB,13.47,0.00,04/08/2025 15:52:25,7301575760,S-001,Banexcoin Bolivia
6680,"04/08/2025 15:53:24, UTC -04:00",Completed,Sell,IsabelMunoz76Max,20141,6.68,90.00,BOB,13.47,0.00,04/08/2025 15:53:55,7301583400,S-001,Banexcoin Bolivia
6681,"04/08/2025 16:01:44, UTC -04:00",Completed,Sell,JoseMendoza542025,20200,12.02,162.00,BOB,13.47,0.00,04/08/2025 16:01:58,7301624850,S-001,Banexcoin Bolivia
6682,"04/08/2025 16:12:06, UTC -04:00",Completed,Sell,ElenaMoreno57Max,20149,1.71,22.99,BOB,13.47,0.00,04/08/2025 16:12:20,7301678380,S-001,Banexcoin Bolivia
6683,"04/08/2025 16:12:51, UTC -04:00",Completed,Sell,ElenaMoreno57Max,20149,5.64,75.99,BOB,13.47,0.00,04/08/2025 16:13:04,7301682200,S-001,Banexcoin Bolivia
6684,"04/08/2025 16:13:30, UTC -04:00",Completed,Sell,ElenaMoreno57Max,20149,1.71,22.99,BOB,13.47,0.00,04/08/2025 16:13:44,7301685490,S-001,Banexcoin Bolivia
6685,"04/08/2025 16:15:04, UTC -04:00",Completed,Sell,ElenaMoreno57Max,20149,2.82,37.99,BOB,13.47,0.00,04/08/2025 16:15:16,7301693560,S-001,Banexcoin Bolivia
6687,"04/08/2025 16:23:01, UTC -04:00",Completed,Sell,ElenaMoreno57Max,20149,26.70,359.99,BOB,13.48,0.00,04/08/2025 16:23:15,7301732600,S-001,Banexcoin Bolivia
6688,"04/08/2025 16:24:02, UTC -04:00",Completed,Sell,ElenaMoreno57Max,20149,5.64,75.99,BOB,13.48,0.00,04/08/2025 16:24:19,7301737370,S-001,Banexcoin Bolivia
6690,"04/08/2025 17:10:08, UTC -04:00",Completed,Sell,ElenaMoreno57Max,20149,5.65,75.99,BOB,13.45,0.00,04/08/2025 17:10:25,7301949820,S-001,Banexcoin Bolivia
6692,"04/08/2025 17:32:50, UTC -04:00",Completed,Sell,ClaudiaMedina11Pro,20008,74.32,"1,000.00",BOB,13.46,0.00,04/08/2025 17:34:26,7302036560,S-001,Banexcoin Bolivia
6693,"04/08/2025 17:39:25, UTC -04:00",Completed,Sell,ElenaMoreno57Max,20149,26.74,359.99,BOB,13.46,0.00,04/08/2025 17:40:16,7302055490,S-001,Banexcoin Bolivia
6695,"04/08/2025 18:05:19, UTC -04:00",Completed,Sell,MariaPerez61Bo,20164,11.15,149.99,BOB,13.45,0.00,04/08/2025 18:05:31,7302186580,S-001,Banexcoin Bolivia
6696,"04/08/2025 18:06:48, UTC -04:00",Completed,Sell,MariaPerez61Bo,20164,26.77,359.99,BOB,13.45,0.00,04/08/2025 18:06:59,7302194520,S-001,Banexcoin Bolivia
6697,"04/08/2025 18:08:52, UTC -04:00",Completed,Sell,CristinaLeon18456,20086,100.38,"1,350.00",BOB,13.45,0.00,04/08/2025 18:09:13,7302206620,S-001,Banexcoin Bolivia
6698,"04/08/2025 18:10:01, UTC -04:00",Completed,Sell,MariaPerez61Bo,20164,26.78,359.99,BOB,13.44,0.00,04/08/2025 18:10:20,7302212490,S-001,Banexcoin Bolivia
6700,"04/08/2025 18:54:48, UTC -04:00",Completed,Sell,MariaPerez61Bo,20164,5.65,75.99,BOB,13.44,0.00,04/08/2025 18:55:01,7302465210,S-001,Banexcoin Bolivia
6701,"04/08/2025 19:00:12, UTC -04:00",Completed,Sell,ElenaMoreno57Max,20149,26.79,359.99,BOB,13.44,0.00,04/08/2025 19:00:32,7302493850,S-001,Banexcoin Bolivia
6702,"04/08/2025 19:01:02, UTC -04:00",Completed,Sell,ElenaMoreno57Max,20149,11.16,149.99,BOB,13.44,0.00,04/08/2025 19:01:16,7302497820,S-001,Banexcoin Bolivia
6703,"04/08/2025 19:02:52, UTC -04:00",Completed,Sell,ElenaMoreno57Max,20149,11.16,149.99,BOB,13.44,0.00,04/08/2025 19:03:06,7302507170,S-001,Banexcoin Bolivia
6704,"04/08/2025 19:03:53, UTC -04:00",Completed,Sell,ElenaMoreno57Max,20149,1.71,22.99,BOB,13.44,0.00,04/08/2025 19:04:08,7302512340,S-001,Banexcoin Bolivia
6705,"04/08/2025 19:04:40, UTC -04:00",Completed,Sell,ElenaMoreno57Max,20149,2.83,37.99,BOB,13.44,0.00,04/08/2025 19:04:54,7302516500,S-001,Banexcoin Bolivia
6706,"04/08/2025 19:05:10, UTC -04:00",Completed,Sell,ElenaMoreno57Max,20149,5.65,75.99,BOB,13.44,0.00,04/08/2025 19:05:30,7302519680,S-001,Banexcoin Bolivia
6707,"04/08/2025 19:05:45, UTC -04:00",Completed,Sell,ElenaMoreno57Max,20149,1.71,22.99,BOB,13.44,0.00,04/08/2025 19:06:06,7302522630,S-001,Banexcoin Bolivia
6708,"04/08/2025 19:06:07, UTC -04:00",Completed,Sell,SandraGomez46Es,20034,2.79,37.50,BOB,13.44,0.00,04/08/2025 19:06:42,7302525610,S-001,Banexcoin Bolivia
6709,"04/08/2025 19:06:51, UTC -04:00",Completed,Sell,ElenaMoreno57Max,20149,5.65,75.99,BOB,13.44,0.00,04/08/2025 19:07:04,7302527640,S-001,Banexcoin Bolivia
6710,"04/08/2025 19:08:05, UTC -04:00",Completed,Sell,ElenaMoreno57Max,20149,0.56,7.49,BOB,13.44,0.00,04/08/2025 19:08:32,7302535800,S-001,Banexcoin Bolivia
6711,"04/08/2025 19:09:52, UTC -04:00",Completed,Sell,SandraGomez46Es,20034,1.94,26.10,BOB,13.44,0.00,04/08/2025 19:10:22,7302545660,S-001,Banexcoin Bolivia
6712,"04/08/2025 19:10:27, UTC -04:00",Completed,Sell,ElenaMoreno57Max,20149,11.16,149.99,BOB,13.44,0.00,04/08/2025 19:10:40,7302547390,S-001,Banexcoin Bolivia
6713,"04/08/2025 19:16:59, UTC -04:00",Completed,Sell,MariaPerez61Bo,20164,26.76,359.99,BOB,13.45,0.00,04/08/2025 19:17:12,7302581550,S-001,Banexcoin Bolivia
6715,"04/08/2025 19:17:46, UTC -04:00",Completed,Sell,MariaPerez61Bo,20164,26.76,359.99,BOB,13.45,0.00,04/08/2025 19:17:58,7302585560,S-001,Banexcoin Bolivia
6722,"04/08/2025 19:22:53, UTC -04:00",Completed,Sell,ElenaMoreno57Max,20149,2.82,37.99,BOB,13.45,0.00,04/08/2025 19:23:07,7302611950,S-001,Banexcoin Bolivia
6724,"04/08/2025 19:25:06, UTC -04:00",Completed,Sell,ElenaMoreno57Max,20149,11.15,149.99,BOB,13.45,0.00,04/08/2025 19:25:21,7302622840,S-001,Banexcoin Bolivia
6725,"04/08/2025 19:27:52, UTC -04:00",Completed,Sell,ElenaMoreno57Max,20149,0.56,7.49,BOB,13.45,0.00,04/08/2025 19:28:05,7302637090,S-001,Banexcoin Bolivia
6727,"04/08/2025 19:35:08, UTC -04:00",Completed,Sell,LuisSoto61Pe,20125,1.12,15.00,BOB,13.45,0.00,04/08/2025 19:35:23,7302674570,S-001,Banexcoin Bolivia
6728,"04/08/2025 19:35:09, UTC -04:00",Completed,Sell,RosaCampos83Ar,20038,1.00,13.45,BOB,13.45,0.00,04/08/2025 19:35:31,7302675260,S-001,Banexcoin Bolivia
6732,"04/08/2025 19:41:47, UTC -04:00",Completed,Sell,MariaPerez61Bo,20164,26.78,359.99,BOB,13.44,0.00,04/08/2025 19:42:00,7302707250,S-001,Banexcoin Bolivia
6735,"04/08/2025 20:08:58, UTC -04:00",Completed,Sell,ElenaMoreno57Max,20149,26.81,359.99,BOB,13.43,0.00,04/08/2025 20:09:15,7302857210,S-001,Banexcoin Bolivia
6737,"04/08/2025 20:11:35, UTC -04:00",Completed,Sell,ElenaMoreno57Max,20149,1.71,22.99,BOB,13.41,0.00,04/08/2025 20:11:53,7302869600,S-001,Banexcoin Bolivia
6738,"04/08/2025 20:12:50, UTC -04:00",Completed,Sell,ElenaMoreno57Max,20149,2.83,37.99,BOB,13.41,0.00,04/08/2025 20:13:17,7302876200,S-001,Banexcoin Bolivia
6739,"04/08/2025 20:13:57, UTC -04:00",Completed,Sell,ElenaMoreno57Max,20149,5.67,75.99,BOB,13.41,0.00,04/08/2025 20:14:35,7302881870,S-001,Banexcoin Bolivia
6741,"04/08/2025 20:15:02, UTC -04:00",Completed,Sell,LuisSoto61Pe,20125,3.80,51.00,BOB,13.42,0.00,04/08/2025 20:15:15,7302885180,S-001,Banexcoin Bolivia
6748,"04/08/2025 20:38:18, UTC -04:00",Completed,Sell,ElenaMoreno57Max,20149,26.82,359.99,BOB,13.42,0.00,04/08/2025 20:38:32,7302995060,S-001,Banexcoin Bolivia
6749,"04/08/2025 20:39:13, UTC -04:00",Completed,Sell,ElenaMoreno57Max,20149,1.71,22.99,BOB,13.42,0.00,04/08/2025 20:39:24,7302999150,S-001,Banexcoin Bolivia
6753,"04/08/2025 20:40:58, UTC -04:00",Completed,Sell,ElenaMoreno57Max,20149,0.56,7.49,BOB,13.42,0.00,04/08/2025 20:41:10,7303007860,S-001,Banexcoin Bolivia
6755,"04/08/2025 20:41:51, UTC -04:00",Completed,Sell,ElenaMoreno57Max,20149,11.18,149.99,BOB,13.42,0.00,04/08/2025 20:42:04,7303012370,S-001,Banexcoin Bolivia
6756,"04/08/2025 20:43:59, UTC -04:00",Completed,Sell,ElenaMoreno57Max,20149,1.71,22.99,BOB,13.42,0.00,04/08/2025 20:44:24,7303022820,S-001,Banexcoin Bolivia
6757,"04/08/2025 20:45:16, UTC -04:00",Completed,Sell,ElenaMoreno57Max,20149,2.83,37.99,BOB,13.42,0.00,04/08/2025 20:45:28,7303027390,S-001,Banexcoin Bolivia
6758,"04/08/2025 20:45:36, UTC -04:00",Completed,Sell,ElenaMoreno57Max,20149,1.71,22.99,BOB,13.42,0.00,04/08/2025 20:45:50,7303028920,S-001,Banexcoin Bolivia
6759,"04/08/2025 20:46:13, UTC -04:00",Completed,Sell,ElenaMoreno57Max,20149,11.17,149.99,BOB,13.42,0.00,04/08/2025 20:46:26,7303031560,S-001,Banexcoin Bolivia
6760,"04/08/2025 20:46:54, UTC -04:00",Completed,Sell,ElenaMoreno57Max,20149,5.66,75.99,BOB,13.42,0.00,04/08/2025 20:47:10,7303035050,S-001,Banexcoin Bolivia
6761,"04/08/2025 20:47:48, UTC -04:00",Completed,Sell,ElenaMoreno57Max,20149,26.82,359.99,BOB,13.42,0.00,04/08/2025 20:48:00,7303038930,S-001,Banexcoin Bolivia
6762,"04/08/2025 20:56:19, UTC -04:00",Completed,Sell,MonicaSoto952025,20133,0.45,6.00,BOB,13.43,0.00,04/08/2025 20:56:37,7303075080,S-001,Banexcoin Bolivia
6763,"04/08/2025 21:26:05, UTC -04:00",Completed,Sell,ElenaMoreno57Max,20149,26.79,359.99,BOB,13.44,0.00,04/08/2025 21:26:20,7303193750,S-001,Banexcoin Bolivia
6765,"04/08/2025 21:27:28, UTC -04:00",Completed,Sell,ElenaMoreno57Max,20149,2.83,37.99,BOB,13.44,0.00,04/08/2025 21:27:42,7303198760,S-001,Banexcoin Bolivia
6766,"04/08/2025 21:28:29, UTC -04:00",Completed,Sell,ElenaMoreno57Max,20149,26.79,359.99,BOB,13.44,0.00,04/08/2025 21:29:00,7303203850,S-001,Banexcoin Bolivia
6767,"04/08/2025 21:29:13, UTC -04:00",Completed,Sell,ElenaMoreno57Max,20149,26.79,359.99,BOB,13.44,0.00,04/08/2025 21:29:24,7303205210,S-001,Banexcoin Bolivia
6768,"04/08/2025 21:29:44, UTC -04:00",Completed,Sell,ElenaMoreno57Max,20149,26.79,359.99,BOB,13.44,0.00,04/08/2025 21:29:56,7303207180,S-001,Banexcoin Bolivia
6770,"04/08/2025 21:33:39, UTC -04:00",Completed,Sell,ElenaMoreno57Max,20149,0.56,7.49,BOB,13.44,0.00,04/08/2025 21:33:50,7303221480,S-001,Banexcoin Bolivia
6771,"04/08/2025 21:34:02, UTC -04:00",Completed,Sell,ElenaMoreno57Max,20149,0.56,7.49,BOB,13.44,0.00,04/08/2025 21:34:20,7303223500,S-001,Banexcoin Bolivia
6774,"04/08/2025 21:42:25, UTC -04:00",Completed,Sell,ElenaMoreno57Max,20149,5.66,75.99,BOB,13.44,0.00,04/08/2025 21:42:39,7303253250,S-001,Banexcoin Bolivia
6775,"04/08/2025 21:44:08, UTC -04:00",Completed,Sell,MariaPerez61Bo,20164,26.79,359.99,BOB,13.44,0.00,04/08/2025 21:44:19,7303259010,S-001,Banexcoin Bolivia
6776,"04/08/2025 21:44:28, UTC -04:00",Completed,Sell,MariaPerez61Bo,20164,26.79,359.99,BOB,13.44,0.00,04/08/2025 21:44:41,7303260090,S-001,Banexcoin Bolivia
6777,"04/08/2025 21:52:57, UTC -04:00",Completed,Sell,ElenaMoreno57Max,20149,26.79,359.99,BOB,13.44,0.00,04/08/2025 21:53:13,7303287890,S-001,Banexcoin Bolivia
6778,"04/08/2025 21:53:39, UTC -04:00",Completed,Sell,MariaPerez61Bo,20164,26.79,359.99,BOB,13.44,0.00,04/08/2025 21:53:51,7303290090,S-001,Banexcoin Bolivia
6779,"04/08/2025 21:54:19, UTC -04:00",Completed,Sell,MariaPerez61Bo,20164,26.79,359.99,BOB,13.44,0.00,04/08/2025 21:54:31,7303292290,S-001,Banexcoin Bolivia
6780,"04/08/2025 21:56:43, UTC -04:00",Completed,Sell,MariaPerez61Bo,20164,11.16,149.99,BOB,13.44,0.00,04/08/2025 21:56:56,7303299800,S-001,Banexcoin Bolivia
6781,"04/08/2025 21:57:36, UTC -04:00",Completed,Sell,MariaPerez61Bo,20164,5.65,75.99,BOB,13.44,0.00,04/08/2025 21:57:50,7303302630,S-001,Banexcoin Bolivia
6782,"04/08/2025 22:00:46, UTC -04:00",Completed,Sell,LuisSoto61Pe,20125,0.82,11.00,BOB,13.44,0.00,04/08/2025 22:01:06,7303313460,S-001,Banexcoin Bolivia
6783,"04/08/2025 22:05:58, UTC -04:00",Completed,Sell,ElenaMoreno57Max,20149,26.77,359.99,BOB,13.45,0.00,04/08/2025 22:06:12,7303329160,S-001,Banexcoin Bolivia
6784,"04/08/2025 22:08:03, UTC -04:00",Completed,Sell,ElenaMoreno57Max,20149,2.82,37.99,BOB,13.45,0.00,04/08/2025 22:08:20,7303335530,S-001,Banexcoin Bolivia
6785,"04/08/2025 22:12:24, UTC -04:00",Completed,Sell,MariaPerez61Bo,20164,11.15,149.99,BOB,13.45,0.00,04/08/2025 22:12:36,7303347950,S-001,Banexcoin Bolivia
6786,"04/08/2025 22:22:35, UTC -04:00",Completed,Sell,ElenaMoreno57Max,20149,5.65,75.99,BOB,13.45,0.00,04/08/2025 22:23:29,7303377590,S-001,Banexcoin Bolivia
6788,"04/08/2025 22:33:47, UTC -04:00",Completed,Sell,AnaSerrano45Ar,20158,0.97,13.00,BOB,13.45,0.00,04/08/2025 22:34:01,7303404350,S-001,Banexcoin Bolivia
6789,"04/08/2025 22:36:59, UTC -04:00",Completed,Sell,AnaSerrano45Ar,20158,1.49,20.00,BOB,13.45,0.00,04/08/2025 22:37:15,7303412570,S-001,Banexcoin Bolivia
6790,"04/08/2025 22:44:37, UTC -04:00",Completed,Sell,ElenaMoreno57Max,20149,26.77,359.99,BOB,13.45,0.00,04/08/2025 22:44:52,7303430770,S-001,Banexcoin Bolivia
6791,"04/08/2025 22:59:10, UTC -04:00",Completed,Sell,FranciscoHernandez80Es,20131,4.24,57.00,BOB,13.45,0.00,04/08/2025 23:00:00,7303462670,S-001,Banexcoin Bolivia
6793,"04/08/2025 23:07:52, UTC -04:00",Completed,Sell,MariaFlores93Max,10006,4.69,63.00,BOB,13.44,0.00,04/08/2025 23:08:13,7303477080,S-001,Banexcoin Bolivia
6794,"04/08/2025 23:12:15, UTC -04:00",Completed,Sell,MariaPerez61Bo,20164,11.16,149.99,BOB,13.44,0.00,04/08/2025 23:12:29,7303484950,S-001,Banexcoin Bolivia
6795,"04/08/2025 23:13:20, UTC -04:00",Completed,Sell,ElenaMoreno57Max,20149,5.65,75.99,BOB,13.44,0.00,04/08/2025 23:13:33,7303486910,S-001,Banexcoin Bolivia
6796,"04/08/2025 23:14:07, UTC -04:00",Completed,Sell,ElenaMoreno57Max,20149,26.78,359.99,BOB,13.44,0.00,04/08/2025 23:14:19,7303488310,S-001,Banexcoin Bolivia
6797,"04/08/2025 23:14:34, UTC -04:00",Completed,Sell,ElenaMoreno57Max,20149,26.78,359.99,BOB,13.44,0.00,04/08/2025 23:14:49,7303488980,S-001,Banexcoin Bolivia
6798,"04/08/2025 23:17:27, UTC -04:00",Completed,Sell,MariaPerez61Bo,20164,26.78,359.99,BOB,13.44,0.00,04/08/2025 23:17:39,7303493530,S-001,Banexcoin Bolivia
6799,"04/08/2025 23:36:31, UTC -04:00",Completed,Sell,ElenaMoreno57Max,20149,1.71,22.99,BOB,13.42,0.00,04/08/2025 23:36:46,7303520790,S-001,Banexcoin Bolivia
6800,"04/08/2025 23:42:14, UTC -04:00",Completed,Sell,ElenaMoreno57Max,20149,0.56,7.49,BOB,13.42,0.00,04/08/2025 23:42:30,7303527350,S-001,Banexcoin Bolivia
6802,"04/08/2025 23:49:45, UTC -04:00",Completed,Sell,LuisRomero75Mx,20044,0.37,5.00,BOB,13.42,0.00,04/08/2025 23:50:17,7303535250,S-001,Banexcoin Bolivia
6803,"05/08/2025 00:16:51, UTC -04:00",Completed,Sell,MariaPerez61Bo,20164,11.18,149.99,BOB,13.42,0.00,05/08/2025 00:17:04,7303546830,S-001,Banexcoin Bolivia
6804,"05/08/2025 00:30:56, UTC -04:00",Completed,Sell,LuisRomero75Mx,20044,7.45,100.00,BOB,13.42,0.00,05/08/2025 00:31:22,7303556590,S-001,Banexcoin Bolivia
6807,"05/08/2025 00:38:55, UTC -04:00",Completed,Sell,MariaPerez61Bo,20164,2.83,37.99,BOB,13.42,0.00,05/08/2025 00:39:09,7303561070,S-001,Banexcoin Bolivia
6808,"05/08/2025 00:58:13, UTC -04:00",Completed,Sell,LuisRomero75Mx,20044,0.07,1.00,BOB,13.40,0.00,05/08/2025 00:58:36,7303569820,S-001,Banexcoin Bolivia
6810,"05/08/2025 01:31:03, UTC -04:00",Completed,Sell,ElenaMoreno57Max,20149,5.66,75.99,BOB,13.42,0.00,05/08/2025 01:31:17,7303581420,S-001,Banexcoin Bolivia
6819,"05/08/2025 07:43:33, UTC -04:00",Completed,Sell,LauraLopez98123,20181,11.10,147.80,BOB,13.32,0.00,05/08/2025 07:43:46,244895840,S-001,Banexcoin Bolivia
6820,"05/08/2025 08:47:49, UTC -04:00",Completed,Sell,LuisSoto61Pe,20125,1.19,16.00,BOB,13.39,0.00,05/08/2025 08:48:03,244918230,S-001,Banexcoin Bolivia
6821,"05/08/2025 09:13:02, UTC -04:00",Completed,Sell,ClaudiaAguilar852025,20138,1.88,25.00,BOB,13.31,0.00,05/08/2025 09:13:44,7304066010,S-001,Banexcoin Bolivia
6822,"05/08/2025 09:47:19, UTC -04:00",Completed,Sell,ManuelRomero362025,20175,0.45,6.00,BOB,13.39,0.00,05/08/2025 09:47:45,7304211900,S-001,Banexcoin Bolivia
6832,"05/08/2025 10:07:46, UTC -04:00",Completed,Sell,LuisSoto61Pe,20125,1.41,19.00,BOB,13.44,0.00,05/08/2025 10:08:00,7304306220,S-001,Banexcoin Bolivia
6833,"05/08/2025 10:14:32, UTC -04:00",Completed,Sell,LuisSoto61Pe,20125,45.37,610.00,BOB,13.45,0.00,05/08/2025 10:14:47,244956290,S-001,Banexcoin Bolivia
6834,"05/08/2025 10:22:36, UTC -04:00",Completed,Sell,LuisSoto61Pe,20125,11.15,150.00,BOB,13.45,0.00,05/08/2025 10:22:53,244960590,S-001,Banexcoin Bolivia
6835,"05/08/2025 10:28:01, UTC -04:00",Completed,Sell,LuisSoto61Pe,20125,1.41,19.00,BOB,13.45,0.00,05/08/2025 10:28:31,244963640,S-001,Banexcoin Bolivia
6836,"05/08/2025 10:33:12, UTC -04:00",Completed,Sell,LuisSoto61Pe,20125,4.83,65.00,BOB,13.45,0.00,05/08/2025 10:33:33,7304439130,S-001,Banexcoin Bolivia
6837,"05/08/2025 10:39:14, UTC -04:00",Completed,Sell,LuisSoto61Pe,20125,58.05,780.00,BOB,13.44,0.00,05/08/2025 10:39:30,7304469670,S-001,Banexcoin Bolivia
6838,"05/08/2025 10:50:51, UTC -04:00",Completed,Sell,ElenaMoreno57Max,20149,1.71,22.99,BOB,13.41,0.00,05/08/2025 10:51:04,7304529850,S-001,Banexcoin Bolivia
6839,"05/08/2025 10:52:48, UTC -04:00",Completed,Sell,ElenaMoreno57Max,20149,1.71,22.99,BOB,13.42,0.00,05/08/2025 10:53:02,7304539190,S-001,Banexcoin Bolivia
6840,"05/08/2025 10:54:15, UTC -04:00",Completed,Sell,ElenaMoreno57Max,20149,1.71,22.99,BOB,13.42,0.00,05/08/2025 10:54:28,7304546100,S-001,Banexcoin Bolivia
6841,"05/08/2025 11:11:51, UTC -04:00",Completed,Sell,ElenaMoreno57Max,20149,0.56,7.49,BOB,13.42,0.00,05/08/2025 11:12:11,7304637260,S-001,Banexcoin Bolivia
6842,"05/08/2025 11:12:44, UTC -04:00",Completed,Sell,LuisSoto61Pe,20125,1.42,19.00,BOB,13.42,0.00,05/08/2025 11:12:57,244984860,S-001,Banexcoin Bolivia
6846,"05/08/2025 11:24:16, UTC -04:00",Completed,Sell,ElenaMoreno57Max,20149,0.56,7.49,BOB,13.40,0.00,05/08/2025 11:24:32,7304702450,S-001,Banexcoin Bolivia
6847,"05/08/2025 11:25:32, UTC -04:00",Completed,Sell,ElenaMoreno57Max,20149,0.56,7.49,BOB,13.40,0.00,05/08/2025 11:26:12,1669879150,S-001,Banexcoin Bolivia
6848,"05/08/2025 11:30:26, UTC -04:00",Completed,Sell,MariaPerez61Bo,20164,5.66,75.99,BOB,13.42,0.00,05/08/2025 11:30:40,7304734210,S-001,Banexcoin Bolivia
6849,"05/08/2025 11:32:27, UTC -04:00",Completed,Sell,ElenaMoreno57Max,20149,1.71,22.99,BOB,13.42,0.00,05/08/2025 11:32:44,7304745160,S-001,Banexcoin Bolivia
6850,"05/08/2025 11:34:48, UTC -04:00",Completed,Sell,ElenaMoreno57Max,20149,2.83,37.99,BOB,13.42,0.00,05/08/2025 11:35:02,7304757430,S-001,Banexcoin Bolivia
6851,"05/08/2025 11:36:48, UTC -04:00",Completed,Sell,MariaPerez61Bo,20164,2.83,37.99,BOB,13.42,0.00,05/08/2025 11:37:02,7304768240,S-001,Banexcoin Bolivia
6852,"05/08/2025 11:37:26, UTC -04:00",Completed,Sell,ElenaMoreno57Max,20149,26.83,359.99,BOB,13.42,0.00,05/08/2025 11:37:38,7304771520,S-001,Banexcoin Bolivia
6853,"05/08/2025 11:47:16, UTC -04:00",Completed,Sell,GloriaPerez54Pro,20030,5.97,80.00,BOB,13.40,0.00,05/08/2025 11:47:41,7304824820,S-001,Banexcoin Bolivia
6854,"05/08/2025 11:47:44, UTC -04:00",Completed,Sell,LuisSoto61Pe,20125,14.18,190.00,BOB,13.40,0.00,05/08/2025 11:47:59,7304826380,S-001,Banexcoin Bolivia
6857,"05/08/2025 12:03:19, UTC -04:00",Completed,Sell,MariaPerez61Bo,20164,26.86,359.99,BOB,13.40,0.00,05/08/2025 12:03:37,7304913100,S-001,Banexcoin Bolivia
6858,"05/08/2025 12:03:58, UTC -04:00",Completed,Sell,MariaPerez61Bo,20164,26.86,359.99,BOB,13.40,0.00,05/08/2025 12:04:11,7304916490,S-001,Banexcoin Bolivia
6859,"05/08/2025 12:05:36, UTC -04:00",Completed,Sell,LuisSoto61Pe,20125,31.35,420.00,BOB,13.40,0.00,05/08/2025 12:06:04,7304927040,S-001,Banexcoin Bolivia
6860,"05/08/2025 12:21:08, UTC -04:00",Completed,Sell,LuisSoto61Pe,20125,0.97,13.00,BOB,13.39,0.00,05/08/2025 12:21:24,7305017300,S-001,Banexcoin Bolivia
6861,"05/08/2025 12:27:17, UTC -04:00",Completed,Sell,LuisSoto61Pe,20125,3.89,52.00,BOB,13.38,0.00,05/08/2025 12:27:28,245022960,S-001,Banexcoin Bolivia
6862,"05/08/2025 12:31:43, UTC -04:00",Completed,Sell,MariaDelgado75Ar,20083,7.47,100.00,BOB,13.39,0.00,05/08/2025 12:31:57,7305083420,S-001,Banexcoin Bolivia
6865,"05/08/2025 13:12:54, UTC -04:00",Completed,Sell,ElenaMoreno57Max,20149,1.72,22.99,BOB,13.34,0.00,05/08/2025 13:13:09,7305326070,S-001,Banexcoin Bolivia
6866,"05/08/2025 13:25:28, UTC -04:00",Completed,Sell,MariaPerez61Bo,20164,11.25,149.99,BOB,13.34,0.00,05/08/2025 13:25:41,7305395470,S-001,Banexcoin Bolivia
6867,"05/08/2025 13:25:51, UTC -04:00",Completed,Sell,MariaPerez61Bo,20164,5.70,75.99,BOB,13.34,0.00,05/08/2025 13:26:03,7305397280,S-001,Banexcoin Bolivia
6868,"05/08/2025 13:26:47, UTC -04:00",Completed,Sell,MariaPerez61Bo,20164,11.24,149.99,BOB,13.34,0.00,05/08/2025 13:26:59,7305402660,S-001,Banexcoin Bolivia
6869,"05/08/2025 13:27:12, UTC -04:00",Completed,Sell,MariaPerez61Bo,20164,5.70,75.99,BOB,13.34,0.00,05/08/2025 13:27:35,7305405960,S-001,Banexcoin Bolivia
6870,"05/08/2025 13:27:57, UTC -04:00",Completed,Sell,ElenaMoreno57Max,20149,5.70,75.99,BOB,13.34,0.00,05/08/2025 13:28:09,7305408850,S-001,Banexcoin Bolivia
6871,"05/08/2025 13:28:58, UTC -04:00",Completed,Sell,ElenaMoreno57Max,20149,5.70,75.99,BOB,13.34,0.00,05/08/2025 13:29:11,7305414230,S-001,Banexcoin Bolivia
6872,"05/08/2025 13:30:00, UTC -04:00",Completed,Sell,ElenaMoreno57Max,20149,1.72,22.99,BOB,13.34,0.00,05/08/2025 13:30:17,7305419950,S-001,Banexcoin Bolivia
6873,"05/08/2025 14:03:54, UTC -04:00",Completed,Sell,ElenaMoreno57Max,20149,11.27,149.99,BOB,13.31,0.00,05/08/2025 14:04:07,7305592510,S-001,Banexcoin Bolivia
6874,"05/08/2025 14:04:46, UTC -04:00",Completed,Sell,PabloSuarez91Pro,20096,3.75,50.00,BOB,13.32,0.00,05/08/2025 14:05:07,7305597390,S-001,Banexcoin Bolivia
6875,"05/08/2025 14:09:14, UTC -04:00",Completed,Sell,LuisSoto61Pe,20125,6.79,90.50,BOB,13.32,0.00,05/08/2025 14:09:31,7305619620,S-001,Banexcoin Bolivia
6876,"05/08/2025 14:17:14, UTC -04:00",Completed,Sell,LuisRomero75Mx,20044,1.35,18.00,BOB,13.32,0.00,05/08/2025 14:17:31,7305659570,S-001,Banexcoin Bolivia
6878,"05/08/2025 14:27:38, UTC -04:00",Completed,Sell,ElenaMoreno57Max,20149,5.70,75.99,BOB,13.32,0.00,05/08/2025 14:27:52,7305712530,S-001,Banexcoin Bolivia
6884,"05/08/2025 14:50:28, UTC -04:00",Completed,Sell,MariaDelgado75Ar,20083,11.25,150.00,BOB,13.33,0.00,05/08/2025 14:50:45,7305830780,S-001,Banexcoin Bolivia
6885,"05/08/2025 15:03:29, UTC -04:00",Completed,Sell,VictorGutierrez65007,20118,11.24,150.00,BOB,13.35,0.00,05/08/2025 15:03:50,7305899550,S-001,Banexcoin Bolivia
6895,"05/08/2025 17:19:09, UTC -04:00",Completed,Sell,AndresVega17Pro,10086,11.22,150.00,BOB,13.37,0.00,05/08/2025 17:19:22,7306646880,S-001,Banexcoin Bolivia
6898,"05/08/2025 17:25:13, UTC -04:00",Completed,Sell,PatriciaVega32Ec,20186,4.94,66.00,BOB,13.36,0.00,05/08/2025 17:25:50,7306684500,S-001,Banexcoin Bolivia
6899,"05/08/2025 17:52:20, UTC -04:00",Completed,Sell,MariaPerez61Bo,20164,5.69,75.99,BOB,13.37,0.00,05/08/2025 17:52:33,7306848760,S-001,Banexcoin Bolivia
6900,"05/08/2025 18:43:02, UTC -04:00",Completed,Sell,MariaPerez61Bo,20164,26.93,359.99,BOB,13.37,0.00,05/08/2025 18:43:19,7307156020,S-001,Banexcoin Bolivia
6901,"05/08/2025 18:43:26, UTC -04:00",Completed,Sell,MariaPerez61Bo,20164,26.93,359.99,BOB,13.37,0.00,05/08/2025 18:43:41,7307157940,S-001,Banexcoin Bolivia
6909,"05/08/2025 19:10:31, UTC -04:00",Completed,Sell,MariaFlores93Max,10006,2.84,38.00,BOB,13.37,0.00,05/08/2025 19:11:01,7307317510,S-001,Banexcoin Bolivia
6910,"05/08/2025 19:20:38, UTC -04:00",Completed,Sell,MariaPerez61Bo,20164,11.22,149.99,BOB,13.37,0.00,05/08/2025 19:20:51,7307377310,S-001,Banexcoin Bolivia
6911,"05/08/2025 19:36:30, UTC -04:00",Completed,Sell,MariaPerez61Bo,20164,5.68,75.99,BOB,13.38,0.00,05/08/2025 19:36:44,7307473910,S-001,Banexcoin Bolivia
6912,"05/08/2025 19:46:40, UTC -04:00",Completed,Sell,ElenaMoreno57Max,20149,2.84,37.99,BOB,13.37,0.00,05/08/2025 19:46:54,7307537690,S-001,Banexcoin Bolivia
6913,"05/08/2025 19:48:16, UTC -04:00",Completed,Sell,ElenaMoreno57Max,20149,5.68,75.99,BOB,13.38,0.00,05/08/2025 19:48:30,7307546780,S-001,Banexcoin Bolivia
6914,"05/08/2025 20:05:16, UTC -04:00",Completed,Sell,FernandoCampos72123,20202,37.39,500.00,BOB,13.37,0.00,05/08/2025 20:05:35,7307637650,S-001,Banexcoin Bolivia
6915,"05/08/2025 20:10:18, UTC -04:00",Completed,Sell,ElenaMoreno57Max,20149,26.91,359.99,BOB,13.38,0.00,05/08/2025 20:10:41,7307664430,S-001,Banexcoin Bolivia
6916,"05/08/2025 20:11:30, UTC -04:00",Completed,Sell,ElenaMoreno57Max,20149,2.84,37.99,BOB,13.38,0.00,05/08/2025 20:11:43,7307670080,S-001,Banexcoin Bolivia
6917,"05/08/2025 20:12:17, UTC -04:00",Completed,Sell,ElenaMoreno57Max,20149,0.56,7.49,BOB,13.39,0.00,05/08/2025 20:12:31,7307673890,S-001,Banexcoin Bolivia
6918,"05/08/2025 20:14:52, UTC -04:00",Completed,Sell,ElenaMoreno57Max,20149,26.89,359.99,BOB,13.39,0.00,05/08/2025 20:15:05,7307687240,S-001,Banexcoin Bolivia
6920,"05/08/2025 20:21:40, UTC -04:00",Completed,Sell,MariaPerez61Bo,20164,26.90,359.99,BOB,13.38,0.00,05/08/2025 20:21:58,7307722640,S-001,Banexcoin Bolivia
6921,"05/08/2025 20:22:25, UTC -04:00",Completed,Sell,LuisSoto61Pe,20125,1.35,18.00,BOB,13.38,0.00,05/08/2025 20:22:42,7307726710,S-001,Banexcoin Bolivia
6922,"05/08/2025 20:22:38, UTC -04:00",Completed,Sell,MariaPerez61Bo,20164,26.90,359.99,BOB,13.38,0.00,05/08/2025 20:22:56,7307727920,S-001,Banexcoin Bolivia
6923,"05/08/2025 20:25:10, UTC -04:00",Completed,Sell,ElenaMoreno57Max,20149,0.56,7.49,BOB,13.38,0.00,05/08/2025 20:25:36,7307740460,S-001,Banexcoin Bolivia
6924,"05/08/2025 20:32:30, UTC -04:00",Completed,Sell,ManuelRomero362025,20175,0.60,8.00,BOB,13.38,0.00,05/08/2025 20:32:46,7307775880,S-001,Banexcoin Bolivia
6925,"05/08/2025 20:33:51, UTC -04:00",Completed,Sell,LuisSoto61Pe,20125,8.22,110.00,BOB,13.38,0.00,05/08/2025 20:34:22,7307783630,S-001,Banexcoin Bolivia
6926,"05/08/2025 20:42:07, UTC -04:00",Completed,Sell,LuisSoto61Pe,20125,12.33,165.00,BOB,13.38,0.00,05/08/2025 20:42:21,7307823300,S-001,Banexcoin Bolivia
6928,"05/08/2025 21:08:37, UTC -04:00",Completed,Sell,ElenaMoreno57Max,20149,2.84,37.99,BOB,13.37,0.00,05/08/2025 21:08:56,7307945710,S-001,Banexcoin Bolivia
6929,"05/08/2025 21:09:31, UTC -04:00",Completed,Sell,ElenaMoreno57Max,20149,1.72,22.99,BOB,13.37,0.00,05/08/2025 21:09:46,7307949030,S-001,Banexcoin Bolivia
6930,"05/08/2025 21:11:46, UTC -04:00",Completed,Sell,MariaFlores93Max,10006,16.08,214.96,BOB,13.37,0.00,05/08/2025 21:12:08,7307960070,S-001,Banexcoin Bolivia
6931,"05/08/2025 21:19:14, UTC -04:00",Completed,Sell,PaulaDiaz91Bo,20148,14.95,200.00,BOB,13.38,0.00,05/08/2025 21:19:44,7307992820,S-001,Banexcoin Bolivia
6932,"05/08/2025 21:20:54, UTC -04:00",Completed,Sell,ElenaMoreno57Max,20149,11.21,149.99,BOB,13.38,0.00,05/08/2025 21:21:10,7307999470,S-001,Banexcoin Bolivia
6933,"05/08/2025 21:21:46, UTC -04:00",Completed,Sell,ElenaMoreno57Max,20149,11.21,149.99,BOB,13.38,0.00,05/08/2025 21:21:58,7308002700,S-001,Banexcoin Bolivia
6934,"05/08/2025 21:22:39, UTC -04:00",Completed,Sell,ElenaMoreno57Max,20149,2.84,37.99,BOB,13.38,0.00,05/08/2025 21:22:53,7308006520,S-001,Banexcoin Bolivia
6935,"05/08/2025 21:23:19, UTC -04:00",Completed,Sell,ElenaMoreno57Max,20149,5.68,75.99,BOB,13.38,0.00,05/08/2025 21:23:33,7308009300,S-001,Banexcoin Bolivia
6936,"05/08/2025 21:24:28, UTC -04:00",Completed,Sell,ElenaMoreno57Max,20149,2.84,37.99,BOB,13.37,0.00,05/08/2025 21:24:41,7308013890,S-001,Banexcoin Bolivia
6937,"05/08/2025 21:31:49, UTC -04:00",Completed,Sell,ElenaMoreno57Max,20149,1.72,22.99,BOB,13.37,0.00,05/08/2025 21:32:03,7308043620,S-001,Banexcoin Bolivia
6938,"05/08/2025 21:48:24, UTC -04:00",Completed,Sell,ElenaMoreno57Max,20149,26.96,359.99,BOB,13.35,0.00,05/08/2025 21:48:38,7308107500,S-001,Banexcoin Bolivia
6941,"05/08/2025 22:07:18, UTC -04:00",Completed,Sell,ElenaMoreno57Max,20149,26.97,359.99,BOB,13.35,0.00,05/08/2025 22:07:31,7308177080,S-001,Banexcoin Bolivia
6942,"05/08/2025 22:13:09, UTC -04:00",Completed,Sell,AndresVega17Pro,10086,45.47,607.00,BOB,13.35,0.00,05/08/2025 22:13:31,7308197180,S-001,Banexcoin Bolivia
6943,"05/08/2025 22:33:27, UTC -04:00",Completed,Sell,MariaPerez61Bo,20164,11.23,149.99,BOB,13.36,0.00,05/08/2025 22:33:40,7308261980,S-001,Banexcoin Bolivia
6944,"05/08/2025 22:36:23, UTC -04:00",Completed,Sell,ElenaMoreno57Max,20149,1.72,22.99,BOB,13.36,0.00,05/08/2025 22:36:42,7308271390,S-001,Banexcoin Bolivia
6945,"05/08/2025 22:56:40, UTC -04:00",Completed,Sell,MariaPerez61Bo,20164,11.24,149.99,BOB,13.35,0.00,05/08/2025 22:56:53,7308328480,S-001,Banexcoin Bolivia
6946,"05/08/2025 23:06:23, UTC -04:00",Completed,Sell,MariaPerez61Bo,20164,26.97,359.99,BOB,13.35,0.00,05/08/2025 23:06:41,7308352450,S-001,Banexcoin Bolivia
6947,"05/08/2025 23:07:29, UTC -04:00",Completed,Sell,MariaPerez61Bo,20164,11.24,149.99,BOB,13.35,0.00,05/08/2025 23:07:41,7308355200,S-001,Banexcoin Bolivia
6948,"05/08/2025 23:08:55, UTC -04:00",Completed,Sell,MariaPerez61Bo,20164,26.97,359.99,BOB,13.35,0.00,05/08/2025 23:09:09,7308358700,S-001,Banexcoin Bolivia
6949,"05/08/2025 23:12:04, UTC -04:00",Completed,Sell,MariaPerez61Bo,20164,26.97,359.99,BOB,13.35,0.00,05/08/2025 23:12:17,7308366200,S-001,Banexcoin Bolivia
6950,"05/08/2025 23:15:25, UTC -04:00",Completed,Sell,MariaPerez61Bo,20164,11.24,149.99,BOB,13.35,0.00,05/08/2025 23:15:37,7308374190,S-001,Banexcoin Bolivia
6951,"05/08/2025 23:16:36, UTC -04:00",Completed,Sell,MariaPerez61Bo,20164,26.97,359.99,BOB,13.35,0.00,05/08/2025 23:16:48,7308376670,S-001,Banexcoin Bolivia
6952,"05/08/2025 23:17:21, UTC -04:00",Completed,Sell,MariaPerez61Bo,20164,11.24,149.99,BOB,13.35,0.00,05/08/2025 23:17:34,7308378290,S-001,Banexcoin Bolivia
6957,"05/08/2025 23:39:13, UTC -04:00",Completed,Sell,LuisSoto61Pe,20125,1.12,15.00,BOB,13.34,0.00,05/08/2025 23:39:31,7308422200,S-001,Banexcoin Bolivia
6958,"05/08/2025 23:39:31, UTC -04:00",Completed,Sell,MariaPerez61Bo,20164,26.98,359.99,BOB,13.34,0.00,05/08/2025 23:39:43,7308422530,S-001,Banexcoin Bolivia
6959,"06/08/2025 00:03:23, UTC -04:00",Completed,Sell,MariaPerez61Bo,20164,11.25,149.99,BOB,13.33,0.00,06/08/2025 00:03:42,7308449610,S-001,Banexcoin Bolivia
6962,"06/08/2025 00:16:58, UTC -04:00",Completed,Sell,MariaPerez61Bo,20164,11.25,149.99,BOB,13.34,0.00,06/08/2025 00:17:10,7308468440,S-001,Banexcoin Bolivia
6963,"06/08/2025 00:17:21, UTC -04:00",Completed,Sell,MariaPerez61Bo,20164,11.25,149.99,BOB,13.34,0.00,06/08/2025 00:17:36,7308469070,S-001,Banexcoin Bolivia
6964,"06/08/2025 00:18:47, UTC -04:00",Completed,Sell,MariaPerez61Bo,20164,26.99,359.99,BOB,13.34,0.00,06/08/2025 00:19:00,7308471090,S-001,Banexcoin Bolivia
6965,"06/08/2025 00:19:27, UTC -04:00",Completed,Sell,MariaPerez61Bo,20164,26.99,359.99,BOB,13.34,0.00,06/08/2025 00:19:44,7308472060,S-001,Banexcoin Bolivia
6966,"06/08/2025 00:21:40, UTC -04:00",Completed,Sell,ElenaMoreno57Max,20149,11.25,149.99,BOB,13.34,0.00,06/08/2025 00:21:58,7308475100,S-001,Banexcoin Bolivia
6969,"06/08/2025 00:39:11, UTC -04:00",Completed,Sell,MariaPerez61Bo,20164,27.15,359.99,BOB,13.26,0.00,06/08/2025 00:39:25,7308495960,S-001,Banexcoin Bolivia
6976,"06/08/2025 00:44:43, UTC -04:00",Completed,Sell,MariaPerez61Bo,20164,27.19,359.99,BOB,13.24,0.00,06/08/2025 00:44:57,7308501160,S-001,Banexcoin Bolivia
6977,"06/08/2025 00:46:38, UTC -04:00",Completed,Sell,MariaPerez61Bo,20164,27.19,359.99,BOB,13.24,0.00,06/08/2025 00:46:51,7308503290,S-001,Banexcoin Bolivia
6978,"06/08/2025 01:13:02, UTC -04:00",Completed,Sell,MariaPerez61Bo,20164,11.32,149.99,BOB,13.25,0.00,06/08/2025 01:13:17,7308527440,S-001,Banexcoin Bolivia
6984,"06/08/2025 02:20:00, UTC -04:00",Completed,Sell,LuisRomero75Mx,20044,9.05,120.00,BOB,13.27,0.00,06/08/2025 02:20:22,7308574090,S-001,Banexcoin Bolivia
6985,"06/08/2025 03:58:24, UTC -04:00",Completed,Sell,JoseMendoza542025,20200,6.80,90.00,BOB,13.24,0.00,06/08/2025 03:58:42,7308619560,S-001,Banexcoin Bolivia
6986,"06/08/2025 04:12:25, UTC -04:00",Completed,Sell,JoseMendoza542025,20200,6.79,90.00,BOB,13.25,0.00,06/08/2025 04:12:47,7308625060,S-001,Banexcoin Bolivia
6987,"06/08/2025 05:01:18, UTC -04:00",Completed,Sell,JoseMendoza542025,20200,3.39,45.00,BOB,13.26,0.00,06/08/2025 05:01:41,7308642610,S-001,Banexcoin Bolivia
7000,"06/08/2025 09:54:00, UTC -04:00",Completed,Sell,CristinaMorales762024,20105,2.63,35.00,BOB,13.33,0.00,06/08/2025 09:55:02,7309095780,S-001,Banexcoin Bolivia
7001,"06/08/2025 10:06:44, UTC -04:00",Completed,Sell,MonicaVega49Cl,20037,0.60,8.00,BOB,13.33,0.00,06/08/2025 10:07:01,7309140880,S-001,Banexcoin Bolivia
7003,"06/08/2025 10:09:58, UTC -04:00",Completed,Sell,IsabelRivera992025,20111,7.50,100.00,BOB,13.33,0.00,06/08/2025 10:10:23,7309153590,S-001,Banexcoin Bolivia
7004,"06/08/2025 10:47:36, UTC -04:00",Completed,Sell,LuisSoto61Pe,20125,15.71,210.00,BOB,13.36,0.00,06/08/2025 10:47:51,245401010,S-001,Banexcoin Bolivia
7005,"06/08/2025 10:49:33, UTC -04:00",Completed,Sell,ElenaMoreno57Max,20149,26.94,359.99,BOB,13.36,0.00,06/08/2025 10:49:47,7309313310,S-001,Banexcoin Bolivia
7006,"06/08/2025 10:52:47, UTC -04:00",Completed,Sell,ElenaMoreno57Max,20149,11.22,149.99,BOB,13.36,0.00,06/08/2025 10:53:07,7309327490,S-001,Banexcoin Bolivia
7007,"06/08/2025 11:01:15, UTC -04:00",Completed,Sell,EnriqueGutierrez38Es,20140,9.69,129.50,BOB,13.36,0.00,06/08/2025 11:01:53,7309364440,S-001,Banexcoin Bolivia
7009,"06/08/2025 11:19:42, UTC -04:00",Completed,Sell,JuanDiaz56123,20191,0.12,1.54,BOB,13.38,0.00,06/08/2025 11:19:56,7309443700,S-001,Banexcoin Bolivia
7011,"06/08/2025 11:38:39, UTC -04:00",Completed,Sell,ElenaMoreno57Max,20149,5.68,75.99,BOB,13.37,0.00,06/08/2025 11:38:53,7309527990,S-001,Banexcoin Bolivia
7012,"06/08/2025 11:40:04, UTC -04:00",Completed,Sell,ElenaMoreno57Max,20149,1.72,22.99,BOB,13.37,0.00,06/08/2025 11:40:17,7309534750,S-001,Banexcoin Bolivia
7013,"06/08/2025 11:43:12, UTC -04:00",Completed,Sell,ElenaMoreno57Max,20149,11.22,149.99,BOB,13.37,0.00,06/08/2025 11:43:25,7309548710,S-001,Banexcoin Bolivia
7014,"06/08/2025 11:50:34, UTC -04:00",Completed,Sell,ElenaMoreno57Max,20149,26.92,359.99,BOB,13.37,0.00,06/08/2025 11:50:49,7309582590,S-001,Banexcoin Bolivia
7015,"06/08/2025 11:51:34, UTC -04:00",Completed,Sell,ElenaMoreno57Max,20149,11.22,149.99,BOB,13.37,0.00,06/08/2025 11:51:48,7309587360,S-001,Banexcoin Bolivia
7016,"06/08/2025 12:03:18, UTC -04:00",Completed,Sell,ElenaMoreno57Max,20149,2.84,37.99,BOB,13.38,0.00,06/08/2025 12:03:50,7309642420,S-001,Banexcoin Bolivia
7017,"06/08/2025 12:05:15, UTC -04:00",Completed,Sell,ElenaMoreno57Max,20149,5.68,75.99,BOB,13.38,0.00,06/08/2025 12:05:42,7309650610,S-001,Banexcoin Bolivia
7022,"06/08/2025 12:37:56, UTC -04:00",Completed,Sell,ElenaMoreno57Max,20149,11.23,149.99,BOB,13.36,0.00,06/08/2025 12:38:10,7309804150,S-001,Banexcoin Bolivia
7024,"06/08/2025 12:41:26, UTC -04:00",Completed,Sell,ElenaMoreno57Max,20149,11.23,149.99,BOB,13.36,0.00,06/08/2025 12:41:40,7309820550,S-001,Banexcoin Bolivia
7026,"06/08/2025 12:56:51, UTC -04:00",Completed,Sell,MariaPerez61Bo,20164,11.25,149.99,BOB,13.34,0.00,06/08/2025 12:57:06,7309890220,S-001,Banexcoin Bolivia
7027,"06/08/2025 12:57:54, UTC -04:00",Completed,Sell,MariaPerez61Bo,20164,27.00,359.99,BOB,13.33,0.00,06/08/2025 12:58:06,7309895040,S-001,Banexcoin Bolivia
7028,"06/08/2025 12:58:43, UTC -04:00",Completed,Sell,MariaPerez61Bo,20164,27.00,359.99,BOB,13.33,0.00,06/08/2025 12:58:57,7309898600,S-001,Banexcoin Bolivia
7029,"06/08/2025 12:59:04, UTC -04:00",Completed,Sell,MariaPerez61Bo,20164,27.00,359.99,BOB,13.33,0.00,06/08/2025 12:59:19,7309900480,S-001,Banexcoin Bolivia
7032,"06/08/2025 13:50:17, UTC -04:00",Completed,Sell,ElenaMoreno57Max,20149,1.73,22.99,BOB,13.31,0.00,06/08/2025 13:50:31,7310111250,S-001,Banexcoin Bolivia
7033,"06/08/2025 13:51:36, UTC -04:00",Completed,Sell,ElenaMoreno57Max,20149,0.56,7.49,BOB,13.31,0.00,06/08/2025 13:51:49,7310116090,S-001,Banexcoin Bolivia
7034,"06/08/2025 13:51:58, UTC -04:00",Completed,Sell,ElenaMoreno57Max,20149,1.73,22.99,BOB,13.31,0.00,06/08/2025 13:52:11,7310117510,S-001,Banexcoin Bolivia
7035,"06/08/2025 13:52:40, UTC -04:00",Completed,Sell,ElenaMoreno57Max,20149,0.56,7.49,BOB,13.31,0.00,06/08/2025 13:52:57,7310120300,S-001,Banexcoin Bolivia
7036,"06/08/2025 13:53:43, UTC -04:00",Completed,Sell,ElenaMoreno57Max,20149,11.27,149.99,BOB,13.31,0.00,06/08/2025 13:53:55,7310123610,S-001,Banexcoin Bolivia
7037,"06/08/2025 13:55:06, UTC -04:00",Completed,Sell,ElenaMoreno57Max,20149,5.71,75.99,BOB,13.31,0.00,06/08/2025 13:55:19,7310129180,S-001,Banexcoin Bolivia
7038,"06/08/2025 13:56:19, UTC -04:00",Completed,Sell,ElenaMoreno57Max,20149,2.85,37.99,BOB,13.31,0.00,06/08/2025 13:56:31,7310134000,S-001,Banexcoin Bolivia
7040,"06/08/2025 13:58:03, UTC -04:00",Completed,Sell,ElenaMoreno57Max,20149,2.85,37.99,BOB,13.31,0.00,06/08/2025 13:58:17,7310141000,S-001,Banexcoin Bolivia
7041,"06/08/2025 14:01:58, UTC -04:00",Completed,Sell,ElenaMoreno57Max,20149,0.56,7.49,BOB,13.31,0.00,06/08/2025 14:02:17,7310155880,S-001,Banexcoin Bolivia
7042,"06/08/2025 14:09:17, UTC -04:00",Completed,Sell,ElenaMoreno57Max,20149,11.27,149.99,BOB,13.31,0.00,06/08/2025 14:09:32,7310183310,S-001,Banexcoin Bolivia
7043,"06/08/2025 14:17:58, UTC -04:00",Completed,Sell,AndresVega17Pro,10086,46.48,618.68,BOB,13.31,0.00,06/08/2025 14:18:12,7310215320,S-001,Banexcoin Bolivia
7044,"06/08/2025 14:26:37, UTC -04:00",Completed,Sell,ElenaMoreno57Max,20149,5.71,75.99,BOB,13.32,0.00,06/08/2025 14:26:56,7310247340,S-001,Banexcoin Bolivia
7045,"06/08/2025 14:27:31, UTC -04:00",Completed,Sell,ElenaMoreno57Max,20149,1.73,22.99,BOB,13.32,0.00,06/08/2025 14:27:42,7310250280,S-001,Banexcoin Bolivia
7046,"06/08/2025 14:28:41, UTC -04:00",Completed,Sell,MariaPerez61Bo,20164,11.26,149.99,BOB,13.32,0.00,06/08/2025 14:28:54,7310254460,S-001,Banexcoin Bolivia
7050,"06/08/2025 14:52:36, UTC -04:00",Completed,Sell,ElenaMoreno57Max,20149,1.73,22.99,BOB,13.32,0.00,06/08/2025 14:52:55,7310341830,S-001,Banexcoin Bolivia
7051,"06/08/2025 14:53:27, UTC -04:00",Completed,Sell,FernandoCampos72123,20202,37.53,500.00,BOB,13.32,0.00,06/08/2025 14:53:42,7310344480,S-001,Banexcoin Bolivia
7052,"06/08/2025 14:53:46, UTC -04:00",Completed,Sell,ElenaMoreno57Max,20149,2.85,37.99,BOB,13.32,0.00,06/08/2025 14:53:58,7310345750,S-001,Banexcoin Bolivia
7053,"06/08/2025 14:56:29, UTC -04:00",Completed,Sell,MariaPerez61Bo,20164,11.26,149.99,BOB,13.32,0.00,06/08/2025 14:56:42,7310355310,S-001,Banexcoin Bolivia
7054,"06/08/2025 14:57:11, UTC -04:00",Completed,Sell,MariaPerez61Bo,20164,27.03,359.99,BOB,13.32,0.00,06/08/2025 14:57:24,7310357900,S-001,Banexcoin Bolivia
7055,"06/08/2025 14:58:59, UTC -04:00",Completed,Sell,ElenaMoreno57Max,20149,5.70,75.99,BOB,13.32,0.00,06/08/2025 14:59:14,7310364730,S-001,Banexcoin Bolivia
7056,"06/08/2025 15:00:16, UTC -04:00",Completed,Sell,LauraLopez98123,20181,10.51,140.00,BOB,13.32,0.00,06/08/2025 15:00:32,7310369170,S-001,Banexcoin Bolivia
7057,"06/08/2025 15:09:57, UTC -04:00",Completed,Sell,JoseMendoza542025,20200,6.38,85.00,BOB,13.31,0.00,06/08/2025 15:10:14,7310404260,S-001,Banexcoin Bolivia
7059,"06/08/2025 15:12:48, UTC -04:00",Completed,Sell,ElenaMoreno57Max,20149,2.85,37.99,BOB,13.31,0.00,06/08/2025 15:13:02,7310413580,S-001,Banexcoin Bolivia
7060,"06/08/2025 15:13:27, UTC -04:00",Completed,Sell,ElenaMoreno57Max,20149,27.04,359.99,BOB,13.31,0.00,06/08/2025 15:13:40,7310415910,S-001,Banexcoin Bolivia
7061,"06/08/2025 15:13:50, UTC -04:00",Completed,Sell,AlbertoLeon10007,10008,22.48,300.00,BOB,13.34,0.00,06/08/2025 15:14:16,245488350,S-001,Banexcoin Bolivia
7062,"06/08/2025 15:32:32, UTC -04:00",Completed,Sell,ElenaMoreno57Max,20149,2.85,37.99,BOB,13.34,0.00,06/08/2025 15:32:45,7310482010,S-001,Banexcoin Bolivia
7063,"06/08/2025 16:05:08, UTC -04:00",Completed,Sell,GloriaDelgado61Max,10078,3.00,40.00,BOB,13.33,0.00,06/08/2025 16:05:27,7310592180,S-001,Banexcoin Bolivia
7064,"06/08/2025 16:06:05, UTC -04:00",Completed,Sell,ElenaMoreno57Max,20149,0.56,7.49,BOB,13.33,0.00,06/08/2025 16:06:21,7310595310,S-001,Banexcoin Bolivia
7065,"06/08/2025 16:09:12, UTC -04:00",Completed,Sell,MariaPerez61Bo,20164,11.25,149.99,BOB,13.33,0.00,06/08/2025 16:09:25,7310605430,S-001,Banexcoin Bolivia
7068,"06/08/2025 16:38:29, UTC -04:00",Completed,Sell,ElenaMoreno57Max,20149,2.85,37.99,BOB,13.33,0.00,06/08/2025 16:38:42,7310704330,S-001,Banexcoin Bolivia
7069,"06/08/2025 16:40:27, UTC -04:00",Completed,Sell,ElenaMoreno57Max,20149,2.85,37.99,BOB,13.33,0.00,06/08/2025 16:40:40,7310711180,S-001,Banexcoin Bolivia
7070,"06/08/2025 16:41:39, UTC -04:00",Completed,Sell,MariaPerez61Bo,20164,11.26,149.99,BOB,13.33,0.00,06/08/2025 16:41:52,7310714980,S-001,Banexcoin Bolivia
7071,"06/08/2025 16:42:33, UTC -04:00",Completed,Sell,MariaPerez61Bo,20164,1.73,22.99,BOB,13.33,0.00,06/08/2025 16:42:48,7310718230,S-001,Banexcoin Bolivia
7072,"06/08/2025 16:43:39, UTC -04:00",Completed,Sell,MariaPerez61Bo,20164,5.70,75.99,BOB,13.32,0.00,06/08/2025 16:44:26,7310723850,S-001,Banexcoin Bolivia
7074,"06/08/2025 16:46:41, UTC -04:00",Completed,Sell,MariaPerez61Bo,20164,1.73,22.99,BOB,13.32,0.00,06/08/2025 16:46:55,7310732100,S-001,Banexcoin Bolivia
7075,"06/08/2025 16:47:15, UTC -04:00",Completed,Sell,MariaPerez61Bo,20164,1.73,22.99,BOB,13.33,0.00,06/08/2025 16:47:31,7310734040,S-001,Banexcoin Bolivia
7076,"06/08/2025 16:50:01, UTC -04:00",Completed,Sell,AndresVega17Pro,10086,27.24,363.00,BOB,13.32,0.00,06/08/2025 16:50:17,7310743440,S-001,Banexcoin Bolivia
7077,"06/08/2025 16:50:06, UTC -04:00",Completed,Sell,MariaPerez61Bo,20164,11.26,149.99,BOB,13.32,0.00,06/08/2025 16:50:25,7310743970,S-001,Banexcoin Bolivia
7078,"06/08/2025 17:03:46, UTC -04:00",Completed,Sell,MariaPerez61Bo,20164,27.01,359.99,BOB,13.33,0.00,06/08/2025 17:03:59,7310791210,S-001,Banexcoin Bolivia
7079,"06/08/2025 17:04:01, UTC -04:00",Completed,Sell,LauraLopez98123,20181,10.88,145.00,BOB,13.33,0.00,06/08/2025 17:04:15,7310792160,S-001,Banexcoin Bolivia
7080,"06/08/2025 17:04:19, UTC -04:00",Completed,Sell,AndresVega17Pro,10086,135.11,"1,800.00",BOB,13.32,0.00,06/08/2025 17:04:33,7310793160,S-001,Banexcoin Bolivia
7081,"06/08/2025 17:23:09, UTC -04:00",Completed,Sell,MariaPerez61Bo,20164,1.73,22.99,BOB,13.31,0.00,06/08/2025 17:23:20,7310860720,S-001,Banexcoin Bolivia
7083,"06/08/2025 17:29:41, UTC -04:00",Completed,Sell,ClaudiaMedina11Pro,20008,60.13,800.00,BOB,13.30,0.00,06/08/2025 17:30:27,7310889150,S-001,Banexcoin Bolivia
7084,"06/08/2025 17:38:12, UTC -04:00",Completed,Sell,MariaPerez61Bo,20164,5.71,75.99,BOB,13.30,0.00,06/08/2025 17:38:29,7310922370,S-001,Banexcoin Bolivia
7085,"06/08/2025 18:14:59, UTC -04:00",Completed,Sell,JoseMendoza542025,20200,3.39,45.00,BOB,13.29,0.00,06/08/2025 18:15:13,7311051220,S-001,Banexcoin Bolivia
7087,"06/08/2025 18:27:22, UTC -04:00",Completed,Sell,MariaPerez61Bo,20164,11.31,149.99,BOB,13.26,0.00,06/08/2025 18:27:35,7311096240,S-001,Banexcoin Bolivia
7088,"06/08/2025 18:39:48, UTC -04:00",Completed,Sell,ElenaMoreno57Max,20149,0.56,7.49,BOB,13.26,0.00,06/08/2025 18:40:02,7311141220,S-001,Banexcoin Bolivia
7089,"06/08/2025 18:42:12, UTC -04:00",Completed,Sell,ElenaMoreno57Max,20149,0.57,7.49,BOB,13.25,0.00,06/08/2025 18:42:26,7311149850,S-001,Banexcoin Bolivia
7090,"06/08/2025 18:44:22, UTC -04:00",Completed,Sell,ElenaMoreno57Max,20149,5.74,75.99,BOB,13.23,0.00,06/08/2025 18:44:40,7311158290,S-001,Banexcoin Bolivia
7091,"06/08/2025 18:45:14, UTC -04:00",Completed,Sell,ElenaMoreno57Max,20149,1.74,22.99,BOB,13.24,0.00,06/08/2025 18:45:26,7311161100,S-001,Banexcoin Bolivia
7092,"06/08/2025 18:46:31, UTC -04:00",Completed,Sell,ElenaMoreno57Max,20149,5.74,75.99,BOB,13.24,0.00,06/08/2025 18:46:42,7311166300,S-001,Banexcoin Bolivia
7093,"06/08/2025 18:47:19, UTC -04:00",Completed,Sell,ElenaMoreno57Max,20149,0.57,7.49,BOB,13.24,0.00,06/08/2025 18:47:32,7311169110,S-001,Banexcoin Bolivia
7094,"06/08/2025 18:47:39, UTC -04:00",Completed,Sell,ElenaMoreno57Max,20149,0.57,7.49,BOB,13.24,0.00,06/08/2025 18:47:50,7311170130,S-001,Banexcoin Bolivia
7095,"06/08/2025 18:49:18, UTC -04:00",Completed,Sell,ElenaMoreno57Max,20149,0.57,7.49,BOB,13.24,0.00,06/08/2025 18:49:30,7311176340,S-001,Banexcoin Bolivia
7096,"06/08/2025 18:50:24, UTC -04:00",Completed,Sell,JoseMendoza542025,20200,34.73,460.00,BOB,13.24,0.00,06/08/2025 18:50:38,7311180560,S-001,Banexcoin Bolivia
7097,"06/08/2025 18:51:54, UTC -04:00",Completed,Sell,SandraRamirez19Ec,20063,15.10,200.00,BOB,13.24,0.00,06/08/2025 18:52:10,7311186290,S-001,Banexcoin Bolivia
7098,"06/08/2025 19:04:31, UTC -04:00",Completed,Sell,MariaPerez61Bo,20164,27.20,359.99,BOB,13.23,0.00,06/08/2025 19:04:45,7311234820,S-001,Banexcoin Bolivia
7099,"06/08/2025 19:33:31, UTC -04:00",Completed,Sell,ElenaMoreno57Max,20149,27.22,359.99,BOB,13.23,0.00,06/08/2025 19:33:54,7311347340,S-001,Banexcoin Bolivia
7100,"06/08/2025 19:35:09, UTC -04:00",Completed,Sell,ElenaMoreno57Max,20149,27.20,359.99,BOB,13.23,0.00,06/08/2025 19:35:28,7311353060,S-001,Banexcoin Bolivia
7104,"06/08/2025 19:42:14, UTC -04:00",Completed,Sell,ElenaMoreno57Max,20149,5.74,75.99,BOB,13.24,0.00,06/08/2025 19:42:28,7311380230,S-001,Banexcoin Bolivia
7106,"06/08/2025 19:44:33, UTC -04:00",Completed,Sell,ElenaMoreno57Max,20149,27.19,359.99,BOB,13.24,0.00,06/08/2025 19:44:49,7311389040,S-001,Banexcoin Bolivia
7107,"06/08/2025 19:53:34, UTC -04:00",Completed,Sell,ElenaMoreno57Max,20149,1.74,22.99,BOB,13.23,0.00,06/08/2025 19:53:45,7311422790,S-001,Banexcoin Bolivia
7109,"06/08/2025 19:57:54, UTC -04:00",Completed,Sell,LuisSoto61Pe,20125,22.68,300.00,BOB,13.23,0.00,06/08/2025 19:58:13,7311438840,S-001,Banexcoin Bolivia
7110,"06/08/2025 19:57:59, UTC -04:00",Completed,Sell,ElenaMoreno57Max,20149,27.22,359.99,BOB,13.23,0.00,06/08/2025 19:58:19,7311439420,S-001,Banexcoin Bolivia
7112,"06/08/2025 20:01:25, UTC -04:00",Completed,Sell,ElenaMoreno57Max,20149,27.22,359.99,BOB,13.23,0.00,06/08/2025 20:01:35,7311451210,S-001,Banexcoin Bolivia
7113,"06/08/2025 20:03:14, UTC -04:00",Completed,Sell,ElenaMoreno57Max,20149,1.74,22.99,BOB,13.22,0.00,06/08/2025 20:03:29,7311457850,S-001,Banexcoin Bolivia
7114,"06/08/2025 20:04:21, UTC -04:00",Completed,Sell,ElenaMoreno57Max,20149,2.87,37.99,BOB,13.22,0.00,06/08/2025 20:04:33,7311461860,S-001,Banexcoin Bolivia
7115,"06/08/2025 20:04:41, UTC -04:00",Completed,Sell,ElenaMoreno57Max,20149,0.57,7.49,BOB,13.22,0.00,06/08/2025 20:05:07,7311464210,S-001,Banexcoin Bolivia
7116,"06/08/2025 20:07:08, UTC -04:00",Completed,Sell,ElenaMoreno57Max,20149,5.75,75.99,BOB,13.22,0.00,06/08/2025 20:07:21,7311472040,S-001,Banexcoin Bolivia
7117,"06/08/2025 20:08:21, UTC -04:00",Completed,Sell,ElenaMoreno57Max,20149,2.87,37.99,BOB,13.22,0.00,06/08/2025 20:08:36,7311476720,S-001,Banexcoin Bolivia
7118,"06/08/2025 20:08:58, UTC -04:00",Completed,Sell,AlejandroRubio32Cl,20168,0.76,10.00,BOB,13.22,0.00,06/08/2025 20:09:48,7311481590,S-001,Banexcoin Bolivia
7119,"06/08/2025 20:16:11, UTC -04:00",Completed,Sell,FernandoCampos72123,20202,151.23,"2,000.00",BOB,13.23,0.00,06/08/2025 20:16:28,7311505970,S-001,Banexcoin Bolivia
7120,"06/08/2025 20:18:23, UTC -04:00",Completed,Sell,MariaPerez61Bo,20164,27.22,359.99,BOB,13.23,0.00,06/08/2025 20:18:36,7311513150,S-001,Banexcoin Bolivia
7121,"06/08/2025 20:19:20, UTC -04:00",Completed,Sell,MariaPerez61Bo,20164,1.74,22.99,BOB,13.23,0.00,06/08/2025 20:19:30,7311516630,S-001,Banexcoin Bolivia
7122,"06/08/2025 20:19:41, UTC -04:00",Completed,Sell,MariaPerez61Bo,20164,1.74,22.99,BOB,13.23,0.00,06/08/2025 20:20:32,7311520090,S-001,Banexcoin Bolivia
7123,"06/08/2025 20:21:08, UTC -04:00",Completed,Sell,ElenaMoreno57Max,20149,1.74,22.99,BOB,13.23,0.00,06/08/2025 20:21:18,7311523470,S-001,Banexcoin Bolivia
7124,"06/08/2025 20:22:12, UTC -04:00",Completed,Sell,ElenaMoreno57Max,20149,0.57,7.49,BOB,13.23,0.00,06/08/2025 20:22:26,7311527590,S-001,Banexcoin Bolivia
7125,"06/08/2025 20:24:43, UTC -04:00",Completed,Sell,MariaPerez61Bo,20164,11.34,149.99,BOB,13.23,0.00,06/08/2025 20:24:56,7311537430,S-001,Banexcoin Bolivia
7126,"06/08/2025 20:37:28, UTC -04:00",Completed,Sell,MariaPerez61Bo,20164,11.37,149.99,BOB,13.20,0.00,06/08/2025 20:37:45,7311583590,S-001,Banexcoin Bolivia
7127,"06/08/2025 20:37:56, UTC -04:00",Completed,Sell,MariaPerez61Bo,20164,27.28,359.99,BOB,13.20,0.00,06/08/2025 20:38:11,7311584980,S-001,Banexcoin Bolivia
7128,"06/08/2025 20:45:19, UTC -04:00",Completed,Sell,LuisSoto61Pe,20125,5.32,70.00,BOB,13.15,0.00,06/08/2025 20:45:33,245580490,S-001,Banexcoin Bolivia
7129,"06/08/2025 20:45:24, UTC -04:00",Completed,Sell,MariaPerez61Bo,20164,11.41,149.99,BOB,13.15,0.00,06/08/2025 20:45:43,7311612080,S-001,Banexcoin Bolivia
7130,"06/08/2025 21:13:12, UTC -04:00",Completed,Sell,MariaPerez61Bo,20164,11.38,149.99,BOB,13.18,0.00,06/08/2025 21:15:12,7311711770,S-001,Banexcoin Bolivia
7131,"06/08/2025 21:15:20, UTC -04:00",Completed,Sell,MariaPerez61Bo,20164,11.38,149.99,BOB,13.18,0.00,06/08/2025 21:15:32,7311712910,S-001,Banexcoin Bolivia
7136,"06/08/2025 21:17:31, UTC -04:00",Completed,Sell,MariaPerez61Bo,20164,27.31,359.99,BOB,13.18,0.00,06/08/2025 21:17:43,7311719750,S-001,Banexcoin Bolivia
7137,"06/08/2025 21:17:54, UTC -04:00",Completed,Sell,MariaPerez61Bo,20164,27.31,359.99,BOB,13.18,0.00,06/08/2025 21:18:07,7311721180,S-001,Banexcoin Bolivia
7138,"06/08/2025 21:48:50, UTC -04:00",Completed,Sell,MariaPerez61Bo,20164,27.31,359.99,BOB,13.18,0.00,06/08/2025 21:49:02,7311814670,S-001,Banexcoin Bolivia
7139,"06/08/2025 21:50:21, UTC -04:00",Completed,Sell,ElenaMoreno57Max,20149,27.31,359.99,BOB,13.18,0.00,06/08/2025 21:50:34,7311819070,S-001,Banexcoin Bolivia
7140,"06/08/2025 21:50:42, UTC -04:00",Completed,Sell,ElenaMoreno57Max,20149,27.31,359.99,BOB,13.18,0.00,06/08/2025 21:50:56,7311820140,S-001,Banexcoin Bolivia
7141,"06/08/2025 21:54:35, UTC -04:00",Completed,Sell,MariaPerez61Bo,20164,27.31,359.99,BOB,13.18,0.00,06/08/2025 21:54:48,7311831060,S-001,Banexcoin Bolivia
7143,"06/08/2025 21:59:18, UTC -04:00",Completed,Sell,ElenaMoreno57Max,20149,11.38,149.99,BOB,13.18,0.00,06/08/2025 21:59:30,7311844430,S-001,Banexcoin Bolivia
7144,"06/08/2025 22:00:44, UTC -04:00",Completed,Sell,ElenaMoreno57Max,20149,0.57,7.49,BOB,13.18,0.00,06/08/2025 22:00:58,7311847880,S-001,Banexcoin Bolivia
7145,"06/08/2025 22:10:37, UTC -04:00",Completed,Sell,MariaPerez61Bo,20164,27.36,359.99,BOB,13.16,0.00,06/08/2025 22:10:51,7311873300,S-001,Banexcoin Bolivia
7146,"06/08/2025 22:11:09, UTC -04:00",Completed,Sell,MariaPerez61Bo,20164,5.77,75.99,BOB,13.16,0.00,06/08/2025 22:11:21,7311874530,S-001,Banexcoin Bolivia
7147,"06/08/2025 22:34:15, UTC -04:00",Completed,Sell,ElenaMoreno57Max,20149,11.41,149.99,BOB,13.14,0.00,06/08/2025 22:34:28,7311930580,S-001,Banexcoin Bolivia
7148,"06/08/2025 22:36:34, UTC -04:00",Completed,Sell,MariaPerez61Bo,20164,11.41,149.99,BOB,13.14,0.00,06/08/2025 22:36:50,7311935960,S-001,Banexcoin Bolivia
7149,"06/08/2025 22:37:10, UTC -04:00",Completed,Sell,MariaPerez61Bo,20164,27.39,359.99,BOB,13.14,0.00,06/08/2025 22:37:22,7311937150,S-001,Banexcoin Bolivia
7150,"06/08/2025 22:38:00, UTC -04:00",Completed,Sell,MariaPerez61Bo,20164,11.41,149.99,BOB,13.14,0.00,06/08/2025 22:38:16,7311939160,S-001,Banexcoin Bolivia
7151,"06/08/2025 23:13:42, UTC -04:00",Completed,Sell,ElenaMoreno57Max,20149,1.75,22.99,BOB,13.16,0.00,06/08/2025 23:13:56,7312009930,S-001,Banexcoin Bolivia
7153,"06/08/2025 23:15:30, UTC -04:00",Completed,Sell,ElenaMoreno57Max,20149,2.89,37.99,BOB,13.16,0.00,06/08/2025 23:15:44,7312012980,S-001,Banexcoin Bolivia
7154,"06/08/2025 23:39:33, UTC -04:00",Completed,Sell,MariaPerez61Bo,20164,11.39,149.99,BOB,13.17,0.00,06/08/2025 23:39:47,7312050200,S-001,Banexcoin Bolivia
7155,"06/08/2025 23:40:18, UTC -04:00",Completed,Sell,MariaPerez61Bo,20164,27.33,359.99,BOB,13.17,0.00,06/08/2025 23:40:31,7312051150,S-001,Banexcoin Bolivia
7156,"06/08/2025 23:41:26, UTC -04:00",Completed,Sell,MariaPerez61Bo,20164,5.77,75.99,BOB,13.17,0.00,06/08/2025 23:41:37,7312052970,S-001,Banexcoin Bolivia
7160,"07/08/2025 00:04:19, UTC -04:00",Completed,Sell,MariaPerez61Bo,20164,11.42,149.99,BOB,13.13,0.00,07/08/2025 00:04:32,7312074870,S-001,Banexcoin Bolivia
7161,"07/08/2025 00:22:48, UTC -04:00",Completed,Sell,MariaPerez61Bo,20164,11.45,149.99,BOB,13.10,0.00,07/08/2025 00:23:03,7312096130,S-001,Banexcoin Bolivia
7162,"07/08/2025 00:23:15, UTC -04:00",Completed,Sell,ElenaMoreno57Max,20149,0.57,7.49,BOB,13.10,0.00,07/08/2025 00:23:29,7312096560,S-001,Banexcoin Bolivia
7163,"07/08/2025 00:23:51, UTC -04:00",Completed,Sell,ElenaMoreno57Max,20149,0.57,7.49,BOB,13.10,0.00,07/08/2025 00:24:09,7312097100,S-001,Banexcoin Bolivia
7165,"07/08/2025 00:25:54, UTC -04:00",Completed,Sell,ElenaMoreno57Max,20149,27.48,359.99,BOB,13.10,0.00,07/08/2025 00:26:07,7312099220,S-001,Banexcoin Bolivia
7166,"07/08/2025 00:37:13, UTC -04:00",Completed,Sell,ElenaMoreno57Max,20149,5.82,75.99,BOB,13.06,0.00,07/08/2025 00:37:33,7312109900,S-001,Banexcoin Bolivia
7167,"07/08/2025 00:56:17, UTC -04:00",Completed,Sell,MariaPerez61Bo,20164,2.90,37.99,BOB,13.09,0.00,07/08/2025 00:56:30,7312125110,S-001,Banexcoin Bolivia
7168,"07/08/2025 01:16:37, UTC -04:00",Completed,Sell,MariaPerez61Bo,20164,5.78,75.99,BOB,13.14,0.00,07/08/2025 01:16:51,7312139530,S-001,Banexcoin Bolivia
7169,"07/08/2025 01:45:37, UTC -04:00",Completed,Sell,MariaPerez61Bo,20164,27.35,359.99,BOB,13.16,0.00,07/08/2025 01:45:51,7312157080,S-001,Banexcoin Bolivia
7178,"07/08/2025 04:03:39, UTC -04:00",Completed,Sell,MariaPerez61Bo,20164,5.79,75.99,BOB,13.13,0.00,07/08/2025 04:03:51,7312212370,S-001,Banexcoin Bolivia
7189,"07/08/2025 07:31:49, UTC -04:00",Completed,Sell,JoseMendoza542025,20200,3.27,43.00,BOB,13.15,0.00,07/08/2025 07:32:06,7312293730,S-001,Banexcoin Bolivia
7190,"07/08/2025 08:10:19, UTC -04:00",Completed,Sell,JoseMendoza542025,20200,5.17,68.00,BOB,13.16,0.00,07/08/2025 08:10:32,7312345790,S-001,Banexcoin Bolivia
7192,"07/08/2025 09:47:01, UTC -04:00",Completed,Sell,AndresVega17Pro,10086,121.48,"1,600.00",BOB,13.17,0.00,07/08/2025 09:47:14,7312570540,S-001,Banexcoin Bolivia
7193,"07/08/2025 10:57:26, UTC -04:00",Completed,Sell,LauraLopez98123,20181,2.05,27.00,BOB,13.17,0.00,07/08/2025 10:57:41,7312827110,S-001,Banexcoin Bolivia
7198,"07/08/2025 11:13:11, UTC -04:00",Completed,Sell,ElenaMoreno57Max,20149,0.76,10.00,BOB,13.18,0.00,07/08/2025 11:13:26,7312890490,S-001,Banexcoin Bolivia
7200,"07/08/2025 11:37:48, UTC -04:00",Completed,Sell,LauraLopez98123,20181,12.14,160.00,BOB,13.18,0.00,07/08/2025 11:38:01,7312989170,S-001,Banexcoin Bolivia
7201,"07/08/2025 11:41:31, UTC -04:00",Completed,Sell,LauraLopez98123,20181,1.37,18.00,BOB,13.18,0.00,07/08/2025 11:41:47,7313004960,S-001,Banexcoin Bolivia
7211,"07/08/2025 12:34:48, UTC -04:00",Completed,Sell,IsabelMunoz76Max,20141,21.31,280.00,BOB,13.14,0.00,07/08/2025 12:35:30,7313241630,S-001,Banexcoin Bolivia
7213,"07/08/2025 12:56:01, UTC -04:00",Completed,Sell,LuisSoto61Pe,20125,2.84,37.00,BOB,13.01,0.00,07/08/2025 12:56:12,245725130,S-001,Banexcoin Bolivia
7217,"07/08/2025 13:15:46, UTC -04:00",Completed,Sell,LauraLopez98123,20181,1.53,20.00,BOB,13.07,0.00,07/08/2025 13:15:59,7313411990,S-001,Banexcoin Bolivia
7218,"07/08/2025 13:22:39, UTC -04:00",Completed,Sell,ElenaMoreno57Max,20149,0.57,7.49,BOB,13.03,0.00,07/08/2025 13:22:54,7313439160,S-001,Banexcoin Bolivia
7219,"07/08/2025 13:34:16, UTC -04:00",Completed,Sell,ElenaMoreno57Max,20149,5.84,75.99,BOB,13.01,0.00,07/08/2025 13:34:30,7313483800,S-001,Banexcoin Bolivia
7220,"07/08/2025 13:36:41, UTC -04:00",Completed,Sell,ElenaMoreno57Max,20149,2.92,37.99,BOB,13.00,0.00,07/08/2025 13:36:58,7313493320,S-001,Banexcoin Bolivia
7221,"07/08/2025 13:39:08, UTC -04:00",Completed,Sell,ElenaMoreno57Max,20149,2.92,37.99,BOB,12.99,0.00,07/08/2025 13:39:24,7313502670,S-001,Banexcoin Bolivia
7222,"07/08/2025 13:44:02, UTC -04:00",Completed,Sell,ElenaMoreno57Max,20149,0.58,7.49,BOB,12.99,0.00,07/08/2025 13:44:19,7313520170,S-001,Banexcoin Bolivia
7223,"07/08/2025 13:44:25, UTC -04:00",Completed,Sell,ElenaMoreno57Max,20149,1.77,22.99,BOB,12.99,0.00,07/08/2025 13:44:39,7313521320,S-001,Banexcoin Bolivia
7224,"07/08/2025 13:46:55, UTC -04:00",Completed,Sell,ElenaMoreno57Max,20149,5.85,75.99,BOB,12.99,0.00,07/08/2025 13:47:25,7313531740,S-001,Banexcoin Bolivia
7225,"07/08/2025 13:47:31, UTC -04:00",Completed,Sell,ElenaMoreno57Max,20149,2.92,37.99,BOB,12.99,0.00,07/08/2025 13:47:45,7313533200,S-001,Banexcoin Bolivia
7227,"07/08/2025 13:53:44, UTC -04:00",Completed,Sell,FernandoCampos72123,20202,77.12,"1,000.00",BOB,12.97,0.00,07/08/2025 13:53:59,7313556170,S-001,Banexcoin Bolivia
7228,"07/08/2025 13:53:49, UTC -04:00",Completed,Sell,MariaPerez61Bo,20164,27.76,359.99,BOB,12.97,0.00,07/08/2025 13:54:09,7313556850,S-001,Banexcoin Bolivia
7229,"07/08/2025 13:55:18, UTC -04:00",Completed,Sell,MariaPerez61Bo,20164,5.87,75.99,BOB,12.94,0.00,07/08/2025 13:55:33,7313562310,S-001,Banexcoin Bolivia
7230,"07/08/2025 13:57:00, UTC -04:00",Completed,Sell,ElenaMoreno57Max,20149,27.82,359.99,BOB,12.94,0.00,07/08/2025 13:57:13,7313568620,S-001,Banexcoin Bolivia
7231,"07/08/2025 13:58:18, UTC -04:00",Completed,Sell,ElenaMoreno57Max,20149,27.86,359.99,BOB,12.92,0.00,07/08/2025 13:58:41,7313573650,S-001,Banexcoin Bolivia
7232,"07/08/2025 14:41:55, UTC -04:00",Completed,Sell,MariaPerez61Bo,20164,11.54,149.99,BOB,13.00,0.00,07/08/2025 14:42:07,7313731490,S-001,Banexcoin Bolivia
7233,"07/08/2025 14:42:08, UTC -04:00",Completed,Sell,ElenaMoreno57Max,20149,11.53,149.99,BOB,13.01,0.00,07/08/2025 14:42:31,7313733110,S-001,Banexcoin Bolivia
7234,"07/08/2025 14:43:10, UTC -04:00",Completed,Sell,ElenaMoreno57Max,20149,5.84,75.99,BOB,13.00,0.00,07/08/2025 14:43:21,7313736510,S-001,Banexcoin Bolivia
7235,"07/08/2025 14:48:37, UTC -04:00",Completed,Sell,ElenaMoreno57Max,20149,1.77,22.99,BOB,13.03,0.00,07/08/2025 14:48:51,7313756280,S-001,Banexcoin Bolivia
7236,"07/08/2025 14:49:59, UTC -04:00",Completed,Sell,ElenaMoreno57Max,20149,2.92,37.99,BOB,13.03,0.00,07/08/2025 14:50:12,7313761350,S-001,Banexcoin Bolivia
7238,"07/08/2025 15:03:36, UTC -04:00",Completed,Sell,ElenaMoreno57Max,20149,1.76,22.99,BOB,13.06,0.00,07/08/2025 15:03:48,7313810650,S-001,Banexcoin Bolivia
7239,"07/08/2025 15:04:42, UTC -04:00",Completed,Sell,ElenaMoreno57Max,20149,5.82,75.99,BOB,13.06,0.00,07/08/2025 15:04:58,7313814790,S-001,Banexcoin Bolivia
7240,"07/08/2025 15:05:27, UTC -04:00",Completed,Sell,ElenaMoreno57Max,20149,5.82,75.99,BOB,13.06,0.00,07/08/2025 15:05:40,7313817190,S-001,Banexcoin Bolivia
7241,"07/08/2025 15:06:32, UTC -04:00",Completed,Sell,ElenaMoreno57Max,20149,5.82,75.99,BOB,13.06,0.00,07/08/2025 15:06:44,7313821450,S-001,Banexcoin Bolivia
7244,"07/08/2025 15:18:15, UTC -04:00",Completed,Sell,MariaPerez61Bo,20164,27.59,359.99,BOB,13.05,0.00,07/08/2025 15:18:29,7313863280,S-001,Banexcoin Bolivia
7246,"07/08/2025 15:42:56, UTC -04:00",Completed,Sell,MariaPerez61Bo,20164,11.46,149.99,BOB,13.09,0.00,07/08/2025 15:43:10,7313951700,S-001,Banexcoin Bolivia
7251,"07/08/2025 15:48:01, UTC -04:00",Completed,Sell,MariaPerez61Bo,20164,5.80,75.99,BOB,13.09,0.00,07/08/2025 15:49:10,7313973710,S-001,Banexcoin Bolivia
7254,"07/08/2025 16:03:44, UTC -04:00",Completed,Sell,LauraLopez98123,20181,1.90,25.00,BOB,13.13,0.00,07/08/2025 16:03:57,7314025640,S-001,Banexcoin Bolivia
7255,"07/08/2025 16:22:37, UTC -04:00",Completed,Sell,ElenaMoreno57Max,20149,11.44,149.99,BOB,13.11,0.00,07/08/2025 16:22:50,7314093870,S-001,Banexcoin Bolivia
7256,"07/08/2025 16:23:37, UTC -04:00",Completed,Sell,ElenaMoreno57Max,20149,2.90,37.99,BOB,13.11,0.00,07/08/2025 16:23:52,7314098010,S-001,Banexcoin Bolivia
7257,"07/08/2025 16:23:56, UTC -04:00",Completed,Sell,LauraLopez98123,20181,2.67,35.00,BOB,13.11,0.00,07/08/2025 16:24:08,245787090,S-001,Banexcoin Bolivia
7258,"07/08/2025 16:24:34, UTC -04:00",Completed,Sell,ElenaMoreno57Max,20149,0.57,7.49,BOB,13.11,0.00,07/08/2025 16:24:46,7314101400,S-001,Banexcoin Bolivia
7259,"07/08/2025 16:25:57, UTC -04:00",Completed,Sell,ElenaMoreno57Max,20149,2.90,37.99,BOB,13.12,0.00,07/08/2025 16:26:12,7314106800,S-001,Banexcoin Bolivia
7261,"07/08/2025 17:05:22, UTC -04:00",Completed,Sell,ElenaMoreno57Max,20149,11.46,149.99,BOB,13.09,0.00,07/08/2025 17:06:08,7314249950,S-001,Banexcoin Bolivia
7262,"07/08/2025 17:07:12, UTC -04:00",Completed,Sell,ElenaMoreno57Max,20149,11.46,149.99,BOB,13.08,0.00,07/08/2025 17:07:30,7314254950,S-001,Banexcoin Bolivia
7263,"07/08/2025 17:09:57, UTC -04:00",Completed,Sell,ElenaMoreno57Max,20149,1.76,22.99,BOB,13.08,0.00,07/08/2025 17:10:16,7314265300,S-001,Banexcoin Bolivia
7264,"07/08/2025 17:10:33, UTC -04:00",Completed,Sell,ElenaMoreno57Max,20149,1.76,22.99,BOB,13.08,0.00,07/08/2025 17:10:44,7314267150,S-001,Banexcoin Bolivia
7265,"07/08/2025 17:11:43, UTC -04:00",Completed,Sell,ElenaMoreno57Max,20149,27.53,359.99,BOB,13.08,0.00,07/08/2025 17:11:56,7314271730,S-001,Banexcoin Bolivia
7266,"07/08/2025 17:13:10, UTC -04:00",Completed,Sell,ElenaMoreno57Max,20149,2.91,37.99,BOB,13.07,0.00,07/08/2025 17:13:24,7314276680,S-001,Banexcoin Bolivia
7267,"07/08/2025 17:15:42, UTC -04:00",Completed,Sell,MariaPerez61Bo,20164,11.48,149.99,BOB,13.06,0.00,07/08/2025 17:15:54,7314285810,S-001,Banexcoin Bolivia
7268,"07/08/2025 18:07:05, UTC -04:00",Completed,Sell,ElenaMoreno57Max,20149,2.91,37.99,BOB,13.07,0.00,07/08/2025 18:07:18,7314477150,S-001,Banexcoin Bolivia
7269,"07/08/2025 18:07:34, UTC -04:00",Completed,Sell,ElenaMoreno57Max,20149,0.57,7.49,BOB,13.07,0.00,07/08/2025 18:07:46,7314479170,S-001,Banexcoin Bolivia
7270,"07/08/2025 18:12:21, UTC -04:00",Completed,Sell,ElenaMoreno57Max,20149,0.57,7.49,BOB,13.07,0.00,07/08/2025 18:12:47,7314498190,S-001,Banexcoin Bolivia
7271,"07/08/2025 18:13:43, UTC -04:00",Completed,Sell,ElenaMoreno57Max,20149,5.82,75.99,BOB,13.07,0.00,07/08/2025 18:13:57,7314502410,S-001,Banexcoin Bolivia
7272,"07/08/2025 18:14:26, UTC -04:00",Completed,Sell,ElenaMoreno57Max,20149,27.55,359.99,BOB,13.07,0.00,07/08/2025 18:14:39,7314505020,S-001,Banexcoin Bolivia
7274,"07/08/2025 18:23:00, UTC -04:00",Completed,Sell,MariaPerez61Bo,20164,11.48,149.99,BOB,13.06,0.00,07/08/2025 18:23:13,7314538780,S-001,Banexcoin Bolivia
7276,"07/08/2025 18:38:15, UTC -04:00",Completed,Sell,ElenaMoreno57Max,20149,2.91,37.99,BOB,13.06,0.00,07/08/2025 18:38:30,7314598850,S-001,Banexcoin Bolivia
7277,"07/08/2025 18:39:12, UTC -04:00",Completed,Sell,ElenaMoreno57Max,20149,2.91,37.99,BOB,13.06,0.00,07/08/2025 18:39:28,7314602350,S-001,Banexcoin Bolivia
7279,"07/08/2025 18:48:01, UTC -04:00",Completed,Sell,MariaPerez61Bo,20164,11.47,149.99,BOB,13.07,0.00,07/08/2025 18:48:14,7314636880,S-001,Banexcoin Bolivia
7281,"07/08/2025 18:59:43, UTC -04:00",Completed,Sell,ElenaMoreno57Max,20149,5.81,75.99,BOB,13.08,0.00,07/08/2025 19:01:47,7314689750,S-001,Banexcoin Bolivia
7287,"07/08/2025 19:04:43, UTC -04:00",Completed,Sell,MariaPerez61Bo,20164,11.46,149.99,BOB,13.09,0.00,07/08/2025 19:04:57,7314702330,S-001,Banexcoin Bolivia
7288,"07/08/2025 19:05:55, UTC -04:00",Completed,Sell,MariaPerez61Bo,20164,27.50,359.99,BOB,13.09,0.00,07/08/2025 19:06:09,7314707260,S-001,Banexcoin Bolivia
7289,"07/08/2025 19:08:21, UTC -04:00",Completed,Sell,ElenaMoreno57Max,20149,11.46,149.99,BOB,13.09,0.00,07/08/2025 19:08:47,7314718240,S-001,Banexcoin Bolivia
7292,"07/08/2025 19:21:55, UTC -04:00",Completed,Sell,ElenaMoreno57Max,20149,2.90,37.99,BOB,13.10,0.00,07/08/2025 19:22:12,7314772390,S-001,Banexcoin Bolivia
7293,"07/08/2025 19:22:38, UTC -04:00",Completed,Sell,ElenaMoreno57Max,20149,1.75,22.99,BOB,13.10,0.00,07/08/2025 19:22:52,7314774870,S-001,Banexcoin Bolivia
7294,"07/08/2025 19:24:13, UTC -04:00",Completed,Sell,ElenaMoreno57Max,20149,27.47,359.99,BOB,13.11,0.00,07/08/2025 19:24:28,7314781480,S-001,Banexcoin Bolivia
7295,"07/08/2025 19:24:39, UTC -04:00",Completed,Sell,ElenaMoreno57Max,20149,27.47,359.99,BOB,13.11,0.00,07/08/2025 19:24:52,7314783350,S-001,Banexcoin Bolivia
7297,"07/08/2025 19:25:32, UTC -04:00",Completed,Sell,LuciaHerrera662025,20019,0.69,9.00,BOB,13.11,0.00,07/08/2025 19:25:58,7314787610,S-001,Banexcoin Bolivia
7300,"07/08/2025 19:26:38, UTC -04:00",Completed,Sell,MariaPerez61Bo,20164,2.90,37.99,BOB,13.10,0.00,07/08/2025 19:26:48,7314790710,S-001,Banexcoin Bolivia
7301,"07/08/2025 19:27:10, UTC -04:00",Completed,Sell,LuciaHerrera662025,20019,8.24,108.00,BOB,13.10,0.00,07/08/2025 19:27:36,7314793970,S-001,Banexcoin Bolivia
7302,"07/08/2025 19:28:23, UTC -04:00",Completed,Sell,ElenaMoreno57Max,20149,0.57,7.49,BOB,13.10,0.00,07/08/2025 19:28:34,7314798050,S-001,Banexcoin Bolivia
7303,"07/08/2025 19:37:12, UTC -04:00",Completed,Sell,ElenaMoreno57Max,20149,5.80,75.99,BOB,13.10,0.00,07/08/2025 19:37:28,7314845170,S-001,Banexcoin Bolivia
7304,"07/08/2025 19:51:49, UTC -04:00",Completed,Sell,LuisSoto61Pe,20125,0.84,11.00,BOB,13.10,0.00,07/08/2025 19:52:01,245848820,S-001,Banexcoin Bolivia
7305,"07/08/2025 19:58:02, UTC -04:00",Completed,Sell,MariaPerez61Bo,20164,11.44,149.99,BOB,13.11,0.00,07/08/2025 19:58:17,7314926060,S-001,Banexcoin Bolivia
7306,"07/08/2025 20:01:09, UTC -04:00",Completed,Sell,MariaPerez61Bo,20164,11.44,149.99,BOB,13.11,0.00,07/08/2025 20:01:25,7314937970,S-001,Banexcoin Bolivia
7307,"07/08/2025 20:02:20, UTC -04:00",Completed,Sell,LuisSoto61Pe,20125,7.63,100.00,BOB,13.11,0.00,07/08/2025 20:02:33,7314942290,S-001,Banexcoin Bolivia
7308,"07/08/2025 20:02:33, UTC -04:00",Completed,Sell,MariaPerez61Bo,20164,27.46,359.99,BOB,13.11,0.00,07/08/2025 20:02:47,7314943070,S-001,Banexcoin Bolivia
7309,"07/08/2025 20:09:47, UTC -04:00",Completed,Sell,LuisSoto61Pe,20125,4.43,58.00,BOB,13.10,0.00,07/08/2025 20:10:04,7314970820,S-001,Banexcoin Bolivia
7310,"07/08/2025 20:13:09, UTC -04:00",Completed,Sell,ElenaMoreno57Max,20149,0.57,7.49,BOB,13.10,0.00,07/08/2025 20:13:22,7314982960,S-001,Banexcoin Bolivia
7311,"07/08/2025 20:20:41, UTC -04:00",Completed,Sell,ElenaMoreno57Max,20149,27.46,359.99,BOB,13.11,0.00,07/08/2025 20:21:00,7315010430,S-001,Banexcoin Bolivia
7312,"07/08/2025 20:21:38, UTC -04:00",Completed,Sell,ElenaMoreno57Max,20149,27.46,359.99,BOB,13.11,0.00,07/08/2025 20:21:50,7315013400,S-001,Banexcoin Bolivia
7313,"07/08/2025 20:22:35, UTC -04:00",Completed,Sell,ElenaMoreno57Max,20149,2.90,37.99,BOB,13.11,0.00,07/08/2025 20:22:48,7315016930,S-001,Banexcoin Bolivia
7314,"07/08/2025 20:23:13, UTC -04:00",Completed,Sell,ElenaMoreno57Max,20149,0.57,7.49,BOB,13.11,0.00,07/08/2025 20:23:26,7315018950,S-001,Banexcoin Bolivia
7315,"07/08/2025 20:23:31, UTC -04:00",Completed,Sell,MariaPerez61Bo,20164,11.44,149.99,BOB,13.11,0.00,07/08/2025 20:23:44,7315020130,S-001,Banexcoin Bolivia
7316,"07/08/2025 20:31:21, UTC -04:00",Completed,Sell,ElenaMoreno57Max,20149,2.90,37.99,BOB,13.10,0.00,07/08/2025 20:31:35,7315047330,S-001,Banexcoin Bolivia
7317,"07/08/2025 20:33:31, UTC -04:00",Completed,Sell,ElenaMoreno57Max,20149,1.75,22.99,BOB,13.10,0.00,07/08/2025 20:33:43,7315054970,S-001,Banexcoin Bolivia
7318,"07/08/2025 20:35:44, UTC -04:00",Completed,Sell,ElenaMoreno57Max,20149,0.57,7.49,BOB,13.10,0.00,07/08/2025 20:36:01,7315062760,S-001,Banexcoin Bolivia
7320,"07/08/2025 20:49:18, UTC -04:00",Completed,Sell,ElenaMoreno57Max,20149,11.46,149.99,BOB,13.08,0.00,07/08/2025 20:49:31,7315108490,S-001,Banexcoin Bolivia
7321,"07/08/2025 20:49:59, UTC -04:00",Completed,Sell,ElenaMoreno57Max,20149,11.46,149.99,BOB,13.08,0.00,07/08/2025 20:50:13,7315111060,S-001,Banexcoin Bolivia
7322,"07/08/2025 20:57:38, UTC -04:00",Completed,Sell,MariaPerez61Bo,20164,5.81,75.99,BOB,13.08,0.00,07/08/2025 20:57:50,7315137260,S-001,Banexcoin Bolivia
7323,"07/08/2025 20:58:29, UTC -04:00",Completed,Sell,MariaPerez61Bo,20164,27.52,359.99,BOB,13.08,0.00,07/08/2025 20:58:42,7315139970,S-001,Banexcoin Bolivia
7324,"07/08/2025 20:58:50, UTC -04:00",Completed,Sell,MariaPerez61Bo,20164,5.81,75.99,BOB,13.08,0.00,07/08/2025 20:59:04,7315141020,S-001,Banexcoin Bolivia
7326,"07/08/2025 21:19:58, UTC -04:00",Completed,Sell,LuisSoto61Pe,20125,1.07,14.00,BOB,13.07,0.00,07/08/2025 21:20:25,245872300,S-001,Banexcoin Bolivia
7327,"07/08/2025 21:20:26, UTC -04:00",Completed,Sell,ElenaMoreno57Max,20149,27.55,359.99,BOB,13.07,0.00,07/08/2025 21:20:41,7315211840,S-001,Banexcoin Bolivia
7328,"07/08/2025 21:30:06, UTC -04:00",Completed,Sell,ElenaMoreno57Max,20149,2.91,37.99,BOB,13.06,0.00,07/08/2025 21:30:27,7315240900,S-001,Banexcoin Bolivia
7329,"07/08/2025 21:47:54, UTC -04:00",Completed,Sell,MariaPerez61Bo,20164,27.59,359.99,BOB,13.05,0.00,07/08/2025 21:48:06,7315292680,S-001,Banexcoin Bolivia
7330,"07/08/2025 21:49:12, UTC -04:00",Completed,Sell,MariaPerez61Bo,20164,11.49,149.99,BOB,13.05,0.00,07/08/2025 21:49:24,7315296140,S-001,Banexcoin Bolivia
7331,"07/08/2025 21:52:26, UTC -04:00",Completed,Sell,LuisSoto61Pe,20125,4.44,58.00,BOB,13.06,0.00,07/08/2025 21:52:46,7315305880,S-001,Banexcoin Bolivia
7334,"07/08/2025 22:02:57, UTC -04:00",Completed,Sell,LuciaHerrera662025,20019,150.01,"1,959.00",BOB,13.06,0.00,07/08/2025 22:03:27,7315333030,S-001,Banexcoin Bolivia
7335,"07/08/2025 22:04:52, UTC -04:00",Completed,Sell,ElenaMoreno57Max,20149,1.76,22.99,BOB,13.05,0.00,07/08/2025 22:05:05,7315337120,S-001,Banexcoin Bolivia
7336,"07/08/2025 22:13:13, UTC -04:00",Completed,Sell,MariaPerez61Bo,20164,11.49,149.99,BOB,13.05,0.00,07/08/2025 22:13:25,7315357740,S-001,Banexcoin Bolivia
7337,"07/08/2025 22:18:32, UTC -04:00",Completed,Sell,MariaPerez61Bo,20164,11.49,149.99,BOB,13.05,0.00,07/08/2025 22:18:46,7315369610,S-001,Banexcoin Bolivia
7338,"07/08/2025 22:19:25, UTC -04:00",Completed,Sell,MariaPerez61Bo,20164,27.58,359.99,BOB,13.05,0.00,07/08/2025 22:19:36,7315371670,S-001,Banexcoin Bolivia
7339,"07/08/2025 22:46:52, UTC -04:00",Completed,Sell,ElenaMoreno57Max,20149,2.91,37.99,BOB,13.07,0.00,07/08/2025 22:47:05,7315427900,S-001,Banexcoin Bolivia
7340,"07/08/2025 22:47:49, UTC -04:00",Completed,Sell,ElenaMoreno57Max,20149,11.48,149.99,BOB,13.07,0.00,07/08/2025 22:48:01,7315429440,S-001,Banexcoin Bolivia
7343,"07/08/2025 23:00:30, UTC -04:00",Completed,Sell,ElenaMoreno57Max,20149,2.91,37.99,BOB,13.07,0.00,07/08/2025 23:00:43,7315452820,S-001,Banexcoin Bolivia
7344,"07/08/2025 23:04:15, UTC -04:00",Completed,Sell,ElenaMoreno57Max,20149,5.82,75.99,BOB,13.07,0.00,07/08/2025 23:04:28,7315458810,S-001,Banexcoin Bolivia
7349,"08/08/2025 00:05:46, UTC -04:00",Completed,Sell,ElenaMoreno57Max,20149,0.57,7.49,BOB,13.04,0.00,08/08/2025 00:05:58,7315527180,S-001,Banexcoin Bolivia
7350,"08/08/2025 00:06:09, UTC -04:00",Completed,Sell,MariaPerez61Bo,20164,11.50,149.99,BOB,13.04,0.00,08/08/2025 00:06:26,7315527620,S-001,Banexcoin Bolivia
7351,"08/08/2025 00:06:31, UTC -04:00",Completed,Sell,ElenaMoreno57Max,20149,11.50,149.99,BOB,13.04,0.00,08/08/2025 00:06:44,7315528120,S-001,Banexcoin Bolivia
7352,"08/08/2025 00:08:14, UTC -04:00",Completed,Sell,ElenaMoreno57Max,20149,27.60,359.99,BOB,13.04,0.00,08/08/2025 00:08:28,7315529550,S-001,Banexcoin Bolivia
7353,"08/08/2025 00:09:04, UTC -04:00",Completed,Sell,ElenaMoreno57Max,20149,27.60,359.99,BOB,13.04,0.00,08/08/2025 00:09:14,7315530130,S-001,Banexcoin Bolivia
7354,"08/08/2025 00:09:29, UTC -04:00",Completed,Sell,ElenaMoreno57Max,20149,27.61,359.99,BOB,13.04,0.00,08/08/2025 00:09:43,7315530480,S-001,Banexcoin Bolivia
7355,"08/08/2025 00:09:54, UTC -04:00",Completed,Sell,ElenaMoreno57Max,20149,27.61,359.99,BOB,13.04,0.00,08/08/2025 00:10:07,7315530930,S-001,Banexcoin Bolivia
7356,"08/08/2025 00:10:21, UTC -04:00",Completed,Sell,ElenaMoreno57Max,20149,27.61,359.99,BOB,13.04,0.00,08/08/2025 00:10:33,7315531280,S-001,Banexcoin Bolivia
7357,"08/08/2025 00:10:47, UTC -04:00",Completed,Sell,ElenaMoreno57Max,20149,27.61,359.99,BOB,13.04,0.00,08/08/2025 00:11:03,7315531580,S-001,Banexcoin Bolivia
7358,"08/08/2025 00:13:51, UTC -04:00",Completed,Sell,MariaPerez61Bo,20164,5.83,75.99,BOB,13.04,0.00,08/08/2025 00:14:05,7315533810,S-001,Banexcoin Bolivia
7359,"08/08/2025 00:21:41, UTC -04:00",Completed,Sell,MariaPerez61Bo,20164,11.50,149.99,BOB,13.04,0.00,08/08/2025 00:21:55,7315538940,S-001,Banexcoin Bolivia
7360,"08/08/2025 00:30:34, UTC -04:00",Completed,Sell,LuisSoto61Pe,20125,1.53,20.00,BOB,13.04,0.00,08/08/2025 00:30:51,7315545210,S-001,Banexcoin Bolivia
7361,"08/08/2025 00:34:51, UTC -04:00",Completed,Sell,MariaPerez61Bo,20164,5.82,75.99,BOB,13.05,0.00,08/08/2025 00:35:04,7315548130,S-001,Banexcoin Bolivia
7415,"08/08/2025 08:34:23, UTC -04:00",Completed,Sell,ElenaMoreno57Max,20149,11.52,149.99,BOB,13.02,0.00,08/08/2025 08:34:37,7315895380,S-001,Banexcoin Bolivia
7416,"08/08/2025 08:40:29, UTC -04:00",Completed,Sell,ElenaMoreno57Max,20149,27.68,359.99,BOB,13.01,0.00,08/08/2025 08:40:43,7315916500,S-001,Banexcoin Bolivia
7417,"08/08/2025 08:42:07, UTC -04:00",Completed,Sell,ElenaMoreno57Max,20149,2.92,37.99,BOB,13.01,0.00,08/08/2025 08:42:21,7315923060,S-001,Banexcoin Bolivia
7418,"08/08/2025 08:42:42, UTC -04:00",Completed,Sell,ElenaMoreno57Max,20149,2.92,37.99,BOB,13.01,0.00,08/08/2025 08:42:55,7315925120,S-001,Banexcoin Bolivia
7419,"08/08/2025 08:43:33, UTC -04:00",Completed,Sell,ElenaMoreno57Max,20149,27.68,359.99,BOB,13.01,0.00,08/08/2025 08:43:47,7315928570,S-001,Banexcoin Bolivia
7420,"08/08/2025 08:44:27, UTC -04:00",Completed,Sell,ElenaMoreno57Max,20149,5.85,75.99,BOB,13.00,0.00,08/08/2025 08:44:39,7315931850,S-001,Banexcoin Bolivia
7423,"08/08/2025 08:53:33, UTC -04:00",Completed,Sell,ElenaMoreno57Max,20149,27.69,359.99,BOB,13.00,0.00,08/08/2025 08:53:46,7315966810,S-001,Banexcoin Bolivia
7424,"08/08/2025 08:58:47, UTC -04:00",Completed,Sell,ElenaMoreno57Max,20149,11.54,149.99,BOB,13.00,0.00,08/08/2025 08:59:04,7315987430,S-001,Banexcoin Bolivia
7429,"08/08/2025 09:50:39, UTC -04:00",Completed,Sell,MariaPerez61Bo,20164,5.85,75.99,BOB,12.98,0.00,08/08/2025 09:50:52,7316219470,S-001,Banexcoin Bolivia
7430,"08/08/2025 09:52:26, UTC -04:00",Completed,Sell,MariaPerez61Bo,20164,11.56,149.99,BOB,12.97,0.00,08/08/2025 09:52:38,7316227440,S-001,Banexcoin Bolivia
7431,"08/08/2025 09:53:13, UTC -04:00",Completed,Sell,MariaPerez61Bo,20164,5.86,75.99,BOB,12.97,0.00,08/08/2025 09:53:26,7316230710,S-001,Banexcoin Bolivia
7432,"08/08/2025 09:54:38, UTC -04:00",Completed,Sell,MariaPerez61Bo,20164,11.58,149.99,BOB,12.95,0.00,08/08/2025 09:54:51,7316237810,S-001,Banexcoin Bolivia
7433,"08/08/2025 09:56:02, UTC -04:00",Completed,Sell,MariaFlores93Max,10006,11.50,149.00,BOB,12.95,0.00,08/08/2025 09:56:27,7316245580,S-001,Banexcoin Bolivia
7434,"08/08/2025 09:57:14, UTC -04:00",Completed,Sell,MariaPerez61Bo,20164,27.81,359.99,BOB,12.94,0.00,08/08/2025 09:57:27,7316250480,S-001,Banexcoin Bolivia
7435,"08/08/2025 09:59:11, UTC -04:00",Completed,Sell,MariaPerez61Bo,20164,11.59,149.99,BOB,12.95,0.00,08/08/2025 09:59:35,7316260400,S-001,Banexcoin Bolivia
7436,"08/08/2025 10:02:45, UTC -04:00",Completed,Sell,MariaPerez61Bo,20164,11.58,149.99,BOB,12.96,0.00,08/08/2025 10:02:59,7316276960,S-001,Banexcoin Bolivia
7437,"08/08/2025 10:03:52, UTC -04:00",Completed,Sell,MariaPerez61Bo,20164,27.78,359.99,BOB,12.96,0.00,08/08/2025 10:04:07,7316282300,S-001,Banexcoin Bolivia
7438,"08/08/2025 10:10:39, UTC -04:00",Completed,Sell,MariaPerez61Bo,20164,11.55,149.99,BOB,12.99,0.00,08/08/2025 10:10:55,7316317390,S-001,Banexcoin Bolivia
7440,"08/08/2025 10:19:10, UTC -04:00",Completed,Sell,CarolinaSoto52123,20059,0.77,10.00,BOB,12.99,0.00,08/08/2025 10:19:36,7316359000,S-001,Banexcoin Bolivia
7452,"08/08/2025 11:09:20, UTC -04:00",Completed,Sell,ElenaMoreno57Max,20149,11.57,149.99,BOB,12.97,0.00,08/08/2025 11:09:42,7316618760,S-001,Banexcoin Bolivia
7453,"08/08/2025 11:10:49, UTC -04:00",Completed,Sell,ElenaMoreno57Max,20149,2.93,37.99,BOB,12.97,0.00,08/08/2025 11:11:08,7316626940,S-001,Banexcoin Bolivia
7454,"08/08/2025 11:14:08, UTC -04:00",Completed,Sell,ElenaMoreno57Max,20149,27.73,359.99,BOB,12.98,0.00,08/08/2025 11:14:28,7316644660,S-001,Banexcoin Bolivia
7461,"08/08/2025 11:22:31, UTC -04:00",Completed,Sell,ElenaMoreno57Max,20149,5.85,75.99,BOB,12.99,0.00,08/08/2025 11:22:48,7316688860,S-001,Banexcoin Bolivia
7463,"08/08/2025 11:23:43, UTC -04:00",Completed,Sell,ElenaMoreno57Max,20149,11.55,149.99,BOB,12.99,0.00,08/08/2025 11:23:58,7316694700,S-001,Banexcoin Bolivia
7475,"08/08/2025 11:54:41, UTC -04:00",Completed,Sell,SilviaHerrera93Cl,20012,1.27,16.50,BOB,13.01,0.00,08/08/2025 11:55:44,7316868530,S-001,Banexcoin Bolivia
7482,"08/08/2025 12:16:44, UTC -04:00",Completed,Sell,ElenaMoreno57Max,20149,1.77,22.99,BOB,13.00,0.00,08/08/2025 12:17:03,7316990900,S-001,Banexcoin Bolivia
7483,"08/08/2025 12:20:46, UTC -04:00",Completed,Sell,ElenaMoreno57Max,20149,2.92,37.99,BOB,12.99,0.00,08/08/2025 12:20:59,7317014900,S-001,Banexcoin Bolivia
7484,"08/08/2025 12:22:49, UTC -04:00",Completed,Sell,ElenaMoreno57Max,20149,11.54,149.99,BOB,12.99,0.00,08/08/2025 12:23:03,7317027340,S-001,Banexcoin Bolivia
7485,"08/08/2025 12:24:04, UTC -04:00",Completed,Sell,ElenaMoreno57Max,20149,11.54,149.99,BOB,12.99,0.00,08/08/2025 12:24:19,7317035620,S-001,Banexcoin Bolivia
7486,"08/08/2025 12:26:52, UTC -04:00",Completed,Sell,ElenaMoreno57Max,20149,2.92,37.99,BOB,13.00,0.00,08/08/2025 12:27:09,7317053230,S-001,Banexcoin Bolivia
7489,"08/08/2025 12:52:32, UTC -04:00",Completed,Sell,MonicaRamos24Co,20072,4.50,58.60,BOB,13.02,0.00,08/08/2025 12:53:43,7317211130,S-001,Banexcoin Bolivia
7490,"08/08/2025 12:55:57, UTC -04:00",Completed,Sell,MonicaRamos24Co,20072,54.16,706.00,BOB,13.04,0.00,08/08/2025 12:56:55,7317230700,S-001,Banexcoin Bolivia
7491,"08/08/2025 13:11:32, UTC -04:00",Completed,Sell,ElenaMoreno57Max,20149,2.92,37.99,BOB,13.03,0.00,08/08/2025 13:11:43,7317315680,S-001,Banexcoin Bolivia
7492,"08/08/2025 13:13:53, UTC -04:00",Completed,Sell,ElenaMoreno57Max,20149,0.57,7.49,BOB,13.03,0.00,08/08/2025 13:14:07,7317328680,S-001,Banexcoin Bolivia
7493,"08/08/2025 13:26:02, UTC -04:00",Completed,Sell,ElenaMoreno57Max,20149,27.73,359.99,BOB,12.98,0.00,08/08/2025 13:26:18,7317394660,S-001,Banexcoin Bolivia
7494,"08/08/2025 13:52:27, UTC -04:00",Completed,Sell,LuisSoto61Pe,20125,4.62,60.00,BOB,12.99,0.00,08/08/2025 13:52:39,246124890,S-001,Banexcoin Bolivia
7495,"08/08/2025 13:58:37, UTC -04:00",Completed,Sell,ElenaMoreno57Max,20149,11.55,149.99,BOB,12.98,0.00,08/08/2025 13:58:52,7317566220,S-001,Banexcoin Bolivia
7496,"08/08/2025 14:04:31, UTC -04:00",Completed,Sell,LuisSoto61Pe,20125,1.85,24.00,BOB,12.99,0.00,08/08/2025 14:04:46,7317597300,S-001,Banexcoin Bolivia
7497,"08/08/2025 14:06:18, UTC -04:00",Completed,Sell,ElenaMoreno57Max,20149,11.55,149.99,BOB,12.98,0.00,08/08/2025 14:06:32,7317606470,S-001,Banexcoin Bolivia
7498,"08/08/2025 14:14:32, UTC -04:00",Completed,Sell,ElenaMoreno57Max,20149,11.55,149.99,BOB,12.99,0.00,08/08/2025 14:14:46,7317649500,S-001,Banexcoin Bolivia
7499,"08/08/2025 14:25:47, UTC -04:00",Completed,Sell,ElenaMoreno57Max,20149,11.56,149.99,BOB,12.98,0.00,08/08/2025 14:26:01,7317706940,S-001,Banexcoin Bolivia
7500,"08/08/2025 14:30:33, UTC -04:00",Completed,Sell,ElenaMoreno57Max,20149,2.93,37.99,BOB,12.98,0.00,08/08/2025 14:30:47,7317729940,S-001,Banexcoin Bolivia
7501,"08/08/2025 14:57:41, UTC -04:00",Completed,Sell,LauraLopez98123,20181,1.47,19.00,BOB,12.97,0.00,08/08/2025 14:57:54,7317866850,S-001,Banexcoin Bolivia
7502,"08/08/2025 15:12:43, UTC -04:00",Completed,Sell,LauraLopez98123,20181,1.93,25.00,BOB,12.97,0.00,08/08/2025 15:12:59,7317946710,S-001,Banexcoin Bolivia
7505,"08/08/2025 15:24:04, UTC -04:00",Completed,Sell,JoseRubio782024,20065,76.99,"1,000.00",BOB,12.99,0.00,08/08/2025 15:24:59,7318009670,S-001,Banexcoin Bolivia
7506,"08/08/2025 15:28:17, UTC -04:00",Completed,Sell,MariaFlores93Max,10006,4.00,52.00,BOB,12.99,0.00,08/08/2025 15:28:51,7318030490,S-001,Banexcoin Bolivia
7507,"08/08/2025 15:38:56, UTC -04:00",Completed,Sell,ElenaMoreno57Max,20149,27.68,359.99,BOB,13.01,0.00,08/08/2025 15:39:10,7318083240,S-001,Banexcoin Bolivia
7508,"08/08/2025 15:39:28, UTC -04:00",Completed,Sell,ElenaMoreno57Max,20149,0.58,7.49,BOB,13.01,0.00,08/08/2025 15:39:42,7318086080,S-001,Banexcoin Bolivia
7509,"08/08/2025 15:40:18, UTC -04:00",Completed,Sell,ElenaMoreno57Max,20149,1.77,22.99,BOB,13.01,0.00,08/08/2025 15:40:32,7318090720,S-001,Banexcoin Bolivia
7510,"08/08/2025 15:41:44, UTC -04:00",Completed,Sell,ElenaMoreno57Max,20149,1.77,22.99,BOB,13.01,0.00,08/08/2025 15:42:04,7318098390,S-001,Banexcoin Bolivia
7511,"08/08/2025 15:42:49, UTC -04:00",Completed,Sell,ElenaMoreno57Max,20149,0.58,7.49,BOB,13.01,0.00,08/08/2025 15:43:06,7318103720,S-001,Banexcoin Bolivia
7512,"08/08/2025 15:44:42, UTC -04:00",Completed,Sell,ElenaMoreno57Max,20149,5.84,75.99,BOB,13.01,0.00,08/08/2025 15:44:56,7318113200,S-001,Banexcoin Bolivia
7513,"08/08/2025 16:07:14, UTC -04:00",Completed,Sell,ElenaMoreno57Max,20149,0.58,7.49,BOB,13.00,0.00,08/08/2025 16:07:31,7318236670,S-001,Banexcoin Bolivia
7514,"08/08/2025 16:07:59, UTC -04:00",Completed,Sell,ElenaMoreno57Max,20149,0.58,7.49,BOB,13.00,0.00,08/08/2025 16:08:13,7318240410,S-001,Banexcoin Bolivia
7515,"08/08/2025 16:08:56, UTC -04:00",Completed,Sell,ElenaMoreno57Max,20149,0.58,7.49,BOB,12.99,0.00,08/08/2025 16:09:07,7318245510,S-001,Banexcoin Bolivia
7517,"08/08/2025 16:11:12, UTC -04:00",Completed,Sell,ElenaMoreno57Max,20149,1.77,22.99,BOB,12.99,0.00,08/08/2025 16:11:27,7318257790,S-001,Banexcoin Bolivia
7518,"08/08/2025 16:11:35, UTC -04:00",Completed,Sell,ElenaMoreno57Max,20149,0.58,7.49,BOB,12.99,0.00,08/08/2025 16:11:49,7318259730,S-001,Banexcoin Bolivia
7519,"08/08/2025 16:12:49, UTC -04:00",Completed,Sell,ElenaMoreno57Max,20149,1.77,22.99,BOB,12.99,0.00,08/08/2025 16:13:11,7318266480,S-001,Banexcoin Bolivia
7520,"08/08/2025 16:26:04, UTC -04:00",Completed,Sell,ElenaMoreno57Max,20149,27.69,359.99,BOB,13.00,0.00,08/08/2025 16:26:20,7318336300,S-001,Banexcoin Bolivia
7521,"08/08/2025 16:26:27, UTC -04:00",Completed,Sell,ElenaMoreno57Max,20149,5.85,75.99,BOB,12.99,0.00,08/08/2025 16:26:44,7318338510,S-001,Banexcoin Bolivia
7522,"08/08/2025 16:27:52, UTC -04:00",Completed,Sell,ElenaMoreno57Max,20149,2.92,37.99,BOB,13.00,0.00,08/08/2025 16:28:06,7318346110,S-001,Banexcoin Bolivia
7523,"08/08/2025 16:28:31, UTC -04:00",Completed,Sell,ElenaMoreno57Max,20149,2.92,37.99,BOB,13.00,0.00,08/08/2025 16:28:52,7318349990,S-001,Banexcoin Bolivia
7527,"08/08/2025 16:37:50, UTC -04:00",Completed,Sell,ElenaMoreno57Max,20149,27.68,359.99,BOB,13.01,0.00,08/08/2025 16:38:02,7318407070,S-001,Banexcoin Bolivia
7528,"08/08/2025 16:38:18, UTC -04:00",Completed,Sell,ElenaMoreno57Max,20149,27.68,359.99,BOB,13.01,0.00,08/08/2025 16:38:31,7318409390,S-001,Banexcoin Bolivia
7530,"08/08/2025 16:38:43, UTC -04:00",Completed,Sell,ElenaMoreno57Max,20149,27.68,359.99,BOB,13.01,0.00,08/08/2025 16:39:13,7318413200,S-001,Banexcoin Bolivia
7531,"08/08/2025 16:39:21, UTC -04:00",Completed,Sell,ElenaMoreno57Max,20149,27.66,359.99,BOB,13.01,0.00,08/08/2025 16:39:37,7318416070,S-001,Banexcoin Bolivia
7532,"08/08/2025 16:39:51, UTC -04:00",Completed,Sell,ElenaMoreno57Max,20149,27.66,359.99,BOB,13.01,0.00,08/08/2025 16:40:21,7318420210,S-001,Banexcoin Bolivia
7535,"08/08/2025 16:41:31, UTC -04:00",Completed,Sell,ElenaMoreno57Max,20149,11.53,149.99,BOB,13.01,0.00,08/08/2025 16:41:45,7318428950,S-001,Banexcoin Bolivia
7536,"08/08/2025 16:42:43, UTC -04:00",Completed,Sell,ElenaMoreno57Max,20149,0.58,7.49,BOB,13.01,0.00,08/08/2025 16:42:59,7318435690,S-001,Banexcoin Bolivia
7542,"08/08/2025 17:19:01, UTC -04:00",Completed,Sell,LuisSoto61Pe,20125,2.15,28.00,BOB,13.00,0.00,08/08/2025 17:19:20,7318646600,S-001,Banexcoin Bolivia
7543,"08/08/2025 17:22:13, UTC -04:00",Completed,Sell,ElenaMoreno57Max,20149,5.84,75.99,BOB,13.00,0.00,08/08/2025 17:22:30,7318665770,S-001,Banexcoin Bolivia
7544,"08/08/2025 17:23:00, UTC -04:00",Completed,Sell,ElenaMoreno57Max,20149,2.92,37.99,BOB,13.00,0.00,08/08/2025 17:23:12,7318669730,S-001,Banexcoin Bolivia
7545,"08/08/2025 17:23:39, UTC -04:00",Completed,Sell,ElenaMoreno57Max,20149,2.92,37.99,BOB,13.00,0.00,08/08/2025 17:23:54,7318674010,S-001,Banexcoin Bolivia
7546,"08/08/2025 17:24:29, UTC -04:00",Completed,Sell,ElenaMoreno57Max,20149,5.84,75.99,BOB,13.00,0.00,08/08/2025 17:24:44,7318678610,S-001,Banexcoin Bolivia
7547,"08/08/2025 17:26:25, UTC -04:00",Completed,Sell,ElenaMoreno57Max,20149,2.92,37.99,BOB,13.00,0.00,08/08/2025 17:26:39,7318690110,S-001,Banexcoin Bolivia
7551,"08/08/2025 18:33:28, UTC -04:00",Completed,Sell,ElenaMoreno57Max,20149,0.58,7.49,BOB,12.95,0.00,08/08/2025 18:34:38,7319073440,S-001,Banexcoin Bolivia
7552,"08/08/2025 18:35:27, UTC -04:00",Completed,Sell,ElenaMoreno57Max,20149,0.58,7.49,BOB,12.95,0.00,08/08/2025 18:36:30,7319083610,S-001,Banexcoin Bolivia
7553,"08/08/2025 18:36:44, UTC -04:00",Completed,Sell,ElenaMoreno57Max,20149,27.80,359.99,BOB,12.95,0.00,08/08/2025 18:37:20,7319090270,S-001,Banexcoin Bolivia
7554,"08/08/2025 18:41:39, UTC -04:00",Completed,Sell,ElenaMoreno57Max,20149,5.86,75.99,BOB,12.96,0.00,08/08/2025 18:41:52,7319118210,S-001,Banexcoin Bolivia
7555,"08/08/2025 18:42:48, UTC -04:00",Completed,Sell,ElenaMoreno57Max,20149,1.77,22.99,BOB,12.96,0.00,08/08/2025 18:43:02,7319124850,S-001,Banexcoin Bolivia
7556,"08/08/2025 19:00:11, UTC -04:00",Completed,Sell,ElenaMoreno57Max,20149,27.72,359.99,BOB,12.99,0.00,08/08/2025 19:00:31,7319226290,S-001,Banexcoin Bolivia
7557,"08/08/2025 19:02:54, UTC -04:00",Completed,Sell,ElenaMoreno57Max,20149,2.93,37.99,BOB,12.98,0.00,08/08/2025 19:03:13,7319241460,S-001,Banexcoin Bolivia
7558,"08/08/2025 19:22:02, UTC -04:00",Completed,Sell,ElenaMoreno57Max,20149,2.93,37.99,BOB,12.96,0.00,08/08/2025 19:22:16,7319349070,S-001,Banexcoin Bolivia
7559,"08/08/2025 19:24:20, UTC -04:00",Completed,Sell,ElenaMoreno57Max,20149,2.93,37.99,BOB,12.96,0.00,08/08/2025 19:25:00,7319363780,S-001,Banexcoin Bolivia
7560,"08/08/2025 19:25:14, UTC -04:00",Completed,Sell,ElenaMoreno57Max,20149,0.58,7.49,BOB,12.96,0.00,08/08/2025 19:25:28,7319366670,S-001,Banexcoin Bolivia
7561,"08/08/2025 19:26:16, UTC -04:00",Completed,Sell,ElenaMoreno57Max,20149,1.77,22.99,BOB,12.96,0.00,08/08/2025 19:26:30,7319372330,S-001,Banexcoin Bolivia
7563,"08/08/2025 19:37:01, UTC -04:00",Completed,Sell,ElenaMoreno57Max,20149,27.76,359.99,BOB,12.97,0.00,08/08/2025 19:37:42,7319432690,S-001,Banexcoin Bolivia
7564,"08/08/2025 19:40:50, UTC -04:00",Completed,Sell,ElenaMoreno57Max,20149,1.77,22.99,BOB,12.97,0.00,08/08/2025 19:41:05,7319457440,S-001,Banexcoin Bolivia
7565,"08/08/2025 19:41:15, UTC -04:00",Completed,Sell,ElenaMoreno57Max,20149,0.58,7.49,BOB,12.96,0.00,08/08/2025 19:41:29,7319459630,S-001,Banexcoin Bolivia
7566,"08/08/2025 19:42:04, UTC -04:00",Completed,Sell,ElenaMoreno57Max,20149,0.58,7.49,BOB,12.96,0.00,08/08/2025 19:42:17,7319463950,S-001,Banexcoin Bolivia
7567,"08/08/2025 19:43:14, UTC -04:00",Completed,Sell,ElenaMoreno57Max,20149,5.86,75.99,BOB,12.96,0.00,08/08/2025 19:43:31,7319470560,S-001,Banexcoin Bolivia
7568,"08/08/2025 19:50:18, UTC -04:00",Completed,Sell,ElenaMoreno57Max,20149,0.58,7.49,BOB,12.96,0.00,08/08/2025 19:50:31,7319506900,S-001,Banexcoin Bolivia
7569,"08/08/2025 19:56:43, UTC -04:00",Completed,Sell,ElenaMoreno57Max,20149,2.93,37.99,BOB,12.96,0.00,08/08/2025 19:56:57,7319541300,S-001,Banexcoin Bolivia
7571,"08/08/2025 20:04:17, UTC -04:00",Completed,Sell,ElenaMoreno57Max,20149,2.93,37.99,BOB,12.96,0.00,08/08/2025 20:04:30,7319579540,S-001,Banexcoin Bolivia
7572,"08/08/2025 20:05:15, UTC -04:00",Completed,Sell,ElenaMoreno57Max,20149,2.93,37.99,BOB,12.96,0.00,08/08/2025 20:05:36,7319585310,S-001,Banexcoin Bolivia
7573,"08/08/2025 20:11:11, UTC -04:00",Completed,Sell,LuisSoto61Pe,20125,3.47,45.00,BOB,12.96,0.00,08/08/2025 20:11:26,7319616110,S-001,Banexcoin Bolivia
7575,"08/08/2025 20:27:20, UTC -04:00",Completed,Sell,MariaFlores93Max,10006,169.94,"2,200.00",BOB,12.95,0.00,08/08/2025 20:27:41,7319695010,S-001,Banexcoin Bolivia
7576,"08/08/2025 20:33:37, UTC -04:00",Completed,Sell,ElenaMoreno57Max,20149,2.93,37.99,BOB,12.95,0.00,08/08/2025 20:33:49,7319723380,S-001,Banexcoin Bolivia
7577,"08/08/2025 20:34:49, UTC -04:00",Completed,Sell,ElenaMoreno57Max,20149,2.93,37.99,BOB,12.95,0.00,08/08/2025 20:35:05,7319729200,S-001,Banexcoin Bolivia
7578,"08/08/2025 20:35:33, UTC -04:00",Completed,Sell,ElenaMoreno57Max,20149,2.93,37.99,BOB,12.95,0.00,08/08/2025 20:35:49,7319732790,S-001,Banexcoin Bolivia
7580,"08/08/2025 20:36:50, UTC -04:00",Completed,Sell,ElenaMoreno57Max,20149,2.93,37.99,BOB,12.95,0.00,08/08/2025 20:37:01,7319738120,S-001,Banexcoin Bolivia
7582,"08/08/2025 20:40:01, UTC -04:00",Completed,Sell,AlbertoLeon10007,10008,23.16,300.00,BOB,12.96,0.00,08/08/2025 20:40:19,246323040,S-001,Banexcoin Bolivia
7586,"08/08/2025 20:49:13, UTC -04:00",Completed,Sell,ElenaMoreno57Max,20149,1.77,22.99,BOB,12.95,0.00,08/08/2025 20:49:26,7319793050,S-001,Banexcoin Bolivia
7604,"08/08/2025 21:12:10, UTC -04:00",Completed,Sell,ElenaMoreno57Max,20149,27.82,359.99,BOB,12.94,0.00,08/08/2025 21:12:23,7319888050,S-001,Banexcoin Bolivia
7605,"08/08/2025 21:12:35, UTC -04:00",Completed,Sell,ElenaMoreno57Max,20149,27.82,359.99,BOB,12.94,0.00,08/08/2025 21:12:47,7319890030,S-001,Banexcoin Bolivia
7607,"08/08/2025 21:14:05, UTC -04:00",Completed,Sell,ElenaMoreno57Max,20149,27.82,359.99,BOB,12.94,0.00,08/08/2025 21:14:25,7319896450,S-001,Banexcoin Bolivia
7608,"08/08/2025 21:14:39, UTC -04:00",Completed,Sell,ElenaMoreno57Max,20149,27.82,359.99,BOB,12.94,0.00,08/08/2025 21:14:53,7319898700,S-001,Banexcoin Bolivia
7611,"08/08/2025 21:22:46, UTC -04:00",Completed,Sell,ElenaMoreno57Max,20149,27.82,359.99,BOB,12.94,0.00,08/08/2025 21:23:05,7319929710,S-001,Banexcoin Bolivia
7613,"08/08/2025 21:23:20, UTC -04:00",Completed,Sell,IsabelMunoz76Max,20141,7.73,100.00,BOB,12.94,0.00,08/08/2025 21:23:35,7319931520,S-001,Banexcoin Bolivia
7614,"08/08/2025 21:23:27, UTC -04:00",Completed,Sell,ElenaMoreno57Max,20149,0.58,7.49,BOB,12.94,0.00,08/08/2025 21:23:43,7319932050,S-001,Banexcoin Bolivia
7616,"08/08/2025 21:24:57, UTC -04:00",Completed,Sell,ElenaMoreno57Max,20149,5.87,75.99,BOB,12.94,0.00,08/08/2025 21:25:09,7319937290,S-001,Banexcoin Bolivia
7617,"08/08/2025 21:25:25, UTC -04:00",Completed,Sell,ElenaMoreno57Max,20149,5.87,75.99,BOB,12.94,0.00,08/08/2025 21:25:37,7319939350,S-001,Banexcoin Bolivia
7618,"08/08/2025 21:26:46, UTC -04:00",Completed,Sell,ElenaMoreno57Max,20149,0.58,7.49,BOB,12.94,0.00,08/08/2025 21:26:59,7319944430,S-001,Banexcoin Bolivia
7623,"08/08/2025 21:37:16, UTC -04:00",Completed,Sell,IsabelMunoz76Max,20141,8.11,105.00,BOB,12.94,0.00,08/08/2025 21:37:40,7319983770,S-001,Banexcoin Bolivia
7624,"08/08/2025 21:56:36, UTC -04:00",Completed,Sell,ElenaMoreno57Max,20149,5.87,75.99,BOB,12.96,0.00,08/08/2025 21:56:55,7320048890,S-001,Banexcoin Bolivia
7625,"08/08/2025 21:57:30, UTC -04:00",Completed,Sell,ElenaMoreno57Max,20149,11.58,149.99,BOB,12.95,0.00,08/08/2025 21:57:45,7320051530,S-001,Banexcoin Bolivia
7626,"08/08/2025 22:06:39, UTC -04:00",Completed,Sell,ElenaMoreno57Max,20149,11.58,149.99,BOB,12.96,0.00,08/08/2025 22:06:59,7320080420,S-001,Banexcoin Bolivia
7627,"08/08/2025 22:09:39, UTC -04:00",Completed,Sell,ElenaMoreno57Max,20149,2.93,37.99,BOB,12.96,0.00,08/08/2025 22:09:57,7320089670,S-001,Banexcoin Bolivia
7628,"08/08/2025 22:11:01, UTC -04:00",Completed,Sell,IsabelMunoz76Max,20141,4.63,60.00,BOB,12.96,0.00,08/08/2025 22:11:17,7320093490,S-001,Banexcoin Bolivia
7629,"08/08/2025 22:21:24, UTC -04:00",Completed,Sell,ElenaMoreno57Max,20149,5.86,75.99,BOB,12.96,0.00,08/08/2025 22:21:36,7320122800,S-001,Banexcoin Bolivia
7630,"08/08/2025 22:22:10, UTC -04:00",Completed,Sell,ElenaMoreno57Max,20149,5.86,75.99,BOB,12.96,0.00,08/08/2025 22:22:22,7320124710,S-001,Banexcoin Bolivia
7631,"08/08/2025 22:22:50, UTC -04:00",Completed,Sell,AntonioSanchez14Max,10027,2.31,30.00,BOB,12.96,0.00,08/08/2025 22:23:04,7320126630,S-001,Banexcoin Bolivia
7632,"08/08/2025 22:23:07, UTC -04:00",Completed,Sell,ElenaMoreno57Max,20149,2.93,37.99,BOB,12.96,0.00,08/08/2025 22:23:20,7320127370,S-001,Banexcoin Bolivia
7633,"08/08/2025 22:23:48, UTC -04:00",Completed,Sell,ElenaMoreno57Max,20149,11.57,149.99,BOB,12.96,0.00,08/08/2025 22:24:08,7320129700,S-001,Banexcoin Bolivia
7634,"08/08/2025 22:24:19, UTC -04:00",Completed,Sell,ElenaMoreno57Max,20149,5.86,75.99,BOB,12.96,0.00,08/08/2025 22:24:30,7320130920,S-001,Banexcoin Bolivia
7635,"08/08/2025 22:25:39, UTC -04:00",Completed,Sell,ElenaMoreno57Max,20149,2.93,37.99,BOB,12.96,0.00,08/08/2025 22:25:50,7320134660,S-001,Banexcoin Bolivia
7636,"08/08/2025 22:26:26, UTC -04:00",Completed,Sell,ElenaMoreno57Max,20149,1.77,22.99,BOB,12.96,0.00,08/08/2025 22:26:40,7320136940,S-001,Banexcoin Bolivia
7637,"08/08/2025 22:32:34, UTC -04:00",Completed,Sell,ElenaMoreno57Max,20149,5.86,75.99,BOB,12.96,0.00,08/08/2025 22:32:48,7320153450,S-001,Banexcoin Bolivia
7638,"08/08/2025 22:38:52, UTC -04:00",Completed,Sell,ElenaMoreno57Max,20149,0.58,7.49,BOB,12.96,0.00,08/08/2025 22:39:07,7320169290,S-001,Banexcoin Bolivia
7639,"08/08/2025 22:44:41, UTC -04:00",Completed,Sell,ElenaMoreno57Max,20149,11.58,149.99,BOB,12.96,0.00,08/08/2025 22:44:55,7320183550,S-001,Banexcoin Bolivia
7640,"08/08/2025 22:45:31, UTC -04:00",Completed,Sell,ElenaMoreno57Max,20149,1.77,22.99,BOB,12.96,0.00,08/08/2025 22:45:45,7320185490,S-001,Banexcoin Bolivia
7641,"08/08/2025 22:48:01, UTC -04:00",Completed,Sell,ElenaMoreno57Max,20149,11.57,149.99,BOB,12.96,0.00,08/08/2025 22:48:13,7320191250,S-001,Banexcoin Bolivia
7643,"08/08/2025 22:57:53, UTC -04:00",Completed,Sell,ElenaMoreno57Max,20149,5.87,75.99,BOB,12.95,0.00,08/08/2025 22:58:07,7320212910,S-001,Banexcoin Bolivia
7644,"08/08/2025 23:04:43, UTC -04:00",Completed,Sell,ElenaMoreno57Max,20149,0.58,7.49,BOB,12.95,0.00,08/08/2025 23:04:58,7320227090,S-001,Banexcoin Bolivia
7654,"09/08/2025 01:38:51, UTC -04:00",Completed,Sell,LuisRomero75Mx,20044,7.82,100.00,BOB,12.79,0.00,09/08/2025 01:39:11,7320376040,S-001,Banexcoin Bolivia
7660,"09/08/2025 08:34:20, UTC -04:00",Completed,Sell,LuisSoto61Pe,20125,5.65,73.00,BOB,12.93,0.00,09/08/2025 08:34:35,7320715020,S-001,Banexcoin Bolivia
7665,"09/08/2025 09:06:06, UTC -04:00",Completed,Sell,AndresVega17Pro,10086,7.73,100.00,BOB,12.93,0.00,09/08/2025 09:06:21,7320822610,S-001,Banexcoin Bolivia
7669,"09/08/2025 09:48:31, UTC -04:00",Completed,Sell,LuisSoto61Pe,20125,3.57,46.00,BOB,12.90,0.00,09/08/2025 09:48:47,7321001410,S-001,Banexcoin Bolivia
7670,"09/08/2025 09:48:39, UTC -04:00",Completed,Sell,ElenaMoreno57Max,20149,1.78,22.99,BOB,12.90,0.00,09/08/2025 09:48:53,7321001960,S-001,Banexcoin Bolivia
7671,"09/08/2025 09:49:03, UTC -04:00",Completed,Sell,ElenaMoreno57Max,20149,0.58,7.49,BOB,12.90,0.00,09/08/2025 09:49:17,7321003770,S-001,Banexcoin Bolivia
7672,"09/08/2025 09:50:09, UTC -04:00",Completed,Sell,ElenaMoreno57Max,20149,2.94,37.99,BOB,12.90,0.00,09/08/2025 09:50:29,7321008630,S-001,Banexcoin Bolivia
7673,"09/08/2025 09:51:27, UTC -04:00",Completed,Sell,ElenaMoreno57Max,20149,5.88,75.99,BOB,12.92,0.00,09/08/2025 09:51:43,7321014420,S-001,Banexcoin Bolivia
7674,"09/08/2025 09:53:19, UTC -04:00",Completed,Sell,ElenaMoreno57Max,20149,0.58,7.49,BOB,12.91,0.00,09/08/2025 09:54:19,7321026610,S-001,Banexcoin Bolivia
7676,"09/08/2025 09:55:04, UTC -04:00",Completed,Sell,ElenaMoreno57Max,20149,27.88,359.99,BOB,12.91,0.00,09/08/2025 09:55:21,7321031450,S-001,Banexcoin Bolivia
7677,"09/08/2025 09:56:39, UTC -04:00",Completed,Sell,ElenaMoreno57Max,20149,2.94,37.99,BOB,12.91,0.00,09/08/2025 09:57:19,7321041060,S-001,Banexcoin Bolivia
7678,"09/08/2025 10:04:13, UTC -04:00",Completed,Sell,ElenaMoreno57Max,20149,5.89,75.99,BOB,12.90,0.00,09/08/2025 10:04:27,7321073810,S-001,Banexcoin Bolivia
7679,"09/08/2025 10:12:58, UTC -04:00",Completed,Sell,ElenaMoreno57Max,20149,2.94,37.99,BOB,12.92,0.00,09/08/2025 10:13:12,7321116600,S-001,Banexcoin Bolivia
7681,"09/08/2025 10:27:11, UTC -04:00",Completed,Sell,ElenaMoreno57Max,20149,0.58,7.49,BOB,12.94,0.00,09/08/2025 10:27:28,7321190540,S-001,Banexcoin Bolivia
7682,"09/08/2025 10:28:02, UTC -04:00",Completed,Sell,ElenaMoreno57Max,20149,1.78,22.99,BOB,12.94,0.00,09/08/2025 10:28:16,7321195270,S-001,Banexcoin Bolivia
7683,"09/08/2025 10:29:19, UTC -04:00",Completed,Sell,ElenaMoreno57Max,20149,2.94,37.99,BOB,12.94,0.00,09/08/2025 10:29:35,7321201750,S-001,Banexcoin Bolivia
7684,"09/08/2025 10:30:42, UTC -04:00",Completed,Sell,ElenaMoreno57Max,20149,0.58,7.49,BOB,12.94,0.00,09/08/2025 10:31:01,7321209780,S-001,Banexcoin Bolivia
7685,"09/08/2025 10:39:10, UTC -04:00",Completed,Sell,ElenaMoreno57Max,20149,1.78,22.99,BOB,12.95,0.00,09/08/2025 10:39:33,7321255630,S-001,Banexcoin Bolivia
7686,"09/08/2025 10:41:18, UTC -04:00",Completed,Sell,ElenaMoreno57Max,20149,1.77,22.99,BOB,12.95,0.00,09/08/2025 10:41:45,7321267050,S-001,Banexcoin Bolivia
7687,"09/08/2025 10:52:56, UTC -04:00",Completed,Sell,ElenaMoreno57Max,20149,2.93,37.99,BOB,12.96,0.00,09/08/2025 10:53:10,7321329320,S-001,Banexcoin Bolivia
7688,"09/08/2025 10:53:18, UTC -04:00",Completed,Sell,ElenaMoreno57Max,20149,0.58,7.49,BOB,12.96,0.00,09/08/2025 10:53:30,7321331170,S-001,Banexcoin Bolivia
7689,"09/08/2025 10:53:56, UTC -04:00",Completed,Sell,ElenaMoreno57Max,20149,1.77,22.99,BOB,12.96,0.00,09/08/2025 10:54:10,7321334970,S-001,Banexcoin Bolivia
7690,"09/08/2025 10:56:27, UTC -04:00",Completed,Sell,ElenaMoreno57Max,20149,11.57,149.99,BOB,12.96,0.00,09/08/2025 10:56:40,7321349510,S-001,Banexcoin Bolivia
7691,"09/08/2025 11:08:35, UTC -04:00",Completed,Sell,AndresVega17Pro,10086,9.56,124.00,BOB,12.97,0.00,09/08/2025 11:08:50,7321419660,S-001,Banexcoin Bolivia
7697,"09/08/2025 11:36:24, UTC -04:00",Completed,Sell,ElenaMoreno57Max,20149,1.77,22.99,BOB,12.97,0.00,09/08/2025 11:36:45,7321584330,S-001,Banexcoin Bolivia
7698,"09/08/2025 11:37:36, UTC -04:00",Completed,Sell,ElenaMoreno57Max,20149,1.77,22.99,BOB,12.97,0.00,09/08/2025 11:37:52,7321591400,S-001,Banexcoin Bolivia
7699,"09/08/2025 11:48:54, UTC -04:00",Completed,Sell,LuisSoto61Pe,20125,8.09,105.00,BOB,12.97,0.00,09/08/2025 11:49:16,7321659130,S-001,Banexcoin Bolivia
7700,"09/08/2025 11:49:06, UTC -04:00",Completed,Sell,ElenaMoreno57Max,20149,1.77,22.99,BOB,12.97,0.00,09/08/2025 11:49:24,7321659820,S-001,Banexcoin Bolivia
7701,"09/08/2025 12:02:41, UTC -04:00",Completed,Sell,ElenaMoreno57Max,20149,5.86,75.99,BOB,12.97,0.00,09/08/2025 12:02:55,7321743380,S-001,Banexcoin Bolivia
7709,"09/08/2025 13:00:49, UTC -04:00",Completed,Sell,FernandoCampos72123,20202,100.37,"1,300.00",BOB,12.95,0.00,09/08/2025 13:01:01,7322112920,S-001,Banexcoin Bolivia
7710,"09/08/2025 13:08:49, UTC -04:00",Completed,Sell,ElenaMoreno57Max,20149,27.81,359.99,BOB,12.95,0.00,09/08/2025 13:09:02,7322162140,S-001,Banexcoin Bolivia
7711,"09/08/2025 13:11:26, UTC -04:00",Completed,Sell,ElenaMoreno57Max,20149,0.58,7.49,BOB,12.95,0.00,09/08/2025 13:11:38,7322177480,S-001,Banexcoin Bolivia
7712,"09/08/2025 13:25:10, UTC -04:00",Completed,Sell,ElenaMoreno57Max,20149,27.83,359.99,BOB,12.94,0.00,09/08/2025 13:25:22,7322263200,S-001,Banexcoin Bolivia
7713,"09/08/2025 13:29:49, UTC -04:00",Completed,Sell,ElenaMoreno57Max,20149,0.58,7.49,BOB,12.94,0.00,09/08/2025 13:30:03,7322290950,S-001,Banexcoin Bolivia
7716,"09/08/2025 14:23:29, UTC -04:00",Completed,Sell,ElenaMoreno57Max,20149,0.58,7.49,BOB,12.96,0.00,09/08/2025 14:23:43,7322587160,S-001,Banexcoin Bolivia
7717,"09/08/2025 14:25:09, UTC -04:00",Completed,Sell,ElenaMoreno57Max,20149,2.93,37.99,BOB,12.96,0.00,09/08/2025 14:25:21,7322595460,S-001,Banexcoin Bolivia
7718,"09/08/2025 14:36:43, UTC -04:00",Completed,Sell,ElenaMoreno57Max,20149,1.77,22.99,BOB,12.96,0.00,09/08/2025 14:36:57,7322656040,S-001,Banexcoin Bolivia
7719,"09/08/2025 14:37:27, UTC -04:00",Completed,Sell,ElenaMoreno57Max,20149,11.57,149.99,BOB,12.96,0.00,09/08/2025 14:37:37,7322659620,S-001,Banexcoin Bolivia
7720,"09/08/2025 14:39:30, UTC -04:00",Completed,Sell,ElenaMoreno57Max,20149,2.93,37.99,BOB,12.96,0.00,09/08/2025 14:39:44,7322670330,S-001,Banexcoin Bolivia
7721,"09/08/2025 14:39:51, UTC -04:00",Completed,Sell,ElenaMoreno57Max,20149,0.58,7.49,BOB,12.96,0.00,09/08/2025 14:40:06,7322672250,S-001,Banexcoin Bolivia
7722,"09/08/2025 14:40:37, UTC -04:00",Completed,Sell,ElenaMoreno57Max,20149,0.58,7.49,BOB,12.96,0.00,09/08/2025 14:40:50,7322676260,S-001,Banexcoin Bolivia
7723,"09/08/2025 14:41:21, UTC -04:00",Completed,Sell,ElenaMoreno57Max,20149,1.77,22.99,BOB,12.96,0.00,09/08/2025 14:41:40,7322681030,S-001,Banexcoin Bolivia
7724,"09/08/2025 14:42:22, UTC -04:00",Completed,Sell,ElenaMoreno57Max,20149,5.86,75.99,BOB,12.96,0.00,09/08/2025 14:42:34,7322685450,S-001,Banexcoin Bolivia
7725,"09/08/2025 14:45:03, UTC -04:00",Completed,Sell,ElenaMoreno57Max,20149,5.86,75.99,BOB,12.97,0.00,09/08/2025 14:45:18,7322699850,S-001,Banexcoin Bolivia
7726,"09/08/2025 15:15:17, UTC -04:00",Completed,Sell,ElenaMoreno57Max,20149,2.93,37.99,BOB,12.96,0.00,09/08/2025 15:15:31,7322850880,S-001,Banexcoin Bolivia
7727,"09/08/2025 15:16:00, UTC -04:00",Completed,Sell,ElenaMoreno57Max,20149,2.93,37.99,BOB,12.96,0.00,09/08/2025 15:16:15,7322854490,S-001,Banexcoin Bolivia
7728,"09/08/2025 15:16:37, UTC -04:00",Completed,Sell,ElenaMoreno57Max,20149,5.86,75.99,BOB,12.96,0.00,09/08/2025 15:16:49,7322857600,S-001,Banexcoin Bolivia
7731,"09/08/2025 15:33:00, UTC -04:00",Completed,Sell,ElenaMoreno57Max,20149,2.93,37.99,BOB,12.97,0.00,09/08/2025 15:33:14,7322938660,S-001,Banexcoin Bolivia
7732,"09/08/2025 15:34:14, UTC -04:00",Completed,Sell,ElenaMoreno57Max,20149,5.86,75.99,BOB,12.97,0.00,09/08/2025 15:34:26,7322945350,S-001,Banexcoin Bolivia
7733,"09/08/2025 15:38:03, UTC -04:00",Completed,Sell,ElenaMoreno57Max,20149,0.58,7.49,BOB,12.96,0.00,09/08/2025 15:38:16,7322964980,S-001,Banexcoin Bolivia
7734,"09/08/2025 15:38:24, UTC -04:00",Completed,Sell,ElenaMoreno57Max,20149,0.58,7.49,BOB,12.96,0.00,09/08/2025 15:38:42,7322967240,S-001,Banexcoin Bolivia
7735,"09/08/2025 15:45:38, UTC -04:00",Completed,Sell,ElenaMoreno57Max,20149,27.77,359.99,BOB,12.96,0.00,09/08/2025 15:45:52,7323003000,S-001,Banexcoin Bolivia
7736,"09/08/2025 15:55:16, UTC -04:00",Completed,Sell,ElenaMoreno57Max,20149,1.77,22.99,BOB,12.96,0.00,09/08/2025 15:55:29,7323048570,S-001,Banexcoin Bolivia
7737,"09/08/2025 15:55:50, UTC -04:00",Completed,Sell,AlbertoLeon10007,10008,21.60,280.00,BOB,12.96,0.00,09/08/2025 15:56:07,7323051540,S-001,Banexcoin Bolivia
7738,"09/08/2025 15:56:09, UTC -04:00",Completed,Sell,ElenaMoreno57Max,20149,0.58,7.49,BOB,12.96,0.00,09/08/2025 15:56:23,7323052730,S-001,Banexcoin Bolivia
7739,"09/08/2025 16:01:49, UTC -04:00",Completed,Sell,ElenaMoreno57Max,20149,1.77,22.99,BOB,12.97,0.00,09/08/2025 16:02:01,7323080130,S-001,Banexcoin Bolivia
7740,"09/08/2025 16:12:14, UTC -04:00",Completed,Sell,ElenaMoreno57Max,20149,0.58,7.49,BOB,12.97,0.00,09/08/2025 16:12:28,7323131250,S-001,Banexcoin Bolivia
7741,"09/08/2025 16:26:57, UTC -04:00",Completed,Sell,ElenaMoreno57Max,20149,2.93,37.99,BOB,12.96,0.00,09/08/2025 16:27:10,7323203530,S-001,Banexcoin Bolivia
7742,"09/08/2025 16:27:38, UTC -04:00",Completed,Sell,ElenaMoreno57Max,20149,2.93,37.99,BOB,12.96,0.00,09/08/2025 16:27:54,7323206930,S-001,Banexcoin Bolivia
7743,"09/08/2025 16:37:18, UTC -04:00",Completed,Sell,ElenaMoreno57Max,20149,0.58,7.49,BOB,12.95,0.00,09/08/2025 16:37:31,7323254190,S-001,Banexcoin Bolivia
7744,"09/08/2025 16:42:12, UTC -04:00",Completed,Sell,ElenaMoreno57Max,20149,5.87,75.99,BOB,12.95,0.00,09/08/2025 16:42:25,7323279000,S-001,Banexcoin Bolivia
7745,"09/08/2025 16:43:21, UTC -04:00",Completed,Sell,ElenaMoreno57Max,20149,1.77,22.99,BOB,12.95,0.00,09/08/2025 16:43:33,7323284730,S-001,Banexcoin Bolivia
7746,"09/08/2025 16:44:15, UTC -04:00",Completed,Sell,ElenaMoreno57Max,20149,2.93,37.99,BOB,12.95,0.00,09/08/2025 16:44:29,7323289350,S-001,Banexcoin Bolivia
7749,"09/08/2025 16:52:43, UTC -04:00",Completed,Sell,AlbertoLeon10007,10008,2.70,34.92,BOB,12.95,0.00,09/08/2025 16:53:05,7323331290,S-001,Banexcoin Bolivia
7750,"09/08/2025 16:57:35, UTC -04:00",Completed,Sell,ElenaMoreno57Max,20149,0.58,7.49,BOB,12.95,0.00,09/08/2025 16:57:50,7323354890,S-001,Banexcoin Bolivia
7752,"09/08/2025 17:14:38, UTC -04:00",Completed,Sell,ElenaMoreno57Max,20149,5.86,75.99,BOB,12.96,0.00,09/08/2025 17:14:50,7323440180,S-001,Banexcoin Bolivia
7753,"09/08/2025 17:16:47, UTC -04:00",Completed,Sell,ElenaMoreno57Max,20149,27.78,359.99,BOB,12.96,0.00,09/08/2025 17:17:01,7323451040,S-001,Banexcoin Bolivia
7755,"09/08/2025 17:19:38, UTC -04:00",Completed,Sell,ElenaMoreno57Max,20149,0.58,7.49,BOB,12.96,0.00,09/08/2025 17:19:53,7323464720,S-001,Banexcoin Bolivia
7756,"09/08/2025 17:22:11, UTC -04:00",Completed,Sell,ElenaMoreno57Max,20149,2.93,37.99,BOB,12.96,0.00,09/08/2025 17:22:29,7323477080,S-001,Banexcoin Bolivia
7757,"09/08/2025 17:32:03, UTC -04:00",Completed,Sell,ElenaMoreno57Max,20149,2.93,37.99,BOB,12.96,0.00,09/08/2025 17:32:17,7323524280,S-001,Banexcoin Bolivia
7758,"09/08/2025 17:34:32, UTC -04:00",Completed,Sell,ElenaMoreno57Max,20149,0.58,7.49,BOB,12.97,0.00,09/08/2025 17:34:47,7323537010,S-001,Banexcoin Bolivia
7759,"09/08/2025 17:35:01, UTC -04:00",Completed,Sell,ElenaMoreno57Max,20149,0.58,7.49,BOB,12.97,0.00,09/08/2025 17:35:21,7323539650,S-001,Banexcoin Bolivia
7760,"09/08/2025 17:35:48, UTC -04:00",Completed,Sell,ElenaMoreno57Max,20149,0.58,7.49,BOB,12.97,0.00,09/08/2025 17:36:11,7323544010,S-001,Banexcoin Bolivia
7765,"09/08/2025 18:05:40, UTC -04:00",Completed,Sell,ElenaMoreno57Max,20149,27.78,359.99,BOB,12.96,0.00,09/08/2025 18:05:59,7323693440,S-001,Banexcoin Bolivia
7767,"09/08/2025 18:06:27, UTC -04:00",Completed,Sell,ElenaMoreno57Max,20149,27.77,359.99,BOB,12.96,0.00,09/08/2025 18:06:43,7323696960,S-001,Banexcoin Bolivia
7768,"09/08/2025 18:07:24, UTC -04:00",Completed,Sell,ElenaMoreno57Max,20149,27.78,359.99,BOB,12.96,0.00,09/08/2025 18:07:47,7323702500,S-001,Banexcoin Bolivia
7769,"09/08/2025 18:08:40, UTC -04:00",Completed,Sell,ElenaMoreno57Max,20149,27.78,359.99,BOB,12.96,0.00,09/08/2025 18:08:53,7323708320,S-001,Banexcoin Bolivia
7771,"09/08/2025 18:09:54, UTC -04:00",Completed,Sell,ElenaMoreno57Max,20149,2.93,37.99,BOB,12.96,0.00,09/08/2025 18:10:07,7323714650,S-001,Banexcoin Bolivia
7772,"09/08/2025 18:13:50, UTC -04:00",Completed,Sell,ElenaMoreno57Max,20149,2.93,37.99,BOB,12.96,0.00,09/08/2025 18:14:03,7323734750,S-001,Banexcoin Bolivia
7773,"09/08/2025 18:15:18, UTC -04:00",Completed,Sell,ElenaMoreno57Max,20149,1.77,22.99,BOB,12.95,0.00,09/08/2025 18:15:31,7323742430,S-001,Banexcoin Bolivia
7774,"09/08/2025 18:16:29, UTC -04:00",Completed,Sell,LauraLopez98123,20181,12.43,161.00,BOB,12.95,0.00,09/08/2025 18:16:45,7323748640,S-001,Banexcoin Bolivia
7775,"09/08/2025 18:16:41, UTC -04:00",Completed,Sell,ElenaMoreno57Max,20149,27.79,359.99,BOB,12.95,0.00,09/08/2025 18:16:57,7323749930,S-001,Banexcoin Bolivia
7776,"09/08/2025 18:17:21, UTC -04:00",Completed,Sell,ElenaMoreno57Max,20149,27.79,359.99,BOB,12.95,0.00,09/08/2025 18:17:39,7323753570,S-001,Banexcoin Bolivia
7777,"09/08/2025 18:17:57, UTC -04:00",Completed,Sell,ElenaMoreno57Max,20149,27.79,359.99,BOB,12.95,0.00,09/08/2025 18:18:11,7323756270,S-001,Banexcoin Bolivia
7778,"09/08/2025 18:18:30, UTC -04:00",Completed,Sell,ElenaMoreno57Max,20149,11.58,149.99,BOB,12.95,0.00,09/08/2025 18:18:43,7323759010,S-001,Banexcoin Bolivia
7779,"09/08/2025 18:19:44, UTC -04:00",Completed,Sell,ElenaMoreno57Max,20149,2.93,37.99,BOB,12.95,0.00,09/08/2025 18:19:57,7323765400,S-001,Banexcoin Bolivia
7780,"09/08/2025 18:20:35, UTC -04:00",Completed,Sell,ElenaMoreno57Max,20149,2.93,37.99,BOB,12.95,0.00,09/08/2025 18:20:47,7323769720,S-001,Banexcoin Bolivia
7781,"09/08/2025 18:22:30, UTC -04:00",Completed,Sell,ElenaMoreno57Max,20149,5.87,75.99,BOB,12.95,0.00,09/08/2025 18:22:48,7323779780,S-001,Banexcoin Bolivia
7784,"09/08/2025 18:35:57, UTC -04:00",Completed,Sell,ElenaMoreno57Max,20149,27.77,359.99,BOB,12.96,0.00,09/08/2025 18:36:10,7323848670,S-001,Banexcoin Bolivia
7789,"09/08/2025 19:01:11, UTC -04:00",Completed,Sell,ElenaMoreno57Max,20149,0.58,7.49,BOB,12.96,0.00,09/08/2025 19:01:25,7323981100,S-001,Banexcoin Bolivia
7790,"09/08/2025 19:01:54, UTC -04:00",Completed,Sell,ElenaMoreno57Max,20149,1.77,22.99,BOB,12.96,0.00,09/08/2025 19:02:05,7323984540,S-001,Banexcoin Bolivia
7791,"09/08/2025 19:02:51, UTC -04:00",Completed,Sell,ElenaMoreno57Max,20149,0.58,7.49,BOB,12.96,0.00,09/08/2025 19:03:09,7323990030,S-001,Banexcoin Bolivia
7792,"09/08/2025 19:29:45, UTC -04:00",Completed,Sell,ElenaMoreno57Max,20149,2.93,37.99,BOB,12.97,0.00,09/08/2025 19:30:05,7324125450,S-001,Banexcoin Bolivia
7793,"09/08/2025 19:30:22, UTC -04:00",Completed,Sell,ElenaMoreno57Max,20149,0.58,7.49,BOB,12.97,0.00,09/08/2025 19:30:35,7324127980,S-001,Banexcoin Bolivia
7794,"09/08/2025 19:31:40, UTC -04:00",Completed,Sell,ElenaMoreno57Max,20149,0.58,7.49,BOB,12.97,0.00,09/08/2025 19:31:51,7324134100,S-001,Banexcoin Bolivia
7799,"09/08/2025 19:56:17, UTC -04:00",Completed,Sell,ElenaMoreno57Max,20149,0.58,7.49,BOB,12.96,0.00,09/08/2025 19:56:30,7324256860,S-001,Banexcoin Bolivia
7800,"09/08/2025 19:58:25, UTC -04:00",Completed,Sell,ElenaMoreno57Max,20149,2.93,37.99,BOB,12.96,0.00,09/08/2025 19:58:38,7324267150,S-001,Banexcoin Bolivia
7801,"09/08/2025 20:04:23, UTC -04:00",Completed,Sell,ElenaMoreno57Max,20149,11.57,149.99,BOB,12.96,0.00,09/08/2025 20:04:34,7324295020,S-001,Banexcoin Bolivia
7802,"09/08/2025 20:04:44, UTC -04:00",Completed,Sell,ElenaMoreno57Max,20149,2.93,37.99,BOB,12.96,0.00,09/08/2025 20:04:58,7324296790,S-001,Banexcoin Bolivia
7803,"09/08/2025 20:05:22, UTC -04:00",Completed,Sell,ElenaMoreno57Max,20149,11.57,149.99,BOB,12.96,0.00,09/08/2025 20:05:34,7324300090,S-001,Banexcoin Bolivia
7804,"09/08/2025 20:06:33, UTC -04:00",Completed,Sell,ElenaMoreno57Max,20149,0.58,7.49,BOB,12.96,0.00,09/08/2025 20:06:50,7324306190,S-001,Banexcoin Bolivia
7805,"09/08/2025 20:14:50, UTC -04:00",Completed,Sell,ElenaMoreno57Max,20149,0.58,7.49,BOB,12.96,0.00,09/08/2025 20:15:05,7324344230,S-001,Banexcoin Bolivia
7808,"09/08/2025 20:27:21, UTC -04:00",Completed,Sell,ElenaMoreno57Max,20149,5.86,75.99,BOB,12.96,0.00,09/08/2025 20:27:37,7324402430,S-001,Banexcoin Bolivia
7812,"09/08/2025 20:40:36, UTC -04:00",Completed,Sell,CristinaMorales762024,20105,9.34,121.00,BOB,12.96,0.00,09/08/2025 20:40:58,7324460780,S-001,Banexcoin Bolivia
7814,"09/08/2025 20:53:01, UTC -04:00",Completed,Sell,AlbertoLeon10007,10008,19.29,250.00,BOB,12.96,0.00,09/08/2025 20:53:14,7324514030,S-001,Banexcoin Bolivia
7815,"09/08/2025 20:53:50, UTC -04:00",Completed,Sell,FernandoCampos72123,20202,23.14,300.00,BOB,12.96,0.00,09/08/2025 20:54:10,7324517890,S-001,Banexcoin Bolivia
7816,"09/08/2025 21:30:07, UTC -04:00",Completed,Sell,ElenaMoreno57Max,20149,0.58,7.49,BOB,12.96,0.00,09/08/2025 21:30:20,7324658410,S-001,Banexcoin Bolivia
7817,"09/08/2025 21:30:52, UTC -04:00",Completed,Sell,ElenaMoreno57Max,20149,0.58,7.49,BOB,12.96,0.00,09/08/2025 21:31:06,7324661330,S-001,Banexcoin Bolivia
7818,"09/08/2025 21:31:35, UTC -04:00",Completed,Sell,ElenaMoreno57Max,20149,1.77,22.99,BOB,12.96,0.00,09/08/2025 21:31:50,7324664110,S-001,Banexcoin Bolivia
7819,"09/08/2025 21:32:49, UTC -04:00",Completed,Sell,ElenaMoreno57Max,20149,11.57,149.99,BOB,12.96,0.00,09/08/2025 21:33:00,7324668530,S-001,Banexcoin Bolivia
7820,"09/08/2025 21:33:57, UTC -04:00",Completed,Sell,ElenaMoreno57Max,20149,27.78,359.99,BOB,12.96,0.00,09/08/2025 21:34:10,7324672780,S-001,Banexcoin Bolivia
7821,"09/08/2025 21:34:36, UTC -04:00",Completed,Sell,ElenaMoreno57Max,20149,2.93,37.99,BOB,12.96,0.00,09/08/2025 21:34:54,7324675480,S-001,Banexcoin Bolivia
7822,"09/08/2025 21:35:04, UTC -04:00",Completed,Sell,ElenaMoreno57Max,20149,0.58,7.49,BOB,12.96,0.00,09/08/2025 21:35:18,7324676870,S-001,Banexcoin Bolivia
7823,"09/08/2025 21:36:25, UTC -04:00",Completed,Sell,ElenaMoreno57Max,20149,2.93,37.99,BOB,12.96,0.00,09/08/2025 21:36:38,7324681710,S-001,Banexcoin Bolivia
7824,"09/08/2025 21:38:11, UTC -04:00",Completed,Sell,ElenaMoreno57Max,20149,0.58,7.49,BOB,12.96,0.00,09/08/2025 21:38:24,7324688340,S-001,Banexcoin Bolivia
7825,"09/08/2025 21:40:12, UTC -04:00",Completed,Sell,ElenaMoreno57Max,20149,11.57,149.99,BOB,12.96,0.00,09/08/2025 21:40:24,7324695700,S-001,Banexcoin Bolivia
7826,"09/08/2025 21:49:44, UTC -04:00",Completed,Sell,ElenaMoreno57Max,20149,27.78,359.99,BOB,12.96,0.00,09/08/2025 21:50:03,7324729830,S-001,Banexcoin Bolivia
7827,"09/08/2025 21:50:11, UTC -04:00",Completed,Sell,ElenaMoreno57Max,20149,27.78,359.99,BOB,12.96,0.00,09/08/2025 21:50:23,7324731100,S-001,Banexcoin Bolivia
7828,"09/08/2025 21:50:45, UTC -04:00",Completed,Sell,ElenaMoreno57Max,20149,27.78,359.99,BOB,12.96,0.00,09/08/2025 21:50:59,7324733150,S-001,Banexcoin Bolivia
7829,"09/08/2025 21:51:19, UTC -04:00",Completed,Sell,ElenaMoreno57Max,20149,27.78,359.99,BOB,12.96,0.00,09/08/2025 21:51:39,7324735650,S-001,Banexcoin Bolivia
7830,"09/08/2025 21:53:04, UTC -04:00",Completed,Sell,ElenaMoreno57Max,20149,27.78,359.99,BOB,12.96,0.00,09/08/2025 21:53:17,7324741010,S-001,Banexcoin Bolivia
7831,"09/08/2025 21:53:39, UTC -04:00",Completed,Sell,ElenaMoreno57Max,20149,27.78,359.99,BOB,12.96,0.00,09/08/2025 21:53:53,7324742990,S-001,Banexcoin Bolivia
7832,"09/08/2025 21:53:59, UTC -04:00",Completed,Sell,ElenaMoreno57Max,20149,27.78,359.99,BOB,12.96,0.00,09/08/2025 21:54:13,7324744010,S-001,Banexcoin Bolivia
7833,"09/08/2025 21:55:02, UTC -04:00",Completed,Sell,ElenaMoreno57Max,20149,27.78,359.99,BOB,12.96,0.00,09/08/2025 21:55:15,7324747870,S-001,Banexcoin Bolivia
7834,"09/08/2025 21:55:51, UTC -04:00",Completed,Sell,ElenaMoreno57Max,20149,27.78,359.99,BOB,12.96,0.00,09/08/2025 21:56:05,7324751180,S-001,Banexcoin Bolivia
7835,"09/08/2025 21:56:23, UTC -04:00",Completed,Sell,ElenaMoreno57Max,20149,27.78,359.99,BOB,12.96,0.00,09/08/2025 21:56:43,7324753250,S-001,Banexcoin Bolivia
7836,"09/08/2025 21:57:07, UTC -04:00",Completed,Sell,ElenaMoreno57Max,20149,1.77,22.99,BOB,12.96,0.00,09/08/2025 21:57:17,7324755250,S-001,Banexcoin Bolivia
7837,"09/08/2025 22:03:39, UTC -04:00",Completed,Sell,FernandoCampos72123,20202,54.03,700.00,BOB,12.96,0.00,09/08/2025 22:03:55,7324776720,S-001,Banexcoin Bolivia
7839,"09/08/2025 23:03:17, UTC -04:00",Completed,Sell,ElenaMoreno57Max,20149,5.87,75.99,BOB,12.95,0.00,09/08/2025 23:03:32,7324942850,S-001,Banexcoin Bolivia
7840,"09/08/2025 23:04:16, UTC -04:00",Completed,Sell,ElenaMoreno57Max,20149,0.58,7.49,BOB,12.95,0.00,09/08/2025 23:04:28,7324945110,S-001,Banexcoin Bolivia
7841,"09/08/2025 23:07:30, UTC -04:00",Completed,Sell,ElenaMoreno57Max,20149,5.87,75.99,BOB,12.95,0.00,09/08/2025 23:07:44,7324952270,S-001,Banexcoin Bolivia
7842,"09/08/2025 23:25:04, UTC -04:00",Completed,Sell,ElenaMoreno57Max,20149,11.59,149.99,BOB,12.94,0.00,09/08/2025 23:25:15,7324990240,S-001,Banexcoin Bolivia
7843,"09/08/2025 23:25:53, UTC -04:00",Completed,Sell,ElenaMoreno57Max,20149,5.87,75.99,BOB,12.94,0.00,09/08/2025 23:26:05,7324991980,S-001,Banexcoin Bolivia
7848,"10/08/2025 00:56:04, UTC -04:00",Completed,Sell,LauraLopez98123,20181,29.38,380.00,BOB,12.94,0.00,10/08/2025 00:56:17,7325109730,S-001,Banexcoin Bolivia
7849,"10/08/2025 01:47:17, UTC -04:00",Completed,Sell,ElenaMoreno57Max,20149,11.60,149.99,BOB,12.92,0.00,10/08/2025 01:47:32,7325152770,S-001,Banexcoin Bolivia
7860,"10/08/2025 09:32:35, UTC -04:00",Completed,Sell,AndresVega17Pro,10086,12.36,160.00,BOB,12.94,0.00,10/08/2025 09:32:49,7325577740,S-001,Banexcoin Bolivia
7861,"10/08/2025 10:14:53, UTC -04:00",Completed,Sell,PaulaMunoz77Pro,20043,7.71,100.00,BOB,12.97,0.00,10/08/2025 10:15:17,7325713920,S-001,Banexcoin Bolivia
7864,"10/08/2025 10:24:31, UTC -04:00",Completed,Sell,MonicaSoto952025,20133,19.74,256.00,BOB,12.97,0.00,10/08/2025 10:24:47,7325747520,S-001,Banexcoin Bolivia
7865,"10/08/2025 10:38:45, UTC -04:00",Completed,Sell,LauraLopez98123,20181,19.28,250.00,BOB,12.97,0.00,10/08/2025 10:39:02,7325798240,S-001,Banexcoin Bolivia
7866,"10/08/2025 10:55:11, UTC -04:00",Completed,Sell,ElenaMoreno57Max,20149,27.77,359.99,BOB,12.96,0.00,10/08/2025 10:55:25,7325860940,S-001,Banexcoin Bolivia
7867,"10/08/2025 10:55:32, UTC -04:00",Completed,Sell,ElenaMoreno57Max,20149,0.58,7.49,BOB,12.96,0.00,10/08/2025 10:55:45,7325862560,S-001,Banexcoin Bolivia
7868,"10/08/2025 11:51:07, UTC -04:00",Completed,Sell,FernandoCampos72123,20202,23.15,300.00,BOB,12.96,0.00,10/08/2025 11:51:29,7326086170,S-001,Banexcoin Bolivia
7871,"10/08/2025 12:07:56, UTC -04:00",Completed,Sell,MariaFlores93Max,10006,2.85,37.00,BOB,12.97,0.00,10/08/2025 12:08:20,7326159700,S-001,Banexcoin Bolivia
7872,"10/08/2025 12:20:29, UTC -04:00",Completed,Sell,MariaFlores93Max,10006,6.63,86.00,BOB,12.97,0.00,10/08/2025 12:20:49,7326214780,S-001,Banexcoin Bolivia
7874,"10/08/2025 12:33:59, UTC -04:00",Completed,Sell,ElenaMoreno57Max,20149,11.56,149.99,BOB,12.97,0.00,10/08/2025 12:34:23,7326277170,S-001,Banexcoin Bolivia
7875,"10/08/2025 12:33:59, UTC -04:00",Completed,Sell,LauraLopez98123,20181,1.54,20.00,BOB,12.97,0.00,10/08/2025 12:34:13,7326276280,S-001,Banexcoin Bolivia
7876,"10/08/2025 12:45:39, UTC -04:00",Completed,Sell,ElenaMoreno57Max,20149,27.76,359.99,BOB,12.97,0.00,10/08/2025 12:45:54,7326330240,S-001,Banexcoin Bolivia
7877,"10/08/2025 12:46:34, UTC -04:00",Completed,Sell,ElenaMoreno57Max,20149,27.75,359.99,BOB,12.97,0.00,10/08/2025 12:46:48,7326334320,S-001,Banexcoin Bolivia
7878,"10/08/2025 12:47:01, UTC -04:00",Completed,Sell,ElenaMoreno57Max,20149,11.56,149.99,BOB,12.97,0.00,10/08/2025 12:47:16,7326336560,S-001,Banexcoin Bolivia
7879,"10/08/2025 12:47:22, UTC -04:00",Completed,Sell,ElenaMoreno57Max,20149,5.86,75.99,BOB,12.97,0.00,10/08/2025 12:47:36,7326338130,S-001,Banexcoin Bolivia
7881,"10/08/2025 14:10:46, UTC -04:00",Completed,Sell,PatriciaGutierrez74Pro,20048,1.62,21.00,BOB,12.98,0.00,10/08/2025 14:11:30,7326688810,S-001,Banexcoin Bolivia
7885,"10/08/2025 15:01:08, UTC -04:00",Completed,Sell,ElenaMoreno57Max,20149,2.93,37.99,BOB,12.99,0.00,10/08/2025 15:01:24,7326873650,S-001,Banexcoin Bolivia
7886,"10/08/2025 15:09:06, UTC -04:00",Completed,Sell,ElenaMoreno57Max,20149,5.85,75.99,BOB,13.00,0.00,10/08/2025 15:09:20,7326902660,S-001,Banexcoin Bolivia
7887,"10/08/2025 15:10:24, UTC -04:00",Completed,Sell,ElenaMoreno57Max,20149,5.85,75.99,BOB,13.00,0.00,10/08/2025 15:10:36,7326906940,S-001,Banexcoin Bolivia
7888,"10/08/2025 15:11:56, UTC -04:00",Completed,Sell,ElenaMoreno57Max,20149,2.92,37.99,BOB,12.99,0.00,10/08/2025 15:12:09,7326912000,S-001,Banexcoin Bolivia
7889,"10/08/2025 15:12:44, UTC -04:00",Completed,Sell,ElenaMoreno57Max,20149,0.58,7.49,BOB,12.99,0.00,10/08/2025 15:12:57,7326914960,S-001,Banexcoin Bolivia
7890,"10/08/2025 15:38:25, UTC -04:00",Completed,Sell,ElenaMoreno57Max,20149,5.84,75.99,BOB,13.02,0.00,10/08/2025 15:39:18,7327003880,S-001,Banexcoin Bolivia
7891,"10/08/2025 16:05:50, UTC -04:00",Completed,Sell,ElenaMoreno57Max,20149,11.51,149.99,BOB,13.04,0.00,10/08/2025 16:06:03,7327093870,S-001,Banexcoin Bolivia
7892,"10/08/2025 16:07:30, UTC -04:00",Completed,Sell,ElenaMoreno57Max,20149,11.49,149.99,BOB,13.05,0.00,10/08/2025 16:07:45,7327099310,S-001,Banexcoin Bolivia
7893,"10/08/2025 16:24:17, UTC -04:00",Completed,Sell,ElenaMoreno57Max,20149,5.82,75.99,BOB,13.06,0.00,10/08/2025 16:24:32,7327155690,S-001,Banexcoin Bolivia
7894,"10/08/2025 16:30:25, UTC -04:00",Completed,Sell,ElenaMoreno57Max,20149,5.81,75.99,BOB,13.07,0.00,10/08/2025 16:30:38,7327176310,S-001,Banexcoin Bolivia
7895,"10/08/2025 16:46:09, UTC -04:00",Completed,Sell,LauraLopez98123,20181,20.86,273.00,BOB,13.09,0.00,10/08/2025 16:46:25,7327227470,S-001,Banexcoin Bolivia
7896,"10/08/2025 16:49:14, UTC -04:00",Completed,Sell,ElenaMoreno57Max,20149,27.49,359.99,BOB,13.10,0.00,10/08/2025 16:49:41,7327237810,S-001,Banexcoin Bolivia
7897,"10/08/2025 17:10:02, UTC -04:00",Completed,Sell,GloriaDelgado30Pe,20135,0.38,5.00,BOB,13.14,0.00,10/08/2025 17:10:28,7327306780,S-001,Banexcoin Bolivia
7898,"10/08/2025 17:19:31, UTC -04:00",Completed,Sell,ElenaMoreno57Max,20149,5.78,75.99,BOB,13.16,0.00,10/08/2025 17:19:46,7327338730,S-001,Banexcoin Bolivia
7899,"10/08/2025 17:20:57, UTC -04:00",Completed,Sell,ElenaMoreno57Max,20149,11.40,149.99,BOB,13.15,0.00,10/08/2025 17:21:08,7327343050,S-001,Banexcoin Bolivia
7900,"10/08/2025 17:22:57, UTC -04:00",Completed,Sell,ElenaMoreno57Max,20149,27.37,359.99,BOB,13.15,0.00,10/08/2025 17:23:11,7327349800,S-001,Banexcoin Bolivia
7901,"10/08/2025 17:24:21, UTC -04:00",Completed,Sell,ElenaMoreno57Max,20149,11.40,149.99,BOB,13.16,0.00,10/08/2025 17:24:35,7327354640,S-001,Banexcoin Bolivia
7902,"10/08/2025 17:38:36, UTC -04:00",Completed,Sell,ElenaMoreno57Max,20149,27.56,359.99,BOB,13.06,0.00,10/08/2025 17:38:49,7327401660,S-001,Banexcoin Bolivia
7903,"10/08/2025 18:28:23, UTC -04:00",Completed,Sell,ElenaMoreno57Max,20149,27.50,359.99,BOB,13.09,0.00,10/08/2025 18:28:41,7327570500,S-001,Banexcoin Bolivia
7904,"10/08/2025 18:29:28, UTC -04:00",Completed,Sell,ElenaMoreno57Max,20149,27.50,359.99,BOB,13.09,0.00,10/08/2025 18:29:39,7327574390,S-001,Banexcoin Bolivia
7905,"10/08/2025 18:30:27, UTC -04:00",Completed,Sell,ElenaMoreno57Max,20149,11.46,149.99,BOB,13.09,0.00,10/08/2025 18:30:39,7327578080,S-001,Banexcoin Bolivia
7907,"10/08/2025 18:33:00, UTC -04:00",Completed,Sell,ElenaMoreno57Max,20149,11.46,149.99,BOB,13.09,0.00,10/08/2025 18:33:14,7327587780,S-001,Banexcoin Bolivia
7909,"10/08/2025 18:34:48, UTC -04:00",Completed,Sell,ElenaMoreno57Max,20149,1.76,22.99,BOB,13.08,0.00,10/08/2025 18:35:02,7327594520,S-001,Banexcoin Bolivia
7911,"10/08/2025 18:51:14, UTC -04:00",Completed,Sell,ElenaPerez81Ec,20199,1.42,18.50,BOB,13.01,0.00,10/08/2025 18:51:38,7327654240,S-001,Banexcoin Bolivia
7912,"10/08/2025 18:51:37, UTC -04:00",Completed,Sell,MonicaSoto952025,20133,15.37,200.00,BOB,13.01,0.00,10/08/2025 18:51:52,7327655240,S-001,Banexcoin Bolivia
7913,"10/08/2025 18:55:25, UTC -04:00",Completed,Sell,MariaFlores93Max,10006,5.84,76.00,BOB,13.02,0.00,10/08/2025 18:55:43,7327669190,S-001,Banexcoin Bolivia
7919,"10/08/2025 19:19:10, UTC -04:00",Completed,Sell,PaulaDiaz91Bo,20148,15.35,200.00,BOB,13.03,0.00,10/08/2025 19:19:26,7327758920,S-001,Banexcoin Bolivia
7920,"10/08/2025 19:20:47, UTC -04:00",Completed,Sell,MariaFlores93Max,10006,38.38,500.00,BOB,13.03,0.00,10/08/2025 19:21:06,7327765540,S-001,Banexcoin Bolivia
7922,"10/08/2025 20:01:45, UTC -04:00",Completed,Sell,CarlosRuiz32Pe,20154,1.77,23.00,BOB,13.02,0.00,10/08/2025 20:02:27,7327920200,S-001,Banexcoin Bolivia
7924,"10/08/2025 20:14:15, UTC -04:00",Completed,Sell,ElenaMoreno57Max,20149,27.61,359.99,BOB,13.04,0.00,10/08/2025 20:14:32,7327964310,S-001,Banexcoin Bolivia
7938,"11/08/2025 08:29:12, UTC -04:00",Completed,Sell,MariaMendoza93Pe,20124,49.06,637.90,BOB,13.00,0.00,11/08/2025 08:29:32,7328846650,S-001,Banexcoin Bolivia
7940,"11/08/2025 08:34:04, UTC -04:00",Completed,Sell,FranciscoAguilar94Pe,20161,9.61,125.00,BOB,13.00,0.00,11/08/2025 08:35:02,7328864380,S-001,Banexcoin Bolivia
7941,"11/08/2025 08:44:08, UTC -04:00",Completed,Sell,FernandoCampos72123,20202,15.40,200.00,BOB,12.99,0.00,11/08/2025 08:44:22,7328898610,S-001,Banexcoin Bolivia
7945,"11/08/2025 10:37:00, UTC -04:00",Completed,Sell,ElenaMoreno57Max,20149,2.91,37.99,BOB,13.05,0.00,11/08/2025 10:37:13,7329414460,S-001,Banexcoin Bolivia
7946,"11/08/2025 10:40:02, UTC -04:00",Completed,Sell,ElenaMoreno57Max,20149,11.50,149.99,BOB,13.04,0.00,11/08/2025 10:40:20,7329431220,S-001,Banexcoin Bolivia
7947,"11/08/2025 10:41:12, UTC -04:00",Completed,Sell,ElenaMoreno57Max,20149,2.91,37.99,BOB,13.04,0.00,11/08/2025 10:41:24,7329436640,S-001,Banexcoin Bolivia
7948,"11/08/2025 10:44:25, UTC -04:00",Completed,Sell,ElenaMoreno57Max,20149,2.91,37.99,BOB,13.04,0.00,11/08/2025 10:44:38,7329452840,S-001,Banexcoin Bolivia
7949,"11/08/2025 10:46:07, UTC -04:00",Completed,Sell,ElenaMoreno57Max,20149,2.91,37.99,BOB,13.05,0.00,11/08/2025 10:46:18,7329461940,S-001,Banexcoin Bolivia
7950,"11/08/2025 10:47:10, UTC -04:00",Completed,Sell,ElenaMoreno57Max,20149,0.57,7.49,BOB,13.05,0.00,11/08/2025 10:47:24,7329467540,S-001,Banexcoin Bolivia
7951,"11/08/2025 10:48:07, UTC -04:00",Completed,Sell,ElenaMoreno57Max,20149,5.82,75.99,BOB,13.05,0.00,11/08/2025 10:48:22,7329472350,S-001,Banexcoin Bolivia
7952,"11/08/2025 10:49:19, UTC -04:00",Completed,Sell,ElenaMoreno57Max,20149,2.91,37.99,BOB,13.05,0.00,11/08/2025 10:49:32,7329479110,S-001,Banexcoin Bolivia
7954,"11/08/2025 10:49:51, UTC -04:00",Completed,Sell,ElenaMoreno57Max,20149,1.76,22.99,BOB,13.05,0.00,11/08/2025 10:50:06,7329481780,S-001,Banexcoin Bolivia
7955,"11/08/2025 10:51:04, UTC -04:00",Completed,Sell,ElenaMoreno57Max,20149,2.91,37.99,BOB,13.05,0.00,11/08/2025 10:51:22,7329488340,S-001,Banexcoin Bolivia
7957,"11/08/2025 10:52:03, UTC -04:00",Completed,Sell,AlbertoGarcia832025,20018,16.72,218.10,BOB,13.05,0.00,11/08/2025 10:53:00,7329496250,S-001,Banexcoin Bolivia
7958,"11/08/2025 10:52:12, UTC -04:00",Completed,Sell,ElenaMoreno57Max,20149,2.91,37.99,BOB,13.05,0.00,11/08/2025 10:52:48,7329494790,S-001,Banexcoin Bolivia
7959,"11/08/2025 10:53:55, UTC -04:00",Completed,Sell,ElenaMoreno57Max,20149,11.50,149.99,BOB,13.05,0.00,11/08/2025 10:54:08,7329502400,S-001,Banexcoin Bolivia
7960,"11/08/2025 10:55:32, UTC -04:00",Completed,Sell,ElenaMoreno57Max,20149,2.91,37.99,BOB,13.05,0.00,11/08/2025 10:55:48,7329510840,S-001,Banexcoin Bolivia
7961,"11/08/2025 10:56:07, UTC -04:00",Completed,Sell,ElenaMoreno57Max,20149,1.76,22.99,BOB,13.05,0.00,11/08/2025 10:56:18,7329513450,S-001,Banexcoin Bolivia
7962,"11/08/2025 11:02:00, UTC -04:00",Completed,Sell,ElenaMoreno57Max,20149,2.91,37.99,BOB,13.05,0.00,11/08/2025 11:02:15,7329541030,S-001,Banexcoin Bolivia
7963,"11/08/2025 11:03:18, UTC -04:00",Completed,Sell,ElenaMoreno57Max,20149,2.91,37.99,BOB,13.04,0.00,11/08/2025 11:03:33,7329547630,S-001,Banexcoin Bolivia
7964,"11/08/2025 11:04:14, UTC -04:00",Completed,Sell,ElenaMoreno57Max,20149,2.91,37.99,BOB,13.04,0.00,11/08/2025 11:04:27,7329552750,S-001,Banexcoin Bolivia
7965,"11/08/2025 11:04:58, UTC -04:00",Completed,Sell,ElenaMoreno57Max,20149,0.57,7.49,BOB,13.04,0.00,11/08/2025 11:05:13,7329556510,S-001,Banexcoin Bolivia
7966,"11/08/2025 11:05:46, UTC -04:00",Completed,Sell,ElenaMoreno57Max,20149,2.91,37.99,BOB,13.04,0.00,11/08/2025 11:05:59,7329561000,S-001,Banexcoin Bolivia
7967,"11/08/2025 11:06:34, UTC -04:00",Completed,Sell,ElenaMoreno57Max,20149,1.76,22.99,BOB,13.05,0.00,11/08/2025 11:06:47,7329565120,S-001,Banexcoin Bolivia
7968,"11/08/2025 11:08:05, UTC -04:00",Completed,Sell,ElenaMoreno57Max,20149,2.91,37.99,BOB,13.05,0.00,11/08/2025 11:08:17,7329572840,S-001,Banexcoin Bolivia
7969,"11/08/2025 11:11:24, UTC -04:00",Completed,Sell,ElenaMoreno57Max,20149,2.91,37.99,BOB,13.06,0.00,11/08/2025 11:11:37,7329590090,S-001,Banexcoin Bolivia
7970,"11/08/2025 11:13:09, UTC -04:00",Completed,Sell,ElenaMoreno57Max,20149,0.57,7.49,BOB,13.06,0.00,11/08/2025 11:13:23,7329599680,S-001,Banexcoin Bolivia
7971,"11/08/2025 11:26:02, UTC -04:00",Completed,Sell,ElenaMoreno57Max,20149,5.82,75.99,BOB,13.05,0.00,11/08/2025 11:26:32,7329665790,S-001,Banexcoin Bolivia
7972,"11/08/2025 11:27:07, UTC -04:00",Completed,Sell,ElenaMoreno57Max,20149,5.83,75.99,BOB,13.04,0.00,11/08/2025 11:27:22,7329669960,S-001,Banexcoin Bolivia
7976,"11/08/2025 11:42:29, UTC -04:00",Completed,Sell,CristinaMorales762024,20105,4.94,64.50,BOB,13.05,0.00,11/08/2025 11:42:50,7329748530,S-001,Banexcoin Bolivia
7977,"11/08/2025 11:42:47, UTC -04:00",Completed,Sell,ElenaMoreno57Max,20149,0.57,7.49,BOB,13.05,0.00,11/08/2025 11:43:00,7329749540,S-001,Banexcoin Bolivia
7978,"11/08/2025 11:43:32, UTC -04:00",Completed,Sell,ElenaMoreno57Max,20149,2.91,37.99,BOB,13.05,0.00,11/08/2025 11:43:46,7329753750,S-001,Banexcoin Bolivia
7979,"11/08/2025 11:54:04, UTC -04:00",Completed,Sell,ElenaMoreno57Max,20149,5.82,75.99,BOB,13.05,0.00,11/08/2025 11:54:19,7329810300,S-001,Banexcoin Bolivia
7980,"11/08/2025 11:55:29, UTC -04:00",Completed,Sell,ElenaMoreno57Max,20149,0.57,7.49,BOB,13.05,0.00,11/08/2025 11:55:43,7329817560,S-001,Banexcoin Bolivia
7981,"11/08/2025 11:59:46, UTC -04:00",Completed,Sell,ElenaMoreno57Max,20149,2.91,37.99,BOB,13.04,0.00,11/08/2025 11:59:59,7329840650,S-001,Banexcoin Bolivia
7982,"11/08/2025 12:00:47, UTC -04:00",Completed,Sell,ElenaMoreno57Max,20149,1.76,22.99,BOB,13.04,0.00,11/08/2025 12:01:01,7329846460,S-001,Banexcoin Bolivia
7983,"11/08/2025 12:01:47, UTC -04:00",Completed,Sell,AlbertoReyes24007,20104,2.61,34.00,BOB,13.04,0.00,11/08/2025 12:02:03,7329851840,S-001,Banexcoin Bolivia
7984,"11/08/2025 12:05:42, UTC -04:00",Completed,Sell,LauraLopez98123,20181,13.43,175.00,BOB,13.03,0.00,11/08/2025 12:06:03,7329873920,S-001,Banexcoin Bolivia
7985,"11/08/2025 12:13:31, UTC -04:00",Completed,Sell,ElenaMoreno57Max,20149,5.83,75.99,BOB,13.04,0.00,11/08/2025 12:13:50,7329913980,S-001,Banexcoin Bolivia
7986,"11/08/2025 12:14:27, UTC -04:00",Completed,Sell,ElenaMoreno57Max,20149,2.91,37.99,BOB,13.04,0.00,11/08/2025 12:14:38,7329918810,S-001,Banexcoin Bolivia
7987,"11/08/2025 12:15:11, UTC -04:00",Completed,Sell,ElenaMoreno57Max,20149,0.57,7.49,BOB,13.04,0.00,11/08/2025 12:15:22,7329923170,S-001,Banexcoin Bolivia
7988,"11/08/2025 12:21:07, UTC -04:00",Completed,Sell,ElenaMoreno57Max,20149,1.76,22.99,BOB,13.05,0.00,11/08/2025 12:21:20,7329957940,S-001,Banexcoin Bolivia
7989,"11/08/2025 12:21:36, UTC -04:00",Completed,Sell,ElenaMoreno57Max,20149,0.57,7.49,BOB,13.05,0.00,11/08/2025 12:21:50,7329960260,S-001,Banexcoin Bolivia
7990,"11/08/2025 12:24:20, UTC -04:00",Completed,Sell,ElenaMoreno57Max,20149,0.57,7.49,BOB,13.05,0.00,11/08/2025 12:24:34,7329977370,S-001,Banexcoin Bolivia
7992,"11/08/2025 12:28:57, UTC -04:00",Completed,Sell,ElenaMoreno57Max,20149,11.49,149.99,BOB,13.05,0.00,11/08/2025 12:29:10,7330005670,S-001,Banexcoin Bolivia
7993,"11/08/2025 12:30:23, UTC -04:00",Completed,Sell,ElenaMoreno57Max,20149,27.59,359.99,BOB,13.05,0.00,11/08/2025 12:30:37,7330014810,S-001,Banexcoin Bolivia
7995,"11/08/2025 13:37:02, UTC -04:00",Completed,Sell,ElenaMoreno57Max,20149,2.92,37.99,BOB,13.02,0.00,11/08/2025 13:37:18,7330392820,S-001,Banexcoin Bolivia
7996,"11/08/2025 13:38:33, UTC -04:00",Completed,Sell,MonicaSoto952025,20133,3.84,50.00,BOB,13.03,0.00,11/08/2025 13:38:56,7330400790,S-001,Banexcoin Bolivia
7997,"11/08/2025 13:45:40, UTC -04:00",Completed,Sell,MariaMendoza93Pe,20124,152.13,"1,980.00",BOB,13.02,0.00,11/08/2025 13:45:56,7330437390,S-001,Banexcoin Bolivia
7998,"11/08/2025 13:48:49, UTC -04:00",Completed,Sell,MariaFlores93Max,10006,2.31,30.00,BOB,13.01,0.00,11/08/2025 13:49:12,7330453620,S-001,Banexcoin Bolivia
7999,"11/08/2025 13:51:04, UTC -04:00",Completed,Sell,MariaMendoza93Pe,20124,138.28,"1,800.00",BOB,13.02,0.00,11/08/2025 13:51:18,7330463900,S-001,Banexcoin Bolivia
8000,"11/08/2025 13:51:10, UTC -04:00",Completed,Sell,ElenaMoreno57Max,20149,1.77,22.99,BOB,13.02,0.00,11/08/2025 13:51:28,7330464490,S-001,Banexcoin Bolivia
8001,"11/08/2025 13:54:03, UTC -04:00",Completed,Sell,ElenaMoreno57Max,20149,0.58,7.49,BOB,13.02,0.00,11/08/2025 13:54:16,7330477770,S-001,Banexcoin Bolivia
8002,"11/08/2025 13:54:13, UTC -04:00",Completed,Sell,ElenaPerez81Ec,20199,1.54,20.00,BOB,13.02,0.00,11/08/2025 13:54:28,247191730,S-001,Banexcoin Bolivia
8003,"11/08/2025 13:59:43, UTC -04:00",Completed,Sell,MariaMendoza93Pe,20124,53.17,692.00,BOB,13.01,0.00,11/08/2025 14:00:21,7330507200,S-001,Banexcoin Bolivia
8004,"11/08/2025 14:15:01, UTC -04:00",Completed,Sell,ElenaMoreno57Max,20149,11.52,149.99,BOB,13.02,0.00,11/08/2025 14:15:15,7330582520,S-001,Banexcoin Bolivia
8005,"11/08/2025 14:22:44, UTC -04:00",Completed,Sell,ElenaMoreno57Max,20149,1.77,22.99,BOB,13.02,0.00,11/08/2025 19:29:38,7330620570,S-001,Banexcoin Bolivia
8006,"11/08/2025 14:24:20, UTC -04:00",Completed,Sell,ElenaMoreno57Max,20149,1.77,22.99,BOB,13.02,0.00,11/08/2025 14:25:22,7330630670,S-001,Banexcoin Bolivia
8007,"11/08/2025 14:25:53, UTC -04:00",Completed,Sell,ElenaMoreno57Max,20149,27.66,359.99,BOB,13.02,0.00,11/08/2025 14:26:06,7330635220,S-001,Banexcoin Bolivia
8008,"11/08/2025 14:26:41, UTC -04:00",Completed,Sell,ElenaMoreno57Max,20149,0.58,7.49,BOB,13.02,0.00,11/08/2025 14:26:54,7330638910,S-001,Banexcoin Bolivia
8009,"11/08/2025 14:27:13, UTC -04:00",Completed,Sell,ElenaMoreno57Max,20149,0.58,7.49,BOB,13.02,0.00,11/08/2025 14:27:24,7330641410,S-001,Banexcoin Bolivia
8010,"11/08/2025 14:29:05, UTC -04:00",Completed,Sell,ElenaMoreno57Max,20149,27.66,359.99,BOB,13.01,0.00,11/08/2025 14:29:16,7330650070,S-001,Banexcoin Bolivia
8011,"11/08/2025 14:30:48, UTC -04:00",Completed,Sell,ElenaMoreno57Max,20149,5.84,75.99,BOB,13.02,0.00,11/08/2025 14:31:04,7330658420,S-001,Banexcoin Bolivia
8012,"11/08/2025 14:34:27, UTC -04:00",Completed,Sell,ElenaMoreno57Max,20149,2.92,37.99,BOB,13.02,0.00,11/08/2025 14:34:44,7330677110,S-001,Banexcoin Bolivia
8013,"11/08/2025 14:51:52, UTC -04:00",Completed,Sell,ElenaMoreno57Max,20149,27.63,359.99,BOB,13.03,0.00,11/08/2025 14:52:07,7330763170,S-001,Banexcoin Bolivia
8014,"11/08/2025 14:53:35, UTC -04:00",Completed,Sell,ElenaMoreno57Max,20149,2.92,37.99,BOB,13.03,0.00,11/08/2025 14:53:49,7330771480,S-001,Banexcoin Bolivia
8015,"11/08/2025 14:54:21, UTC -04:00",Completed,Sell,ElenaMoreno57Max,20149,11.51,149.99,BOB,13.03,0.00,11/08/2025 14:54:35,7330775470,S-001,Banexcoin Bolivia
8016,"11/08/2025 14:54:55, UTC -04:00",Completed,Sell,ElenaMoreno57Max,20149,2.92,37.99,BOB,13.03,0.00,11/08/2025 14:55:07,7330777860,S-001,Banexcoin Bolivia
8017,"11/08/2025 14:55:23, UTC -04:00",Completed,Sell,ElenaMoreno57Max,20149,2.92,37.99,BOB,13.03,0.00,11/08/2025 14:55:37,7330780490,S-001,Banexcoin Bolivia
8018,"11/08/2025 15:43:47, UTC -04:00",Completed,Sell,ElenaMoreno57Max,20149,2.91,37.99,BOB,13.06,0.00,11/08/2025 15:44:01,7331023620,S-001,Banexcoin Bolivia
8019,"11/08/2025 15:53:39, UTC -04:00",Completed,Sell,ElenaMoreno57Max,20149,2.91,37.99,BOB,13.06,0.00,11/08/2025 15:53:50,7331072520,S-001,Banexcoin Bolivia
8020,"11/08/2025 16:09:45, UTC -04:00",Completed,Sell,ElenaMoreno57Max,20149,5.82,75.99,BOB,13.05,0.00,11/08/2025 16:10:02,7331154920,S-001,Banexcoin Bolivia
8021,"11/08/2025 16:10:24, UTC -04:00",Completed,Sell,ElenaMoreno57Max,20149,0.57,7.49,BOB,13.05,0.00,11/08/2025 16:10:39,7331158170,S-001,Banexcoin Bolivia
8022,"11/08/2025 16:36:59, UTC -04:00",Completed,Sell,ElenaMoreno57Max,20149,5.82,75.99,BOB,13.05,0.00,11/08/2025 16:37:14,7331299220,S-001,Banexcoin Bolivia
8023,"11/08/2025 16:37:54, UTC -04:00",Completed,Sell,ElenaMoreno57Max,20149,0.57,7.49,BOB,13.05,0.00,11/08/2025 16:39:06,7331306800,S-001,Banexcoin Bolivia
8024,"11/08/2025 16:59:55, UTC -04:00",Completed,Sell,ElenaMoreno57Max,20149,5.82,75.99,BOB,13.06,0.00,11/08/2025 17:00:11,7331416840,S-001,Banexcoin Bolivia
8025,"11/08/2025 17:01:19, UTC -04:00",Completed,Sell,ElenaMoreno57Max,20149,11.49,149.99,BOB,13.06,0.00,11/08/2025 17:01:41,7331424420,S-001,Banexcoin Bolivia
8026,"11/08/2025 17:01:48, UTC -04:00",Completed,Sell,ElenaMoreno57Max,20149,5.82,75.99,BOB,13.06,0.00,11/08/2025 19:27:12,7331436430,S-001,Banexcoin Bolivia
8027,"11/08/2025 17:03:39, UTC -04:00",Completed,Sell,ElenaMoreno57Max,20149,5.82,75.99,BOB,13.06,0.00,11/08/2025 17:03:53,7331436430,S-001,Banexcoin Bolivia
8028,"11/08/2025 17:34:07, UTC -04:00",Completed,Sell,ElenaMoreno57Max,20149,11.45,149.99,BOB,13.10,0.00,11/08/2025 17:34:44,7331601400,S-001,Banexcoin Bolivia
8029,"11/08/2025 17:44:27, UTC -04:00",Completed,Sell,ElenaMoreno57Max,20149,0.57,7.49,BOB,13.07,0.00,11/08/2025 17:44:41,7331656190,S-001,Banexcoin Bolivia
8030,"11/08/2025 17:49:21, UTC -04:00",Completed,Sell,ElenaMoreno57Max,20149,27.57,359.99,BOB,13.06,0.00,11/08/2025 17:49:35,7331684010,S-001,Banexcoin Bolivia
8031,"11/08/2025 17:51:28, UTC -04:00",Completed,Sell,ElenaMoreno57Max,20149,27.57,359.99,BOB,13.06,0.00,11/08/2025 17:51:41,7331694940,S-001,Banexcoin Bolivia
8032,"11/08/2025 17:57:53, UTC -04:00",Completed,Sell,ElenaMoreno57Max,20149,27.59,359.99,BOB,13.05,0.00,11/08/2025 17:58:07,7331730460,S-001,Banexcoin Bolivia
8033,"11/08/2025 17:58:15, UTC -04:00",Completed,Sell,ElenaMoreno57Max,20149,27.58,359.99,BOB,13.05,0.00,11/08/2025 17:58:29,7331732640,S-001,Banexcoin Bolivia
8034,"11/08/2025 17:58:38, UTC -04:00",Completed,Sell,ElenaMoreno57Max,20149,11.49,149.99,BOB,13.05,0.00,11/08/2025 17:58:49,7331734390,S-001,Banexcoin Bolivia
8035,"11/08/2025 17:59:08, UTC -04:00",Completed,Sell,ElenaMoreno57Max,20149,11.49,149.99,BOB,13.05,0.00,11/08/2025 17:59:21,7331736980,S-001,Banexcoin Bolivia
8036,"11/08/2025 18:03:50, UTC -04:00",Completed,Sell,ElenaMoreno57Max,20149,1.76,22.99,BOB,13.05,0.00,11/08/2025 18:04:04,7331762070,S-001,Banexcoin Bolivia
8037,"11/08/2025 18:04:48, UTC -04:00",Completed,Sell,ElenaMoreno57Max,20149,0.57,7.49,BOB,13.06,0.00,11/08/2025 18:05:02,7331768740,S-001,Banexcoin Bolivia
8038,"11/08/2025 18:21:55, UTC -04:00",Completed,Sell,ElenaMoreno57Max,20149,0.57,7.49,BOB,13.05,0.00,11/08/2025 18:22:08,7331866030,S-001,Banexcoin Bolivia
8039,"11/08/2025 18:22:37, UTC -04:00",Completed,Sell,ElenaMoreno57Max,20149,2.91,37.99,BOB,13.05,0.00,11/08/2025 18:22:50,7331869760,S-001,Banexcoin Bolivia
8040,"11/08/2025 18:45:41, UTC -04:00",Completed,Sell,ElenaMoreno57Max,20149,1.76,22.99,BOB,13.05,0.00,11/08/2025 18:46:08,7332004470,S-001,Banexcoin Bolivia
8044,"11/08/2025 19:21:46, UTC -04:00",Completed,Sell,ElenaMoreno57Max,20149,5.81,75.99,BOB,13.08,0.00,11/08/2025 19:22:01,7332205300,S-001,Banexcoin Bolivia
8045,"11/08/2025 19:27:21, UTC -04:00",Completed,Sell,ElenaMoreno57Max,20149,27.54,359.99,BOB,13.07,0.00,11/08/2025 19:27:36,7332235300,S-001,Banexcoin Bolivia
8046,"11/08/2025 19:28:07, UTC -04:00",Completed,Sell,ElenaMoreno57Max,20149,11.47,149.99,BOB,13.08,0.00,11/08/2025 19:28:24,7332239420,S-001,Banexcoin Bolivia
8047,"11/08/2025 19:28:47, UTC -04:00",Completed,Sell,ElenaMoreno57Max,20149,1.76,22.99,BOB,13.08,0.00,11/08/2025 19:29:00,7332242500,S-001,Banexcoin Bolivia
8051,"11/08/2025 19:42:45, UTC -04:00",Completed,Sell,ElenaMoreno57Max,20149,5.82,75.99,BOB,13.05,0.00,11/08/2025 19:43:00,7332316300,S-001,Banexcoin Bolivia
8053,"11/08/2025 19:43:24, UTC -04:00",Completed,Sell,ElenaMoreno57Max,20149,0.57,7.49,BOB,13.05,0.00,11/08/2025 19:43:38,7332322460,S-001,Banexcoin Bolivia
8055,"11/08/2025 20:08:39, UTC -04:00",Completed,Sell,ElenaMoreno57Max,20149,11.48,149.99,BOB,13.07,0.00,11/08/2025 20:08:53,7332463710,S-001,Banexcoin Bolivia
8058,"11/08/2025 20:15:53, UTC -04:00",Completed,Sell,PedroMedina77123,20159,30.60,400.00,BOB,13.07,0.00,11/08/2025 20:16:52,7332501740,S-001,Banexcoin Bolivia
8059,"11/08/2025 20:27:09, UTC -04:00",Completed,Sell,ElenaMoreno57Max,20149,2.91,37.99,BOB,13.07,0.00,11/08/2025 20:27:20,7332550740,S-001,Banexcoin Bolivia
8060,"11/08/2025 20:32:11, UTC -04:00",Completed,Sell,ElenaMoreno57Max,20149,0.57,7.49,BOB,13.06,0.00,11/08/2025 20:32:26,7332573700,S-001,Banexcoin Bolivia
8062,"11/08/2025 20:36:57, UTC -04:00",Completed,Sell,GloriaDelgado61Max,10078,1.61,21.00,BOB,13.07,0.00,11/08/2025 20:37:15,7332596380,S-001,Banexcoin Bolivia
8063,"11/08/2025 20:42:29, UTC -04:00",Completed,Sell,ElenaMoreno57Max,20149,5.81,75.99,BOB,13.07,0.00,11/08/2025 20:42:43,7332620980,S-001,Banexcoin Bolivia
8064,"11/08/2025 20:44:33, UTC -04:00",Completed,Sell,ElenaMoreno57Max,20149,11.47,149.99,BOB,13.08,0.00,11/08/2025 20:44:49,7332629910,S-001,Banexcoin Bolivia
8065,"11/08/2025 20:45:02, UTC -04:00",Completed,Sell,ElenaMoreno57Max,20149,0.57,7.49,BOB,13.08,0.00,11/08/2025 20:45:15,7332631570,S-001,Banexcoin Bolivia
8066,"11/08/2025 20:50:29, UTC -04:00",Completed,Sell,AndresVega17Pro,10086,6.04,79.00,BOB,13.08,0.00,11/08/2025 20:50:41,247376550,S-001,Banexcoin Bolivia
8067,"11/08/2025 21:05:45, UTC -04:00",Completed,Sell,ElenaMoreno57Max,20149,5.81,75.99,BOB,13.08,0.00,11/08/2025 21:06:00,7332716340,S-001,Banexcoin Bolivia
8068,"11/08/2025 21:21:17, UTC -04:00",Completed,Sell,ElenaMoreno57Max,20149,5.81,75.99,BOB,13.09,0.00,11/08/2025 21:21:31,7332777270,S-001,Banexcoin Bolivia
8069,"11/08/2025 21:34:55, UTC -04:00",Completed,Sell,ElenaMoreno57Max,20149,5.81,75.99,BOB,13.09,0.00,11/08/2025 21:35:07,7332827130,S-001,Banexcoin Bolivia
8070,"11/08/2025 21:45:59, UTC -04:00",Completed,Sell,MariaFlores93Max,10006,14.82,194.00,BOB,13.09,0.00,11/08/2025 21:46:18,7332864910,S-001,Banexcoin Bolivia
8071,"11/08/2025 21:46:09, UTC -04:00",Completed,Sell,ElenaMoreno57Max,20149,5.81,75.99,BOB,13.09,0.00,11/08/2025 21:46:24,7332865290,S-001,Banexcoin Bolivia
8072,"11/08/2025 22:11:12, UTC -04:00",Completed,Sell,ElenaMoreno57Max,20149,0.57,7.49,BOB,13.08,0.00,11/08/2025 22:11:25,7332941160,S-001,Banexcoin Bolivia
8073,"11/08/2025 22:29:33, UTC -04:00",Completed,Sell,MariaFlores93Max,10006,0.92,12.00,BOB,13.08,0.00,11/08/2025 22:29:48,7332990890,S-001,Banexcoin Bolivia
8074,"11/08/2025 22:45:03, UTC -04:00",Completed,Sell,ElenaMoreno57Max,20149,0.57,7.49,BOB,13.08,0.00,11/08/2025 22:45:16,7333027250,S-001,Banexcoin Bolivia
8075,"12/08/2025 00:36:56, UTC -04:00",Completed,Sell,ElenaMoreno57Max,20149,1.76,22.99,BOB,13.04,0.00,12/08/2025 00:37:11,7333148760,S-001,Banexcoin Bolivia
8076,"12/08/2025 00:38:35, UTC -04:00",Completed,Sell,ElenaMoreno57Max,20149,5.83,75.99,BOB,13.04,0.00,12/08/2025 00:38:50,7333149540,S-001,Banexcoin Bolivia
8078,"12/08/2025 00:45:53, UTC -04:00",Completed,Sell,ElenaMoreno57Max,20149,27.61,359.99,BOB,13.04,0.00,12/08/2025 00:46:06,7333153220,S-001,Banexcoin Bolivia
8079,"12/08/2025 00:51:29, UTC -04:00",Completed,Sell,ElenaMoreno57Max,20149,11.50,149.99,BOB,13.04,0.00,12/08/2025 00:51:42,7333156110,S-001,Banexcoin Bolivia
8080,"12/08/2025 00:51:55, UTC -04:00",Completed,Sell,ElenaMoreno57Max,20149,11.50,149.99,BOB,13.04,0.00,12/08/2025 00:52:10,7333156240,S-001,Banexcoin Bolivia
8083,"12/08/2025 01:24:57, UTC -04:00",Completed,Sell,ElenaMoreno57Max,20149,5.83,75.99,BOB,13.04,0.00,12/08/2025 01:25:12,7333167240,S-001,Banexcoin Bolivia
8084,"12/08/2025 01:25:46, UTC -04:00",Completed,Sell,ElenaMoreno57Max,20149,0.57,7.49,BOB,13.04,0.00,12/08/2025 01:26:00,7333167590,S-001,Banexcoin Bolivia
8085,"12/08/2025 02:07:34, UTC -04:00",Completed,Sell,ElenaMoreno57Max,20149,2.92,37.99,BOB,13.01,0.00,12/08/2025 02:07:48,7333177650,S-001,Banexcoin Bolivia
8087,"12/08/2025 09:35:49, UTC -04:00",Completed,Sell,ElenaMoreno57Max,20149,0.57,7.49,BOB,13.11,0.00,12/08/2025 09:36:22,7333739360,S-001,Banexcoin Bolivia
8088,"12/08/2025 09:41:17, UTC -04:00",Completed,Sell,ElenaMoreno57Max,20149,1.75,22.99,BOB,13.12,0.00,12/08/2025 09:41:30,7333762480,S-001,Banexcoin Bolivia
8089,"12/08/2025 10:09:09, UTC -04:00",Completed,Sell,ManuelRomero362025,20175,0.61,8.00,BOB,13.16,0.00,12/08/2025 10:09:30,7333891930,S-001,Banexcoin Bolivia
8090,"12/08/2025 10:12:22, UTC -04:00",Completed,Sell,ElenaMoreno57Max,20149,0.57,7.49,BOB,13.14,0.00,12/08/2025 10:12:36,7333906080,S-001,Banexcoin Bolivia
8091,"12/08/2025 10:24:14, UTC -04:00",Completed,Sell,ElenaMoreno57Max,20149,2.89,37.99,BOB,13.16,0.00,12/08/2025 10:24:28,7333964790,S-001,Banexcoin Bolivia
8092,"12/08/2025 10:25:04, UTC -04:00",Completed,Sell,ElenaMoreno57Max,20149,11.40,149.99,BOB,13.15,0.00,12/08/2025 10:25:17,7333968850,S-001,Banexcoin Bolivia
8093,"12/08/2025 11:08:02, UTC -04:00",Completed,Sell,ElenaMoreno57Max,20149,11.43,149.99,BOB,13.13,0.00,12/08/2025 11:08:15,7334189630,S-001,Banexcoin Bolivia
8094,"12/08/2025 11:10:44, UTC -04:00",Completed,Sell,ElenaMoreno57Max,20149,2.89,37.99,BOB,13.13,0.00,12/08/2025 11:11:11,7334204460,S-001,Banexcoin Bolivia
8095,"12/08/2025 11:12:02, UTC -04:00",Completed,Sell,ElenaMoreno57Max,20149,0.57,7.49,BOB,13.12,0.00,12/08/2025 11:12:17,7334210530,S-001,Banexcoin Bolivia
8097,"12/08/2025 11:14:51, UTC -04:00",Completed,Sell,ElenaMoreno57Max,20149,27.44,359.99,BOB,13.12,0.00,12/08/2025 11:15:05,7334225190,S-001,Banexcoin Bolivia
8101,"12/08/2025 11:26:56, UTC -04:00",Completed,Sell,ElenaMoreno57Max,20149,1.75,22.99,BOB,13.12,0.00,12/08/2025 11:27:09,7334287380,S-001,Banexcoin Bolivia
8102,"12/08/2025 11:27:50, UTC -04:00",Completed,Sell,ElenaMoreno57Max,20149,1.75,22.99,BOB,13.12,0.00,12/08/2025 11:28:03,7334292380,S-001,Banexcoin Bolivia
8103,"12/08/2025 11:30:14, UTC -04:00",Completed,Sell,ElenaMoreno57Max,20149,0.57,7.49,BOB,13.13,0.00,12/08/2025 11:30:30,7334305690,S-001,Banexcoin Bolivia
8104,"12/08/2025 11:36:33, UTC -04:00",Completed,Sell,ElenaMoreno57Max,20149,0.57,7.49,BOB,13.13,0.00,12/08/2025 11:36:48,7334337990,S-001,Banexcoin Bolivia
8105,"12/08/2025 11:46:27, UTC -04:00",Completed,Sell,LuciaHerrera662025,20019,42.70,561.00,BOB,13.14,0.00,12/08/2025 11:47:10,7334393700,S-001,Banexcoin Bolivia
8106,"12/08/2025 12:05:27, UTC -04:00",Completed,Sell,ElenaMoreno57Max,20149,2.89,37.99,BOB,13.13,0.00,12/08/2025 12:05:45,7334494890,S-001,Banexcoin Bolivia
8107,"12/08/2025 12:10:02, UTC -04:00",Completed,Sell,ElenaMoreno57Max,20149,5.79,75.99,BOB,13.13,0.00,12/08/2025 12:10:17,7334520450,S-001,Banexcoin Bolivia
8108,"12/08/2025 12:20:54, UTC -04:00",Completed,Sell,ElenaMoreno57Max,20149,2.89,37.99,BOB,13.13,0.00,12/08/2025 12:21:08,7334583760,S-001,Banexcoin Bolivia
8109,"12/08/2025 12:21:37, UTC -04:00",Completed,Sell,ElenaMoreno57Max,20149,1.75,22.99,BOB,13.13,0.00,12/08/2025 12:21:50,7334587400,S-001,Banexcoin Bolivia
8110,"12/08/2025 12:46:35, UTC -04:00",Completed,Sell,LauraLopez98123,20181,26.66,350.00,BOB,13.13,0.00,12/08/2025 12:46:49,7334733880,S-001,Banexcoin Bolivia
8111,"12/08/2025 12:53:16, UTC -04:00",Completed,Sell,ElenaMoreno57Max,20149,0.57,7.49,BOB,13.13,0.00,12/08/2025 12:53:29,7334771870,S-001,Banexcoin Bolivia
8112,"12/08/2025 12:57:26, UTC -04:00",Completed,Sell,ElenaMoreno57Max,20149,0.57,7.49,BOB,13.13,0.00,12/08/2025 12:57:38,7334795470,S-001,Banexcoin Bolivia
8113,"12/08/2025 12:59:46, UTC -04:00",Completed,Sell,ElenaMoreno57Max,20149,5.79,75.99,BOB,13.13,0.00,12/08/2025 13:00:02,7334808470,S-001,Banexcoin Bolivia
8114,"12/08/2025 13:02:42, UTC -04:00",Completed,Sell,ElenaMoreno57Max,20149,0.57,7.49,BOB,13.13,0.00,12/08/2025 13:02:56,7334824510,S-001,Banexcoin Bolivia
8115,"12/08/2025 13:03:33, UTC -04:00",Completed,Sell,ElenaMoreno57Max,20149,1.75,22.99,BOB,13.13,0.00,12/08/2025 13:03:46,7334828990,S-001,Banexcoin Bolivia
8116,"12/08/2025 13:29:54, UTC -04:00",Completed,Sell,ElenaMoreno57Max,20149,0.57,7.49,BOB,13.14,0.00,12/08/2025 13:30:19,7334969190,S-001,Banexcoin Bolivia
8117,"12/08/2025 13:31:49, UTC -04:00",Completed,Sell,CristinaMorales762024,20105,0.38,5.00,BOB,13.14,0.00,12/08/2025 13:32:05,247583080,S-001,Banexcoin Bolivia
8118,"12/08/2025 13:34:21, UTC -04:00",Completed,Sell,ElenaMoreno57Max,20149,5.78,75.99,BOB,13.14,0.00,12/08/2025 13:34:35,7334991040,S-001,Banexcoin Bolivia
8119,"12/08/2025 13:46:39, UTC -04:00",Completed,Sell,ElenaMoreno57Max,20149,0.57,7.49,BOB,13.13,0.00,12/08/2025 13:46:52,7335051590,S-001,Banexcoin Bolivia
8120,"12/08/2025 14:10:41, UTC -04:00",Completed,Sell,ElenaMoreno57Max,20149,0.57,7.49,BOB,13.14,0.00,12/08/2025 14:11:27,7335171240,S-001,Banexcoin Bolivia
8123,"12/08/2025 14:15:23, UTC -04:00",Completed,Sell,MariaFlores93Max,10006,2.06,27.00,BOB,13.14,0.00,12/08/2025 14:15:43,7335192810,S-001,Banexcoin Bolivia
8125,"12/08/2025 14:23:41, UTC -04:00",Completed,Sell,ElenaMoreno57Max,20149,2.89,37.99,BOB,13.14,0.00,12/08/2025 14:24:05,7335235040,S-001,Banexcoin Bolivia
8127,"12/08/2025 14:36:46, UTC -04:00",Completed,Sell,FernandoCruz93Pro,20055,68.50,900.00,BOB,13.14,0.00,12/08/2025 14:37:06,7335298250,S-001,Banexcoin Bolivia
8128,"12/08/2025 14:37:24, UTC -04:00",Completed,Sell,ElenaMoreno57Max,20149,2.89,37.99,BOB,13.14,0.00,12/08/2025 14:37:38,7335300700,S-001,Banexcoin Bolivia
8129,"12/08/2025 14:38:12, UTC -04:00",Completed,Sell,ElenaMoreno57Max,20149,5.78,75.99,BOB,13.14,0.00,12/08/2025 14:38:26,7335304090,S-001,Banexcoin Bolivia
8130,"12/08/2025 14:39:34, UTC -04:00",Completed,Sell,MariaMendoza93Pe,20124,228.32,"3,000.00",BOB,13.14,0.00,12/08/2025 14:39:48,7335310860,S-001,Banexcoin Bolivia
8131,"12/08/2025 15:01:16, UTC -04:00",Completed,Sell,MonicaSoto952025,20133,3.73,49.00,BOB,13.15,0.00,12/08/2025 15:01:29,7335413300,S-001,Banexcoin Bolivia
8132,"12/08/2025 15:10:24, UTC -04:00",Completed,Sell,ElenaMoreno57Max,20149,27.37,359.99,BOB,13.15,0.00,12/08/2025 15:10:39,7335457340,S-001,Banexcoin Bolivia
8133,"12/08/2025 15:10:39, UTC -04:00",Completed,Sell,CarlosRuiz32Pe,20154,2.59,34.00,BOB,13.15,0.00,12/08/2025 15:10:57,7335458710,S-001,Banexcoin Bolivia
8134,"12/08/2025 15:10:49, UTC -04:00",Completed,Sell,ElenaMoreno57Max,20149,27.37,359.99,BOB,13.15,0.00,12/08/2025 15:11:05,7335459320,S-001,Banexcoin Bolivia
8136,"12/08/2025 15:21:39, UTC -04:00",Completed,Sell,ElenaMoreno57Max,20149,0.57,7.49,BOB,13.15,0.00,12/08/2025 15:21:54,7335512590,S-001,Banexcoin Bolivia
8138,"12/08/2025 15:42:36, UTC -04:00",Completed,Sell,ElenaMoreno57Max,20149,0.57,7.49,BOB,13.17,0.00,12/08/2025 15:42:49,7335615370,S-001,Banexcoin Bolivia
8139,"12/08/2025 15:43:01, UTC -04:00",Completed,Sell,ElenaMoreno57Max,20149,0.57,7.49,BOB,13.17,0.00,12/08/2025 15:43:15,7335617550,S-001,Banexcoin Bolivia
8140,"12/08/2025 15:52:39, UTC -04:00",Completed,Sell,ElenaMoreno57Max,20149,0.57,7.49,BOB,13.19,0.00,12/08/2025 15:52:53,7335666200,S-001,Banexcoin Bolivia
8141,"12/08/2025 15:56:34, UTC -04:00",Completed,Sell,ElenaMoreno57Max,20149,1.74,22.99,BOB,13.19,0.00,12/08/2025 15:56:50,7335686130,S-001,Banexcoin Bolivia
8142,"12/08/2025 15:57:09, UTC -04:00",Completed,Sell,ElenaMoreno57Max,20149,1.75,22.99,BOB,13.17,0.00,12/08/2025 15:57:22,7335688820,S-001,Banexcoin Bolivia
8143,"12/08/2025 16:01:41, UTC -04:00",Completed,Sell,ElenaMoreno57Max,20149,0.57,7.49,BOB,13.17,0.00,12/08/2025 16:01:56,7335710760,S-001,Banexcoin Bolivia
8144,"12/08/2025 16:02:30, UTC -04:00",Completed,Sell,ElenaMoreno57Max,20149,0.57,7.49,BOB,13.17,0.00,12/08/2025 16:02:46,7335714780,S-001,Banexcoin Bolivia
8145,"12/08/2025 16:28:54, UTC -04:00",Completed,Sell,ElenaMoreno57Max,20149,2.88,37.99,BOB,13.17,0.00,12/08/2025 16:29:27,7335848030,S-001,Banexcoin Bolivia
8146,"12/08/2025 16:31:21, UTC -04:00",Completed,Sell,ElenaMoreno57Max,20149,27.33,359.99,BOB,13.17,0.00,12/08/2025 16:31:33,7335858860,S-001,Banexcoin Bolivia
8147,"12/08/2025 16:32:20, UTC -04:00",Completed,Sell,ElenaMoreno57Max,20149,0.57,7.49,BOB,13.17,0.00,12/08/2025 16:32:33,7335863550,S-001,Banexcoin Bolivia
8148,"12/08/2025 16:33:37, UTC -04:00",Completed,Sell,ElenaMoreno57Max,20149,5.77,75.99,BOB,13.16,0.00,12/08/2025 16:33:47,7335869810,S-001,Banexcoin Bolivia
8149,"12/08/2025 16:37:27, UTC -04:00",Completed,Sell,ElenaMoreno57Max,20149,0.57,7.49,BOB,13.17,0.00,12/08/2025 16:37:45,7335890560,S-001,Banexcoin Bolivia
8155,"12/08/2025 17:35:35, UTC -04:00",Completed,Sell,LauraLopez98123,20181,1.13,15.00,BOB,13.29,0.00,12/08/2025 17:35:50,7336200190,S-001,Banexcoin Bolivia
8173,"12/08/2025 20:29:39, UTC -04:00",Completed,Sell,ElenaMoreno57Max,20149,0.57,7.49,BOB,13.21,0.00,12/08/2025 20:29:54,7337121570,S-001,Banexcoin Bolivia
8175,"12/08/2025 20:44:26, UTC -04:00",Completed,Sell,ElenaMoreno57Max,20149,5.75,75.99,BOB,13.22,0.00,12/08/2025 20:44:41,7337185980,S-001,Banexcoin Bolivia
8176,"12/08/2025 20:57:22, UTC -04:00",Completed,Sell,ElenaMoreno57Max,20149,1.74,22.99,BOB,13.21,0.00,12/08/2025 20:57:43,7337239570,S-001,Banexcoin Bolivia
8177,"12/08/2025 20:58:15, UTC -04:00",Completed,Sell,ElenaMoreno57Max,20149,1.74,22.99,BOB,13.21,0.00,12/08/2025 20:59:09,7337244610,S-001,Banexcoin Bolivia
8178,"12/08/2025 20:59:19, UTC -04:00",Completed,Sell,ElenaMoreno57Max,20149,11.35,149.99,BOB,13.21,0.00,12/08/2025 20:59:37,7337246340,S-001,Banexcoin Bolivia
8179,"12/08/2025 21:00:25, UTC -04:00",Completed,Sell,ElenaMoreno57Max,20149,0.57,7.49,BOB,13.21,0.00,12/08/2025 21:00:37,7337250170,S-001,Banexcoin Bolivia
8180,"12/08/2025 21:07:19, UTC -04:00",Completed,Sell,ElenaMoreno57Max,20149,5.75,75.99,BOB,13.21,0.00,12/08/2025 21:07:32,7337276920,S-001,Banexcoin Bolivia
8181,"12/08/2025 21:24:41, UTC -04:00",Completed,Sell,ElenaMoreno57Max,20149,27.23,359.99,BOB,13.22,0.00,12/08/2025 21:24:59,7337343510,S-001,Banexcoin Bolivia
8182,"12/08/2025 21:25:07, UTC -04:00",Completed,Sell,ElenaMoreno57Max,20149,27.23,359.99,BOB,13.22,0.00,12/08/2025 21:25:25,7337344870,S-001,Banexcoin Bolivia
8185,"12/08/2025 23:21:08, UTC -04:00",Completed,Sell,ElenaMoreno57Max,20149,5.74,75.99,BOB,13.24,0.00,12/08/2025 23:21:22,7337649350,S-001,Banexcoin Bolivia
8186,"12/08/2025 23:24:25, UTC -04:00",Completed,Sell,ElenaMoreno57Max,20149,11.32,149.99,BOB,13.25,0.00,12/08/2025 23:24:40,7337654160,S-001,Banexcoin Bolivia
8187,"12/08/2025 23:48:48, UTC -04:00",Completed,Sell,MariaFlores93Max,10006,4.68,62.00,BOB,13.25,0.00,12/08/2025 23:49:05,7337684130,S-001,Banexcoin Bolivia
8188,"13/08/2025 00:20:54, UTC -04:00",Completed,Sell,ElenaMoreno57Max,20149,5.74,75.99,BOB,13.25,0.00,13/08/2025 00:21:07,7337705910,S-001,Banexcoin Bolivia
8190,"13/08/2025 01:39:21, UTC -04:00",Completed,Sell,LuisRomero75Mx,20044,7.55,100.00,BOB,13.25,0.00,13/08/2025 01:39:36,7337741390,S-001,Banexcoin Bolivia
8191,"13/08/2025 01:58:04, UTC -04:00",Completed,Sell,ElenaMoreno57Max,20149,27.18,359.99,BOB,13.24,0.00,13/08/2025 01:58:19,7337746570,S-001,Banexcoin Bolivia
8192,"13/08/2025 02:09:06, UTC -04:00",Completed,Sell,ElenaMoreno57Max,20149,27.18,359.99,BOB,13.24,0.00,13/08/2025 02:09:22,7337749580,S-001,Banexcoin Bolivia
8196,"13/08/2025 08:35:28, UTC -04:00",Completed,Sell,AndresVega17Pro,10086,11.20,150.00,BOB,13.40,0.00,13/08/2025 08:35:40,247845150,S-001,Banexcoin Bolivia
8201,"13/08/2025 09:47:18, UTC -04:00",Completed,Sell,MariaFlores93Max,10006,0.75,10.00,BOB,13.40,0.00,13/08/2025 09:47:39,7338389920,S-001,Banexcoin Bolivia
8203,"13/08/2025 10:30:44, UTC -04:00",Completed,Sell,ElenaMoreno57Max,20149,2.81,37.99,BOB,13.52,0.00,13/08/2025 10:31:01,7338602810,S-001,Banexcoin Bolivia
8204,"13/08/2025 10:32:15, UTC -04:00",Completed,Sell,ElenaMoreno57Max,20149,5.62,75.99,BOB,13.53,0.00,13/08/2025 10:32:29,7338610940,S-001,Banexcoin Bolivia
8205,"13/08/2025 10:38:58, UTC -04:00",Completed,Sell,ElenaMoreno57Max,20149,0.55,7.49,BOB,13.54,0.00,13/08/2025 10:39:11,7338648410,S-001,Banexcoin Bolivia
8208,"13/08/2025 10:52:26, UTC -04:00",Completed,Sell,AnaRomero16Mx,20172,6.68,90.00,BOB,13.47,0.00,13/08/2025 10:52:42,7338719090,S-001,Banexcoin Bolivia
8209,"13/08/2025 11:06:53, UTC -04:00",Completed,Sell,AnaRomero16Mx,20172,29.72,400.00,BOB,13.46,0.00,13/08/2025 11:07:16,7338794810,S-001,Banexcoin Bolivia
8210,"13/08/2025 11:09:03, UTC -04:00",Completed,Sell,ElenaMoreno57Max,20149,1.71,22.99,BOB,13.46,0.00,13/08/2025 11:09:17,7338805340,S-001,Banexcoin Bolivia
8211,"13/08/2025 11:12:26, UTC -04:00",Completed,Sell,ElenaMoreno57Max,20149,1.71,22.99,BOB,13.43,0.00,13/08/2025 11:12:43,7338823720,S-001,Banexcoin Bolivia
8213,"13/08/2025 11:16:32, UTC -04:00",Completed,Sell,AnaRomero16Mx,20172,96.94,"1,300.00",BOB,13.41,0.00,13/08/2025 11:16:55,7338846020,S-001,Banexcoin Bolivia
8214,"13/08/2025 11:23:57, UTC -04:00",Completed,Sell,ElenaMoreno57Max,20149,5.66,75.99,BOB,13.42,0.00,13/08/2025 13:31:57,7338883700,S-001,Banexcoin Bolivia
8216,"13/08/2025 11:36:50, UTC -04:00",Completed,Sell,ElenaMoreno57Max,20149,5.65,75.99,BOB,13.45,0.00,13/08/2025 11:37:04,7338950180,S-001,Banexcoin Bolivia
8217,"13/08/2025 11:37:53, UTC -04:00",Completed,Sell,ElenaMoreno57Max,20149,5.65,75.99,BOB,13.46,0.00,13/08/2025 11:38:10,7338955840,S-001,Banexcoin Bolivia
8218,"13/08/2025 11:39:19, UTC -04:00",Completed,Sell,ElenaMoreno57Max,20149,2.82,37.99,BOB,13.46,0.00,13/08/2025 11:39:36,7338963730,S-001,Banexcoin Bolivia
8219,"13/08/2025 11:40:41, UTC -04:00",Completed,Sell,ElenaMoreno57Max,20149,0.56,7.49,BOB,13.45,0.00,13/08/2025 11:40:54,7338970100,S-001,Banexcoin Bolivia
8220,"13/08/2025 11:41:52, UTC -04:00",Completed,Sell,ElenaMoreno57Max,20149,0.56,7.49,BOB,13.45,0.00,13/08/2025 11:42:08,7338976170,S-001,Banexcoin Bolivia
8221,"13/08/2025 11:44:01, UTC -04:00",Completed,Sell,ElenaMoreno57Max,20149,5.66,75.99,BOB,13.43,0.00,13/08/2025 11:44:14,7338987620,S-001,Banexcoin Bolivia
8222,"13/08/2025 11:47:21, UTC -04:00",Completed,Sell,ElenaMoreno57Max,20149,0.56,7.49,BOB,13.43,0.00,13/08/2025 11:47:34,7339005340,S-001,Banexcoin Bolivia
8223,"13/08/2025 11:53:43, UTC -04:00",Completed,Sell,ElenaMoreno57Max,20149,26.83,359.99,BOB,13.42,0.00,13/08/2025 11:54:03,7339039480,S-001,Banexcoin Bolivia
8224,"13/08/2025 11:56:25, UTC -04:00",Completed,Sell,ManuelRomero362025,20175,1.79,24.00,BOB,13.41,0.00,13/08/2025 11:56:59,7339055100,S-001,Banexcoin Bolivia
8225,"13/08/2025 12:08:02, UTC -04:00",Completed,Sell,ElenaMoreno57Max,20149,1.72,22.99,BOB,13.37,0.00,13/08/2025 12:08:15,7339117220,S-001,Banexcoin Bolivia
8226,"13/08/2025 12:09:52, UTC -04:00",Completed,Sell,ElenaMoreno57Max,20149,0.56,7.49,BOB,13.37,0.00,13/08/2025 12:10:05,7339127490,S-001,Banexcoin Bolivia
8227,"13/08/2025 12:11:18, UTC -04:00",Completed,Sell,ElenaMoreno57Max,20149,5.69,75.99,BOB,13.36,0.00,13/08/2025 12:11:31,7339135920,S-001,Banexcoin Bolivia
8228,"13/08/2025 12:21:40, UTC -04:00",Completed,Sell,ElenaMoreno57Max,20149,1.72,22.99,BOB,13.37,0.00,13/08/2025 12:21:56,7339196670,S-001,Banexcoin Bolivia
8229,"13/08/2025 12:22:36, UTC -04:00",Completed,Sell,ElenaMoreno57Max,20149,0.56,7.49,BOB,13.37,0.00,13/08/2025 12:22:50,7339201320,S-001,Banexcoin Bolivia
8233,"13/08/2025 12:27:47, UTC -04:00",Completed,Sell,ElenaMoreno57Max,20149,11.23,149.99,BOB,13.35,0.00,13/08/2025 12:28:04,7339231730,S-001,Banexcoin Bolivia
8234,"13/08/2025 12:31:21, UTC -04:00",Completed,Sell,ElenaMoreno57Max,20149,11.23,149.99,BOB,13.35,0.00,13/08/2025 12:31:34,7339252730,S-001,Banexcoin Bolivia
8235,"13/08/2025 12:37:56, UTC -04:00",Completed,Sell,ElenaMoreno57Max,20149,5.69,75.99,BOB,13.35,0.00,13/08/2025 12:38:11,7339292120,S-001,Banexcoin Bolivia
8236,"13/08/2025 12:54:08, UTC -04:00",Completed,Sell,ElenaMoreno57Max,20149,0.57,7.49,BOB,13.21,0.00,13/08/2025 12:54:29,7339386100,S-001,Banexcoin Bolivia
8237,"13/08/2025 12:55:40, UTC -04:00",Completed,Sell,ElenaMoreno57Max,20149,27.24,359.99,BOB,13.22,0.00,13/08/2025 12:55:53,7339393840,S-001,Banexcoin Bolivia
8238,"13/08/2025 13:00:33, UTC -04:00",Completed,Sell,LauraLopez98123,20181,8.99,119.00,BOB,13.24,0.00,13/08/2025 13:00:46,247961000,S-001,Banexcoin Bolivia
8239,"13/08/2025 13:22:27, UTC -04:00",Completed,Sell,ElenaMoreno57Max,20149,2.87,37.99,BOB,13.24,0.00,13/08/2025 13:22:41,7339538640,S-001,Banexcoin Bolivia
8240,"13/08/2025 14:14:13, UTC -04:00",Completed,Sell,ElenaMoreno57Max,20149,1.73,22.99,BOB,13.31,0.00,13/08/2025 14:14:25,7339794470,S-001,Banexcoin Bolivia
8241,"13/08/2025 14:37:17, UTC -04:00",Completed,Sell,ElenaMoreno57Max,20149,5.72,75.99,BOB,13.28,0.00,13/08/2025 14:37:30,7339912200,S-001,Banexcoin Bolivia
8242,"13/08/2025 14:39:14, UTC -04:00",Completed,Sell,ElenaMoreno57Max,20149,27.13,359.99,BOB,13.27,0.00,13/08/2025 14:39:24,7339921500,S-001,Banexcoin Bolivia
8243,"13/08/2025 14:39:35, UTC -04:00",Completed,Sell,ElenaMoreno57Max,20149,27.13,359.99,BOB,13.27,0.00,13/08/2025 14:39:48,7339923630,S-001,Banexcoin Bolivia
8244,"13/08/2025 14:39:57, UTC -04:00",Completed,Sell,ElenaMoreno57Max,20149,27.13,359.99,BOB,13.27,0.00,13/08/2025 14:40:10,7339925480,S-001,Banexcoin Bolivia
8245,"13/08/2025 14:40:21, UTC -04:00",Completed,Sell,ElenaMoreno57Max,20149,27.13,359.99,BOB,13.27,0.00,13/08/2025 14:40:34,7339927250,S-001,Banexcoin Bolivia
8246,"13/08/2025 14:40:48, UTC -04:00",Completed,Sell,ElenaMoreno57Max,20149,27.13,359.99,BOB,13.27,0.00,13/08/2025 14:41:04,7339929860,S-001,Banexcoin Bolivia
8247,"13/08/2025 14:41:25, UTC -04:00",Completed,Sell,ElenaMoreno57Max,20149,27.15,359.99,BOB,13.26,0.00,13/08/2025 14:41:38,7339932850,S-001,Banexcoin Bolivia
8248,"13/08/2025 14:41:48, UTC -04:00",Completed,Sell,ElenaMoreno57Max,20149,27.15,359.99,BOB,13.26,0.00,13/08/2025 14:42:08,7339935140,S-001,Banexcoin Bolivia
8249,"13/08/2025 14:42:32, UTC -04:00",Completed,Sell,ElenaMoreno57Max,20149,5.74,75.99,BOB,13.25,0.00,13/08/2025 14:42:44,7339938380,S-001,Banexcoin Bolivia
8255,"13/08/2025 15:13:04, UTC -04:00",Completed,Sell,ElenaMoreno57Max,20149,1.73,22.99,BOB,13.28,0.00,13/08/2025 15:13:18,7340090560,S-001,Banexcoin Bolivia
8256,"13/08/2025 15:21:10, UTC -04:00",Completed,Sell,AndresVega17Pro,10086,5.28,70.00,BOB,13.26,0.00,13/08/2025 15:21:26,7340130750,S-001,Banexcoin Bolivia
8257,"13/08/2025 15:24:15, UTC -04:00",Completed,Sell,ElenaMoreno57Max,20149,0.56,7.49,BOB,13.27,0.00,13/08/2025 15:24:32,7340146740,S-001,Banexcoin Bolivia
8258,"13/08/2025 15:24:49, UTC -04:00",Completed,Sell,ElenaMoreno57Max,20149,1.73,22.99,BOB,13.27,0.00,13/08/2025 15:25:02,7340149540,S-001,Banexcoin Bolivia
8259,"13/08/2025 15:26:35, UTC -04:00",Completed,Sell,ElenaMoreno57Max,20149,2.86,37.99,BOB,13.27,0.00,13/08/2025 15:26:48,7340158960,S-001,Banexcoin Bolivia
8260,"13/08/2025 15:32:57, UTC -04:00",Completed,Sell,ElenaMoreno57Max,20149,2.87,37.99,BOB,13.25,0.00,13/08/2025 15:33:11,7340191340,S-001,Banexcoin Bolivia
8261,"13/08/2025 15:37:06, UTC -04:00",Completed,Sell,ElenaMoreno57Max,20149,0.57,7.49,BOB,13.25,0.00,13/08/2025 15:37:21,7340212620,S-001,Banexcoin Bolivia
8262,"13/08/2025 15:38:07, UTC -04:00",Completed,Sell,ElenaMoreno57Max,20149,27.16,359.99,BOB,13.25,0.00,13/08/2025 15:38:21,7340217870,S-001,Banexcoin Bolivia
8265,"13/08/2025 15:50:48, UTC -04:00",Completed,Sell,ElenaMoreno57Max,20149,2.87,37.99,BOB,13.24,0.00,13/08/2025 15:51:03,7340282530,S-001,Banexcoin Bolivia
8266,"13/08/2025 16:00:09, UTC -04:00",Completed,Sell,ElenaMoreno57Max,20149,27.24,359.99,BOB,13.21,0.00,13/08/2025 16:00:22,7340330620,S-001,Banexcoin Bolivia
8267,"13/08/2025 16:03:45, UTC -04:00",Completed,Sell,ElenaMoreno57Max,20149,2.88,37.99,BOB,13.20,0.00,13/08/2025 16:03:58,7340349760,S-001,Banexcoin Bolivia
8268,"13/08/2025 16:11:48, UTC -04:00",Completed,Sell,ElenaMoreno57Max,20149,5.76,75.99,BOB,13.20,0.00,13/08/2025 16:12:00,7340390870,S-001,Banexcoin Bolivia
8269,"13/08/2025 16:37:26, UTC -04:00",Completed,Sell,ElenaMoreno57Max,20149,0.57,7.49,BOB,13.23,0.00,13/08/2025 16:37:44,7340519510,S-001,Banexcoin Bolivia
8270,"13/08/2025 16:42:07, UTC -04:00",Completed,Sell,ElenaMoreno57Max,20149,2.87,37.99,BOB,13.24,0.00,13/08/2025 16:42:20,7340542520,S-001,Banexcoin Bolivia
8271,"13/08/2025 16:43:43, UTC -04:00",Completed,Sell,ElenaMoreno57Max,20149,2.87,37.99,BOB,13.24,0.00,13/08/2025 16:44:00,7340551030,S-001,Banexcoin Bolivia
8272,"13/08/2025 16:49:55, UTC -04:00",Completed,Sell,ElenaMoreno57Max,20149,2.87,37.99,BOB,13.24,0.00,13/08/2025 16:50:12,7340581720,S-001,Banexcoin Bolivia
8273,"13/08/2025 17:06:24, UTC -04:00",Completed,Sell,ElenaMoreno57Max,20149,2.87,37.99,BOB,13.25,0.00,13/08/2025 17:06:37,7340669150,S-001,Banexcoin Bolivia
8274,"13/08/2025 17:11:38, UTC -04:00",Completed,Sell,ElenaMoreno57Max,20149,1.73,22.99,BOB,13.26,0.00,13/08/2025 17:11:51,7340696550,S-001,Banexcoin Bolivia
8278,"13/08/2025 17:26:06, UTC -04:00",Completed,Sell,ElenaMoreno57Max,20149,2.87,37.99,BOB,13.24,0.00,13/08/2025 17:26:32,7340777390,S-001,Banexcoin Bolivia
8279,"13/08/2025 17:26:47, UTC -04:00",Completed,Sell,ElenaMoreno57Max,20149,27.19,359.99,BOB,13.24,0.00,13/08/2025 17:27:00,7340779620,S-001,Banexcoin Bolivia
8290,"13/08/2025 17:44:09, UTC -04:00",Completed,Sell,AndresVega17Pro,10086,4.40,58.00,BOB,13.18,0.00,13/08/2025 17:44:23,248084210,S-001,Banexcoin Bolivia
8291,"13/08/2025 17:49:29, UTC -04:00",Completed,Sell,ElenaMoreno57Max,20149,1.74,22.99,BOB,13.21,0.00,13/08/2025 17:49:41,7340905250,S-001,Banexcoin Bolivia
8292,"13/08/2025 17:49:50, UTC -04:00",Completed,Sell,ElenaMoreno57Max,20149,0.57,7.49,BOB,13.21,0.00,13/08/2025 17:50:05,7340907430,S-001,Banexcoin Bolivia
8293,"13/08/2025 18:23:58, UTC -04:00",Completed,Sell,ElenaMoreno57Max,20149,5.76,75.99,BOB,13.19,0.00,13/08/2025 18:24:12,7341098230,S-001,Banexcoin Bolivia
8294,"13/08/2025 18:29:08, UTC -04:00",Completed,Sell,ElenaMoreno57Max,20149,0.57,7.49,BOB,13.18,0.00,13/08/2025 18:29:21,7341125080,S-001,Banexcoin Bolivia
8295,"13/08/2025 18:54:18, UTC -04:00",Completed,Sell,ElenaMoreno57Max,20149,27.38,359.99,BOB,13.15,0.00,13/08/2025 18:54:32,7341259250,S-001,Banexcoin Bolivia
8296,"13/08/2025 18:54:59, UTC -04:00",Completed,Sell,ElenaMoreno57Max,20149,2.89,37.99,BOB,13.15,0.00,13/08/2025 18:55:10,7341263140,S-001,Banexcoin Bolivia
8300,"13/08/2025 19:12:40, UTC -04:00",Completed,Sell,ElenaMoreno57Max,20149,2.90,37.99,BOB,13.10,0.00,13/08/2025 19:12:52,7341367190,S-001,Banexcoin Bolivia
8303,"13/08/2025 19:31:00, UTC -04:00",Completed,Sell,MariaMendoza93Pe,20124,6.09,80.00,BOB,13.13,0.00,13/08/2025 19:31:21,7341468130,S-001,Banexcoin Bolivia
8304,"13/08/2025 19:39:14, UTC -04:00",Completed,Sell,ElenaMoreno57Max,20149,0.57,7.49,BOB,13.12,0.00,13/08/2025 19:39:28,7341510130,S-001,Banexcoin Bolivia
8306,"13/08/2025 21:23:05, UTC -04:00",Completed,Sell,MariaFlores93Max,10006,98.76,"1,300.00",BOB,13.16,0.00,13/08/2025 21:23:22,7341984990,S-001,Banexcoin Bolivia
8308,"13/08/2025 21:30:12, UTC -04:00",Completed,Sell,ElenaMoreno57Max,20149,5.77,75.99,BOB,13.16,0.00,13/08/2025 21:30:25,7342011850,S-001,Banexcoin Bolivia
8309,"13/08/2025 21:32:47, UTC -04:00",Completed,Sell,ElenaMoreno57Max,20149,5.77,75.99,BOB,13.16,0.00,13/08/2025 21:33:03,7342021680,S-001,Banexcoin Bolivia
8311,"13/08/2025 21:42:38, UTC -04:00",Completed,Sell,MariaFlores93Max,10006,5.01,66.00,BOB,13.17,0.00,13/08/2025 21:43:21,7342058640,S-001,Banexcoin Bolivia
8314,"13/08/2025 21:51:10, UTC -04:00",Completed,Sell,ElenaMoreno57Max,20149,0.57,7.49,BOB,13.18,0.00,13/08/2025 21:51:22,7342085210,S-001,Banexcoin Bolivia
8315,"13/08/2025 21:52:53, UTC -04:00",Completed,Sell,ElenaMoreno57Max,20149,11.37,149.99,BOB,13.19,0.00,13/08/2025 21:53:10,7342091260,S-001,Banexcoin Bolivia
8316,"13/08/2025 21:58:51, UTC -04:00",Completed,Sell,ElenaMoreno57Max,20149,5.76,75.99,BOB,13.19,0.00,13/08/2025 21:59:04,7342111190,S-001,Banexcoin Bolivia
8317,"13/08/2025 22:13:54, UTC -04:00",Completed,Sell,ElenaMoreno57Max,20149,5.74,75.99,BOB,13.23,0.00,13/08/2025 22:14:07,7342156340,S-001,Banexcoin Bolivia
8318,"13/08/2025 22:18:01, UTC -04:00",Completed,Sell,AlbertoLeon10007,10008,9.98,132.00,BOB,13.23,0.00,13/08/2025 22:18:17,7342168920,S-001,Banexcoin Bolivia
8322,"14/08/2025 07:50:34, UTC -04:00",Completed,Sell,MariaMendoza93Pe,20124,98.40,"1,300.00",BOB,13.21,0.00,14/08/2025 07:50:47,7342615560,S-001,Banexcoin Bolivia
8323,"14/08/2025 08:40:52, UTC -04:00",Completed,Sell,SandraRamirez19Ec,20063,3.78,50.00,BOB,13.22,0.00,14/08/2025 08:41:33,7342785180,S-001,Banexcoin Bolivia
8325,"14/08/2025 08:54:11, UTC -04:00",Completed,Sell,MariaFlores93Max,10006,9.96,132.00,BOB,13.25,0.00,14/08/2025 08:54:30,7342835230,S-001,Banexcoin Bolivia
8326,"14/08/2025 09:08:05, UTC -04:00",Completed,Sell,AndresVega17Pro,10086,7.54,100.00,BOB,13.27,0.00,14/08/2025 09:08:19,7342893070,S-001,Banexcoin Bolivia
8343,"14/08/2025 11:52:32, UTC -04:00",Completed,Sell,AlejandroSuarez38456,10007,226.86,"3,000.00",BOB,13.22,0.00,14/08/2025 11:52:58,248319380,S-001,Banexcoin Bolivia
8344,"14/08/2025 12:54:56, UTC -04:00",Completed,Sell,MariaMendoza93Pe,20124,0.08,1.00,BOB,13.20,0.00,14/08/2025 12:55:15,7344055440,S-001,Banexcoin Bolivia
8345,"14/08/2025 13:09:32, UTC -04:00",Completed,Sell,ElenaMoreno57Max,20149,2.88,37.99,BOB,13.18,0.00,14/08/2025 13:09:44,7344133040,S-001,Banexcoin Bolivia
8346,"14/08/2025 13:22:03, UTC -04:00",Completed,Sell,ElenaMoreno57Max,20149,5.76,75.99,BOB,13.18,0.00,14/08/2025 13:22:16,7344198460,S-001,Banexcoin Bolivia
8347,"14/08/2025 13:26:21, UTC -04:00",Completed,Sell,GloriaDelgado30Pe,20135,8.34,110.00,BOB,13.19,0.00,14/08/2025 13:26:37,248361120,S-001,Banexcoin Bolivia
8348,"14/08/2025 13:27:44, UTC -04:00",Completed,Sell,ElenaMoreno57Max,20149,5.76,75.99,BOB,13.18,0.00,14/08/2025 13:27:57,7344228020,S-001,Banexcoin Bolivia
8349,"14/08/2025 13:28:28, UTC -04:00",Completed,Sell,MariaFlores93Max,10006,2.28,30.00,BOB,13.19,0.00,14/08/2025 13:29:25,7344235510,S-001,Banexcoin Bolivia
8350,"14/08/2025 13:28:48, UTC -04:00",Completed,Sell,ElenaMoreno57Max,20149,5.76,75.99,BOB,13.19,0.00,14/08/2025 13:29:01,7344233440,S-001,Banexcoin Bolivia
8351,"14/08/2025 13:50:38, UTC -04:00",Completed,Sell,ElenaMoreno57Max,20149,5.79,75.99,BOB,13.13,0.00,14/08/2025 13:50:52,7344340130,S-001,Banexcoin Bolivia
8352,"14/08/2025 13:52:14, UTC -04:00",Completed,Sell,ElenaMoreno57Max,20149,27.43,359.99,BOB,13.12,0.00,14/08/2025 13:52:28,7344347640,S-001,Banexcoin Bolivia
8353,"14/08/2025 13:58:44, UTC -04:00",Completed,Sell,ElenaMoreno57Max,20149,2.90,37.99,BOB,13.11,0.00,14/08/2025 13:58:56,7344378050,S-001,Banexcoin Bolivia
8356,"14/08/2025 14:36:09, UTC -04:00",Completed,Sell,ElenaMoreno57Max,20149,2.89,37.99,BOB,13.16,0.00,14/08/2025 14:36:22,7344554750,S-001,Banexcoin Bolivia
8357,"14/08/2025 14:56:26, UTC -04:00",Completed,Sell,ElenaMoreno57Max,20149,2.88,37.99,BOB,13.21,0.00,14/08/2025 14:56:41,7344651630,S-001,Banexcoin Bolivia
8363,"14/08/2025 15:29:34, UTC -04:00",Completed,Sell,JoseRamos32Pe,20155,571.93,"9,400.00",BOB,16.44,0.00,14/08/2025 15:29:54,7344808750,S-001,Banexcoin Bolivia
8367,"14/08/2025 15:57:10, UTC -04:00",Completed,Sell,JoseRamos32Pe,20155,701.32,"11,500.00",BOB,16.40,0.00,14/08/2025 15:57:35,7344946360,S-001,Banexcoin Bolivia
8368,"14/08/2025 16:10:51, UTC -04:00",Completed,Sell,JoseRamos32Pe,20155,852.94,"14,000.00",BOB,16.41,0.00,14/08/2025 16:11:16,7345017500,S-001,Banexcoin Bolivia
8370,"14/08/2025 16:36:53, UTC -04:00",Completed,Sell,LauraMoreno22Ec,10019,0.03,0.50,BOB,16.44,0.00,14/08/2025 16:37:07,7345152950,S-001,Banexcoin Bolivia
8371,"14/08/2025 16:38:52, UTC -04:00",Completed,Sell,ElenaMoreno57Max,20149,26.91,359.99,BOB,13.38,0.00,14/08/2025 16:39:05,7345163960,S-001,Banexcoin Bolivia
8372,"14/08/2025 16:54:47, UTC -04:00",Completed,Sell,SandraRamirez19Ec,20063,3.00,40.00,BOB,13.31,0.00,14/08/2025 16:55:06,7345244470,S-001,Banexcoin Bolivia
8373,"14/08/2025 17:21:09, UTC -04:00",Completed,Sell,ElenaMoreno57Max,20149,2.85,37.99,BOB,13.32,0.00,14/08/2025 17:21:27,7345386700,S-001,Banexcoin Bolivia
8374,"14/08/2025 17:25:19, UTC -04:00",Completed,Sell,ElenaMoreno57Max,20149,11.27,149.99,BOB,13.31,0.00,14/08/2025 17:25:31,7345409440,S-001,Banexcoin Bolivia
8375,"14/08/2025 17:25:50, UTC -04:00",Completed,Sell,ElenaMoreno57Max,20149,2.85,37.99,BOB,13.31,0.00,14/08/2025 17:26:01,7345412380,S-001,Banexcoin Bolivia
8376,"14/08/2025 17:28:11, UTC -04:00",Completed,Sell,ElenaMoreno57Max,20149,0.56,7.49,BOB,13.31,0.00,14/08/2025 17:28:26,7345425200,S-001,Banexcoin Bolivia
8377,"14/08/2025 17:28:50, UTC -04:00",Completed,Sell,ElenaMoreno57Max,20149,1.73,22.99,BOB,13.31,0.00,14/08/2025 17:29:02,7345428890,S-001,Banexcoin Bolivia
8382,"14/08/2025 17:48:31, UTC -04:00",Completed,Sell,ElenaMoreno57Max,20149,5.71,75.99,BOB,13.31,0.00,14/08/2025 17:48:45,7345535600,S-001,Banexcoin Bolivia
8383,"14/08/2025 17:59:59, UTC -04:00",Completed,Sell,ElenaMoreno57Max,20149,1.73,22.99,BOB,13.33,0.00,14/08/2025 18:00:17,7345599320,S-001,Banexcoin Bolivia
8384,"14/08/2025 18:01:17, UTC -04:00",Completed,Sell,PatriciaVega32Ec,20186,1.50,20.00,BOB,13.33,0.00,14/08/2025 18:01:57,7345608970,S-001,Banexcoin Bolivia
8386,"14/08/2025 18:12:08, UTC -04:00",Completed,Sell,MariaFlores93Max,10006,6.30,84.00,BOB,13.33,0.00,14/08/2025 18:12:30,7345669700,S-001,Banexcoin Bolivia
8387,"14/08/2025 18:20:58, UTC -04:00",Completed,Sell,ElenaMoreno57Max,20149,5.70,75.99,BOB,13.33,0.00,14/08/2025 18:21:10,7345718820,S-001,Banexcoin Bolivia
8388,"14/08/2025 18:31:19, UTC -04:00",Completed,Sell,ElenaMoreno57Max,20149,0.56,7.49,BOB,13.35,0.00,14/08/2025 18:31:31,7345777770,S-001,Banexcoin Bolivia
8389,"14/08/2025 18:47:02, UTC -04:00",Completed,Sell,ElenaMoreno57Max,20149,26.95,359.99,BOB,13.36,0.00,14/08/2025 18:47:15,7345866560,S-001,Banexcoin Bolivia
8390,"14/08/2025 18:52:56, UTC -04:00",Completed,Sell,ElenaMoreno57Max,20149,11.24,149.99,BOB,13.35,0.00,14/08/2025 18:53:14,7345899510,S-001,Banexcoin Bolivia
8391,"14/08/2025 19:09:09, UTC -04:00",Completed,Sell,ElenaMoreno57Max,20149,26.96,359.99,BOB,13.35,0.00,14/08/2025 19:09:22,7345990480,S-001,Banexcoin Bolivia
8392,"14/08/2025 19:09:51, UTC -04:00",Completed,Sell,ElenaMoreno57Max,20149,1.72,22.99,BOB,13.35,0.00,14/08/2025 19:10:04,7345994620,S-001,Banexcoin Bolivia
8393,"14/08/2025 19:14:08, UTC -04:00",Completed,Sell,ElenaMoreno57Max,20149,26.96,359.99,BOB,13.35,0.00,14/08/2025 19:14:21,7346018770,S-001,Banexcoin Bolivia
8394,"14/08/2025 19:33:56, UTC -04:00",Completed,Sell,AndresVega17Pro,10086,6.88,92.00,BOB,13.36,0.00,14/08/2025 19:34:13,7346125480,S-001,Banexcoin Bolivia
8395,"14/08/2025 19:35:13, UTC -04:00",Completed,Sell,AndresVega17Pro,10086,12.79,171.00,BOB,13.37,0.00,14/08/2025 19:35:25,7346131830,S-001,Banexcoin Bolivia
8396,"14/08/2025 19:36:00, UTC -04:00",Completed,Sell,ElenaMoreno57Max,20149,2.84,37.99,BOB,13.36,0.00,14/08/2025 19:36:16,7346136110,S-001,Banexcoin Bolivia
8397,"14/08/2025 20:04:06, UTC -04:00",Completed,Sell,ElenaMoreno57Max,20149,5.68,75.99,BOB,13.39,0.00,14/08/2025 20:04:19,7346284870,S-001,Banexcoin Bolivia
8398,"14/08/2025 20:04:57, UTC -04:00",Completed,Sell,ElenaMoreno57Max,20149,2.84,37.99,BOB,13.39,0.00,14/08/2025 20:05:11,7346289180,S-001,Banexcoin Bolivia
8399,"14/08/2025 20:07:13, UTC -04:00",Completed,Sell,ElenaMoreno57Max,20149,5.68,75.99,BOB,13.39,0.00,14/08/2025 20:07:27,7346300650,S-001,Banexcoin Bolivia
8400,"14/08/2025 20:07:55, UTC -04:00",Completed,Sell,ElenaMoreno57Max,20149,1.72,22.99,BOB,13.39,0.00,14/08/2025 20:08:09,7346304270,S-001,Banexcoin Bolivia
8401,"14/08/2025 20:14:56, UTC -04:00",Completed,Sell,ElenaMoreno57Max,20149,0.56,7.49,BOB,13.37,0.00,14/08/2025 20:15:09,7346339090,S-001,Banexcoin Bolivia
8402,"14/08/2025 20:21:08, UTC -04:00",Completed,Sell,ElenaMoreno57Max,20149,1.72,22.99,BOB,13.37,0.00,14/08/2025 20:21:20,7346368220,S-001,Banexcoin Bolivia
8404,"14/08/2025 20:54:13, UTC -04:00",Completed,Sell,MariaFlores93Max,10006,53.83,720.00,BOB,13.37,0.00,14/08/2025 20:54:27,7346517780,S-001,Banexcoin Bolivia
8412,"14/08/2025 21:53:33, UTC -04:00",Completed,Sell,GloriaDelgado30Pe,20135,26.61,356.00,BOB,13.38,0.00,14/08/2025 21:54:04,7346747220,S-001,Banexcoin Bolivia
8413,"14/08/2025 22:47:42, UTC -04:00",Completed,Sell,ElenaMoreno57Max,20149,0.56,7.49,BOB,13.37,0.00,14/08/2025 22:47:54,7346902350,S-001,Banexcoin Bolivia
8414,"14/08/2025 23:13:03, UTC -04:00",Completed,Sell,ElenaMoreno57Max,20149,2.84,37.99,BOB,13.37,0.00,14/08/2025 23:13:15,7346954900,S-001,Banexcoin Bolivia
8415,"14/08/2025 23:13:47, UTC -04:00",Completed,Sell,ElenaMoreno57Max,20149,5.68,75.99,BOB,13.37,0.00,14/08/2025 23:13:59,7346956260,S-001,Banexcoin Bolivia
8416,"14/08/2025 23:15:02, UTC -04:00",Completed,Sell,ElenaMoreno57Max,20149,2.84,37.99,BOB,13.37,0.00,14/08/2025 23:15:15,7346958520,S-001,Banexcoin Bolivia
8419,"14/08/2025 23:25:22, UTC -04:00",Completed,Sell,ElenaMoreno57Max,20149,5.68,75.99,BOB,13.37,0.00,14/08/2025 23:25:34,7346976380,S-001,Banexcoin Bolivia
8421,"14/08/2025 23:27:11, UTC -04:00",Completed,Sell,ElenaMoreno57Max,20149,1.72,22.99,BOB,13.37,0.00,14/08/2025 23:27:22,7346979390,S-001,Banexcoin Bolivia
8422,"14/08/2025 23:27:40, UTC -04:00",Completed,Sell,ElenaMoreno57Max,20149,11.21,149.99,BOB,13.37,0.00,14/08/2025 23:27:50,7346980230,S-001,Banexcoin Bolivia
8423,"14/08/2025 23:27:57, UTC -04:00",Completed,Sell,ElenaMoreno57Max,20149,11.21,149.99,BOB,13.37,0.00,14/08/2025 23:28:08,7346980670,S-001,Banexcoin Bolivia
8424,"14/08/2025 23:29:34, UTC -04:00",Completed,Sell,ElenaMoreno57Max,20149,2.84,37.99,BOB,13.38,0.00,14/08/2025 23:29:48,7346983480,S-001,Banexcoin Bolivia
8425,"15/08/2025 00:30:25, UTC -04:00",Completed,Sell,LuisRomero75Mx,20044,7.49,100.00,BOB,13.35,0.00,15/08/2025 00:30:57,7347047120,S-001,Banexcoin Bolivia
8426,"15/08/2025 00:30:34, UTC -04:00",Completed,Sell,ElenaMoreno57Max,20149,1.72,22.99,BOB,13.35,0.00,15/08/2025 00:30:47,7347046980,S-001,Banexcoin Bolivia
8427,"15/08/2025 00:31:44, UTC -04:00",Completed,Sell,ElenaMoreno57Max,20149,1.72,22.99,BOB,13.35,0.00,15/08/2025 00:31:57,7347047970,S-001,Banexcoin Bolivia
8431,"15/08/2025 01:57:40, UTC -04:00",Completed,Sell,ElenaMoreno57Max,20149,2.85,37.99,BOB,13.33,0.00,15/08/2025 01:57:53,7347089730,S-001,Banexcoin Bolivia
8434,"15/08/2025 02:27:33, UTC -04:00",Completed,Sell,ElenaMoreno57Max,20149,2.85,37.99,BOB,13.33,0.00,15/08/2025 02:27:46,7347098730,S-001,Banexcoin Bolivia
8435,"15/08/2025 06:01:19, UTC -04:00",Completed,Sell,AlbertoLeon10007,10008,48.70,650.00,BOB,13.35,0.00,15/08/2025 06:01:34,7347146610,S-001,Banexcoin Bolivia
8436,"15/08/2025 06:50:25, UTC -04:00",Completed,Sell,AlbertoLeon10007,10008,7.48,100.00,BOB,13.37,0.00,15/08/2025 06:50:46,7347180670,S-001,Banexcoin Bolivia
8439,"15/08/2025 08:30:17, UTC -04:00",Completed,Sell,AlbertoLeon10007,10008,48.56,650.00,BOB,13.39,0.00,15/08/2025 08:30:35,7347417850,S-001,Banexcoin Bolivia
8440,"15/08/2025 08:30:17, UTC -04:00",Completed,Sell,MariaFlores93Max,10006,47.52,636.00,BOB,13.39,0.00,15/08/2025 08:30:43,7347418310,S-001,Banexcoin Bolivia
8443,"15/08/2025 09:37:52, UTC -04:00",Completed,Sell,LauraLopez98123,20181,7.49,100.00,BOB,13.35,0.00,15/08/2025 09:38:06,7347713110,S-001,Banexcoin Bolivia
8444,"15/08/2025 09:43:54, UTC -04:00",Completed,Sell,ElenaMoreno57Max,20149,1.72,22.99,BOB,13.37,0.00,15/08/2025 09:44:08,7347741620,S-001,Banexcoin Bolivia
8445,"15/08/2025 10:03:24, UTC -04:00",Completed,Sell,ElenaMoreno57Max,20149,1.72,22.99,BOB,13.37,0.00,15/08/2025 10:04:31,7347851690,S-001,Banexcoin Bolivia
8446,"15/08/2025 10:04:40, UTC -04:00",Completed,Sell,ElenaMoreno57Max,20149,5.68,75.99,BOB,13.37,0.00,15/08/2025 10:04:53,7347854210,S-001,Banexcoin Bolivia
8447,"15/08/2025 10:07:15, UTC -04:00",Completed,Sell,ElenaMoreno57Max,20149,1.72,22.99,BOB,13.37,0.00,15/08/2025 10:07:29,7347877250,S-001,Banexcoin Bolivia
8448,"15/08/2025 10:20:51, UTC -04:00",Completed,Sell,ElenaMoreno57Max,20149,1.72,22.99,BOB,13.37,0.00,15/08/2025 10:21:32,7347953020,S-001,Banexcoin Bolivia
8450,"15/08/2025 10:21:39, UTC -04:00",Completed,Sell,ElenaMoreno57Max,20149,0.56,7.49,BOB,13.37,0.00,15/08/2025 10:21:54,7347955540,S-001,Banexcoin Bolivia
8451,"15/08/2025 10:22:58, UTC -04:00",Completed,Sell,ElenaMoreno57Max,20149,2.84,37.99,BOB,13.37,0.00,15/08/2025 10:23:12,7347962680,S-001,Banexcoin Bolivia
8452,"15/08/2025 10:24:41, UTC -04:00",Completed,Sell,ElenaMoreno57Max,20149,2.84,37.99,BOB,13.36,0.00,15/08/2025 10:25:22,7347974500,S-001,Banexcoin Bolivia
8456,"15/08/2025 10:31:20, UTC -04:00",Completed,Sell,ElenaMoreno57Max,20149,2.84,37.99,BOB,13.36,0.00,15/08/2025 10:31:33,7348010940,S-001,Banexcoin Bolivia
8458,"15/08/2025 10:33:37, UTC -04:00",Completed,Sell,ElenaMoreno57Max,20149,2.84,37.99,BOB,13.36,0.00,15/08/2025 10:33:51,7348023130,S-001,Banexcoin Bolivia
8460,"15/08/2025 10:37:02, UTC -04:00",Completed,Sell,ElenaMoreno57Max,20149,5.69,75.99,BOB,13.35,0.00,15/08/2025 10:37:15,7348042750,S-001,Banexcoin Bolivia
8462,"15/08/2025 10:39:05, UTC -04:00",Completed,Sell,ElenaMoreno57Max,20149,1.72,22.99,BOB,13.35,0.00,15/08/2025 10:39:19,7348054770,S-001,Banexcoin Bolivia
8463,"15/08/2025 10:40:52, UTC -04:00",Completed,Sell,ElenaMoreno57Max,20149,2.85,37.99,BOB,13.35,0.00,15/08/2025 10:41:07,7348065090,S-001,Banexcoin Bolivia
8464,"15/08/2025 10:45:14, UTC -04:00",Completed,Sell,ElenaMoreno57Max,20149,5.69,75.99,BOB,13.36,0.00,15/08/2025 10:45:27,7348092140,S-001,Banexcoin Bolivia
8465,"15/08/2025 10:46:16, UTC -04:00",Completed,Sell,LauraLopez98123,20181,4.79,64.00,BOB,13.36,0.00,15/08/2025 10:46:27,248683780,S-001,Banexcoin Bolivia
8466,"15/08/2025 10:53:58, UTC -04:00",Completed,Sell,ElenaMoreno57Max,20149,2.84,37.99,BOB,13.36,0.00,15/08/2025 10:54:12,7348141240,S-001,Banexcoin Bolivia
8467,"15/08/2025 10:55:27, UTC -04:00",Completed,Sell,ElenaMoreno57Max,20149,2.84,37.99,BOB,13.37,0.00,15/08/2025 10:55:40,7348150060,S-001,Banexcoin Bolivia
8468,"15/08/2025 10:56:47, UTC -04:00",Completed,Sell,ElenaMoreno57Max,20149,1.72,22.99,BOB,13.37,0.00,15/08/2025 10:57:00,7348157230,S-001,Banexcoin Bolivia
8469,"15/08/2025 11:00:20, UTC -04:00",Completed,Sell,ElenaMoreno57Max,20149,2.84,37.99,BOB,13.37,0.00,15/08/2025 11:00:32,7348176240,S-001,Banexcoin Bolivia
8470,"15/08/2025 11:01:25, UTC -04:00",Completed,Sell,ElenaMoreno57Max,20149,2.84,37.99,BOB,13.36,0.00,15/08/2025 11:01:36,7348182460,S-001,Banexcoin Bolivia
8471,"15/08/2025 11:02:10, UTC -04:00",Completed,Sell,ElenaMoreno57Max,20149,1.72,22.99,BOB,13.36,0.00,15/08/2025 11:02:22,7348187060,S-001,Banexcoin Bolivia
8472,"15/08/2025 11:06:07, UTC -04:00",Completed,Sell,ElenaMoreno57Max,20149,11.23,149.99,BOB,13.35,0.00,15/08/2025 11:06:24,7348207870,S-001,Banexcoin Bolivia
8473,"15/08/2025 11:07:00, UTC -04:00",Completed,Sell,ElenaMoreno57Max,20149,2.84,37.99,BOB,13.35,0.00,15/08/2025 11:07:16,7348212550,S-001,Banexcoin Bolivia
8474,"15/08/2025 11:08:46, UTC -04:00",Completed,Sell,ElenaMoreno57Max,20149,2.84,37.99,BOB,13.35,0.00,15/08/2025 11:09:22,7348224710,S-001,Banexcoin Bolivia
8475,"15/08/2025 11:15:51, UTC -04:00",Completed,Sell,JoseRamos32Pe,20155,37.45,500.00,BOB,13.35,0.00,15/08/2025 11:16:18,7348263270,S-001,Banexcoin Bolivia
8478,"15/08/2025 11:26:23, UTC -04:00",Completed,Sell,ElenaMoreno57Max,20149,2.85,37.99,BOB,13.34,0.00,15/08/2025 11:26:37,7348321450,S-001,Banexcoin Bolivia
8479,"15/08/2025 11:27:10, UTC -04:00",Completed,Sell,ElenaMoreno57Max,20149,27.00,359.99,BOB,13.33,0.00,15/08/2025 11:27:23,7348326180,S-001,Banexcoin Bolivia
8480,"15/08/2025 11:28:21, UTC -04:00",Completed,Sell,ElenaMoreno57Max,20149,2.85,37.99,BOB,13.33,0.00,15/08/2025 11:28:33,7348333310,S-001,Banexcoin Bolivia
8481,"15/08/2025 11:40:55, UTC -04:00",Completed,Sell,ElenaMoreno57Max,20149,5.71,75.99,BOB,13.31,0.00,15/08/2025 11:41:08,7348405060,S-001,Banexcoin Bolivia
8482,"15/08/2025 11:42:17, UTC -04:00",Completed,Sell,ElenaMoreno57Max,20149,2.85,37.99,BOB,13.31,0.00,15/08/2025 11:42:32,7348412560,S-001,Banexcoin Bolivia
8484,"15/08/2025 11:45:39, UTC -04:00",Completed,Sell,ElenaMoreno57Max,20149,1.73,22.99,BOB,13.31,0.00,15/08/2025 11:45:54,7348433590,S-001,Banexcoin Bolivia
8485,"15/08/2025 11:46:24, UTC -04:00",Completed,Sell,ElenaMoreno57Max,20149,2.85,37.99,BOB,13.31,0.00,15/08/2025 11:46:38,7348437750,S-001,Banexcoin Bolivia
8486,"15/08/2025 11:48:03, UTC -04:00",Completed,Sell,ElenaMoreno57Max,20149,5.71,75.99,BOB,13.31,0.00,15/08/2025 11:48:16,7348446730,S-001,Banexcoin Bolivia
8487,"15/08/2025 11:49:25, UTC -04:00",Completed,Sell,ElenaMoreno57Max,20149,2.85,37.99,BOB,13.31,0.00,15/08/2025 11:49:40,7348454610,S-001,Banexcoin Bolivia
8488,"15/08/2025 11:51:40, UTC -04:00",Completed,Sell,ElenaMoreno57Max,20149,2.85,37.99,BOB,13.32,0.00,15/08/2025 11:51:52,7348467040,S-001,Banexcoin Bolivia
8489,"15/08/2025 11:52:45, UTC -04:00",Completed,Sell,ElenaMoreno57Max,20149,5.70,75.99,BOB,13.32,0.00,15/08/2025 11:52:58,7348473610,S-001,Banexcoin Bolivia
8490,"15/08/2025 11:55:45, UTC -04:00",Completed,Sell,ElenaMoreno57Max,20149,2.85,37.99,BOB,13.31,0.00,15/08/2025 11:55:58,7348491740,S-001,Banexcoin Bolivia
8491,"15/08/2025 11:57:50, UTC -04:00",Completed,Sell,ElenaMoreno57Max,20149,27.05,359.99,BOB,13.31,0.00,15/08/2025 11:58:02,7348503710,S-001,Banexcoin Bolivia
8492,"15/08/2025 11:58:59, UTC -04:00",Completed,Sell,ElenaMoreno57Max,20149,11.27,149.99,BOB,13.31,0.00,15/08/2025 11:59:12,7348509520,S-001,Banexcoin Bolivia
8493,"15/08/2025 11:59:37, UTC -04:00",Completed,Sell,ElenaMoreno57Max,20149,2.85,37.99,BOB,13.31,0.00,15/08/2025 11:59:52,7348513200,S-001,Banexcoin Bolivia
8494,"15/08/2025 12:11:11, UTC -04:00",Completed,Sell,ElenaMoreno57Max,20149,1.73,22.99,BOB,13.29,0.00,15/08/2025 12:11:23,7348586080,S-001,Banexcoin Bolivia
8495,"15/08/2025 12:12:27, UTC -04:00",Completed,Sell,ElenaMoreno57Max,20149,0.56,7.49,BOB,13.29,0.00,15/08/2025 12:12:39,7348594300,S-001,Banexcoin Bolivia
8496,"15/08/2025 12:14:03, UTC -04:00",Completed,Sell,ElenaMoreno57Max,20149,11.29,149.99,BOB,13.29,0.00,15/08/2025 12:14:21,7348604790,S-001,Banexcoin Bolivia
8497,"15/08/2025 12:21:00, UTC -04:00",Completed,Sell,ElenaMoreno57Max,20149,2.86,37.99,BOB,13.29,0.00,15/08/2025 12:21:15,7348649530,S-001,Banexcoin Bolivia
8498,"15/08/2025 12:21:52, UTC -04:00",Completed,Sell,ElenaMoreno57Max,20149,5.72,75.99,BOB,13.29,0.00,15/08/2025 12:22:01,7348654400,S-001,Banexcoin Bolivia
8499,"15/08/2025 12:22:53, UTC -04:00",Completed,Sell,ElenaMoreno57Max,20149,0.56,7.49,BOB,13.29,0.00,15/08/2025 12:23:05,7348660830,S-001,Banexcoin Bolivia
8500,"15/08/2025 12:26:49, UTC -04:00",Completed,Sell,ElenaMoreno57Max,20149,27.10,359.99,BOB,13.29,0.00,15/08/2025 12:27:02,7348685110,S-001,Banexcoin Bolivia
8501,"15/08/2025 12:27:57, UTC -04:00",Completed,Sell,ElenaMoreno57Max,20149,11.29,149.99,BOB,13.29,0.00,15/08/2025 12:28:10,7348692450,S-001,Banexcoin Bolivia
8502,"15/08/2025 12:28:17, UTC -04:00",Completed,Sell,ElenaMoreno57Max,20149,2.86,37.99,BOB,13.29,0.00,15/08/2025 12:28:42,7348695590,S-001,Banexcoin Bolivia
8503,"15/08/2025 12:33:02, UTC -04:00",Completed,Sell,ElenaMoreno57Max,20149,5.72,75.99,BOB,13.29,0.00,15/08/2025 12:33:16,7348725610,S-001,Banexcoin Bolivia
8504,"15/08/2025 12:34:49, UTC -04:00",Completed,Sell,ElenaMoreno57Max,20149,5.72,75.99,BOB,13.29,0.00,15/08/2025 12:35:02,7348736550,S-001,Banexcoin Bolivia
8505,"15/08/2025 12:35:34, UTC -04:00",Completed,Sell,ElenaMoreno57Max,20149,5.72,75.99,BOB,13.29,0.00,15/08/2025 12:35:46,7348741490,S-001,Banexcoin Bolivia
8506,"15/08/2025 12:45:03, UTC -04:00",Completed,Sell,ElenaMoreno57Max,20149,0.56,7.49,BOB,13.28,0.00,15/08/2025 12:45:18,7348800860,S-001,Banexcoin Bolivia
8507,"15/08/2025 12:45:27, UTC -04:00",Completed,Sell,ElenaMoreno57Max,20149,0.56,7.49,BOB,13.28,0.00,15/08/2025 12:45:42,7348803320,S-001,Banexcoin Bolivia
8508,"15/08/2025 12:46:59, UTC -04:00",Completed,Sell,ElenaMoreno57Max,20149,27.10,359.99,BOB,13.28,0.00,15/08/2025 12:47:11,7348812580,S-001,Banexcoin Bolivia
8509,"15/08/2025 12:47:54, UTC -04:00",Completed,Sell,ElenaMoreno57Max,20149,27.12,359.99,BOB,13.28,0.00,15/08/2025 12:48:07,7348818370,S-001,Banexcoin Bolivia
8510,"15/08/2025 12:50:40, UTC -04:00",Completed,Sell,LauraLopez98123,20181,45.08,599.00,BOB,13.29,0.00,15/08/2025 12:51:17,7348838690,S-001,Banexcoin Bolivia
8511,"15/08/2025 12:50:59, UTC -04:00",Completed,Sell,ElenaMoreno57Max,20149,11.29,149.99,BOB,13.29,0.00,15/08/2025 12:51:13,7348838210,S-001,Banexcoin Bolivia
8512,"15/08/2025 12:54:01, UTC -04:00",Completed,Sell,GloriaDelgado30Pe,20135,7.53,100.00,BOB,13.29,0.00,15/08/2025 12:54:19,248747690,S-001,Banexcoin Bolivia
8513,"15/08/2025 12:54:47, UTC -04:00",Completed,Sell,ElenaMoreno57Max,20149,5.72,75.99,BOB,13.29,0.00,15/08/2025 12:55:05,7348862980,S-001,Banexcoin Bolivia
8514,"15/08/2025 12:58:31, UTC -04:00",Completed,Sell,ElenaMoreno57Max,20149,27.08,359.99,BOB,13.29,0.00,15/08/2025 12:58:43,7348886170,S-001,Banexcoin Bolivia
8515,"15/08/2025 13:01:43, UTC -04:00",Completed,Sell,ElenaMoreno57Max,20149,2.86,37.99,BOB,13.30,0.00,15/08/2025 13:01:55,7348905210,S-001,Banexcoin Bolivia
8516,"15/08/2025 13:03:37, UTC -04:00",Completed,Sell,ElenaMoreno57Max,20149,5.71,75.99,BOB,13.31,0.00,15/08/2025 13:03:49,7348916790,S-001,Banexcoin Bolivia
8517,"15/08/2025 13:05:27, UTC -04:00",Completed,Sell,ElenaMoreno57Max,20149,2.86,37.99,BOB,13.31,0.00,15/08/2025 13:05:39,7348928090,S-001,Banexcoin Bolivia
8518,"15/08/2025 13:11:33, UTC -04:00",Completed,Sell,PatriciaVega32Ec,20186,0.75,10.00,BOB,13.31,0.00,15/08/2025 13:12:10,7348971930,S-001,Banexcoin Bolivia
8519,"15/08/2025 13:33:09, UTC -04:00",Completed,Sell,ElenaMoreno57Max,20149,2.86,37.99,BOB,13.30,0.00,15/08/2025 13:33:25,7349092400,S-001,Banexcoin Bolivia
8520,"15/08/2025 13:35:00, UTC -04:00",Completed,Sell,ElenaMoreno57Max,20149,1.73,22.99,BOB,13.30,0.00,15/08/2025 13:35:13,7349102760,S-001,Banexcoin Bolivia
8521,"15/08/2025 13:39:13, UTC -04:00",Completed,Sell,ElenaMoreno57Max,20149,1.73,22.99,BOB,13.29,0.00,15/08/2025 13:39:27,7349126190,S-001,Banexcoin Bolivia
8522,"15/08/2025 13:40:23, UTC -04:00",Completed,Sell,ElenaMoreno57Max,20149,1.73,22.99,BOB,13.29,0.00,15/08/2025 13:40:35,7349132760,S-001,Banexcoin Bolivia
8523,"15/08/2025 13:41:08, UTC -04:00",Completed,Sell,ElenaMoreno57Max,20149,0.56,7.49,BOB,13.28,0.00,15/08/2025 13:41:21,7349136870,S-001,Banexcoin Bolivia
8524,"15/08/2025 13:43:44, UTC -04:00",Completed,Sell,ElenaMoreno57Max,20149,5.72,75.99,BOB,13.28,0.00,15/08/2025 13:43:57,7349150700,S-001,Banexcoin Bolivia
8526,"15/08/2025 13:45:34, UTC -04:00",Completed,Sell,ElenaMoreno57Max,20149,11.29,149.99,BOB,13.28,0.00,15/08/2025 13:45:47,7349160600,S-001,Banexcoin Bolivia
8527,"15/08/2025 13:51:11, UTC -04:00",Completed,Sell,ElenaMoreno57Max,20149,27.09,359.99,BOB,13.29,0.00,15/08/2025 13:51:23,7349191710,S-001,Banexcoin Bolivia
8528,"15/08/2025 13:54:21, UTC -04:00",Completed,Sell,ElenaMoreno57Max,20149,27.08,359.99,BOB,13.29,0.00,15/08/2025 13:54:36,7349208460,S-001,Banexcoin Bolivia
8530,"15/08/2025 14:21:07, UTC -04:00",Completed,Sell,ElenaMoreno57Max,20149,5.71,75.99,BOB,13.31,0.00,15/08/2025 14:21:21,7349353560,S-001,Banexcoin Bolivia
8531,"15/08/2025 14:26:42, UTC -04:00",Completed,Sell,ElenaMoreno57Max,20149,2.85,37.99,BOB,13.32,0.00,15/08/2025 14:26:55,7349383690,S-001,Banexcoin Bolivia
8532,"15/08/2025 14:27:02, UTC -04:00",Completed,Sell,ElenaMoreno57Max,20149,2.85,37.99,BOB,13.32,0.00,15/08/2025 14:27:15,7349385360,S-001,Banexcoin Bolivia
8533,"15/08/2025 14:27:22, UTC -04:00",Completed,Sell,ElenaMoreno57Max,20149,2.85,37.99,BOB,13.32,0.00,15/08/2025 14:27:35,7349387140,S-001,Banexcoin Bolivia
8534,"15/08/2025 14:30:47, UTC -04:00",Completed,Sell,ElenaMoreno57Max,20149,2.85,37.99,BOB,13.31,0.00,15/08/2025 14:31:07,7349406090,S-001,Banexcoin Bolivia
8535,"15/08/2025 14:36:38, UTC -04:00",Completed,Sell,ElenaMoreno57Max,20149,2.85,37.99,BOB,13.31,0.00,15/08/2025 14:36:51,7349435420,S-001,Banexcoin Bolivia
8536,"15/08/2025 14:44:59, UTC -04:00",Completed,Sell,ElenaMoreno57Max,20149,5.71,75.99,BOB,13.31,0.00,15/08/2025 14:45:12,7349480950,S-001,Banexcoin Bolivia
8537,"15/08/2025 14:49:29, UTC -04:00",Completed,Sell,ElenaMoreno57Max,20149,2.85,37.99,BOB,13.31,0.00,15/08/2025 14:49:42,7349506700,S-001,Banexcoin Bolivia
8550,"15/08/2025 17:44:59, UTC -04:00",Completed,Sell,SilviaNavarro77Pe,20196,0.75,10.00,BOB,13.34,0.00,15/08/2025 17:45:42,7350499250,S-001,Banexcoin Bolivia
8552,"15/08/2025 18:00:48, UTC -04:00",Completed,Sell,ElenaMoreno57Max,20149,5.70,75.99,BOB,13.33,0.00,15/08/2025 18:01:03,7350590520,S-001,Banexcoin Bolivia
8553,"15/08/2025 18:07:52, UTC -04:00",Completed,Sell,AndresVega17Pro,10086,15.00,200.00,BOB,13.34,0.00,15/08/2025 18:08:05,7350638170,S-001,Banexcoin Bolivia
8554,"15/08/2025 18:25:10, UTC -04:00",Completed,Sell,ElenaMoreno57Max,20149,11.25,149.99,BOB,13.34,0.00,15/08/2025 18:25:24,7350745070,S-001,Banexcoin Bolivia
8555,"15/08/2025 18:26:04, UTC -04:00",Completed,Sell,ElenaMoreno57Max,20149,1.72,22.99,BOB,13.34,0.00,15/08/2025 18:26:16,7350750090,S-001,Banexcoin Bolivia
8557,"15/08/2025 18:34:54, UTC -04:00",Completed,Sell,GloriaDelgado30Pe,20135,4.87,65.00,BOB,13.34,0.00,15/08/2025 18:35:18,7350811110,S-001,Banexcoin Bolivia
8558,"15/08/2025 18:37:20, UTC -04:00",Completed,Sell,ElenaMoreno57Max,20149,5.69,75.99,BOB,13.35,0.00,15/08/2025 18:37:35,7350827830,S-001,Banexcoin Bolivia
8559,"15/08/2025 18:39:27, UTC -04:00",Completed,Sell,ElenaMoreno57Max,20149,0.56,7.49,BOB,13.35,0.00,15/08/2025 18:39:51,7350842000,S-001,Banexcoin Bolivia
8560,"15/08/2025 18:40:44, UTC -04:00",Completed,Sell,ElenaMoreno57Max,20149,2.85,37.99,BOB,13.35,0.00,15/08/2025 18:40:59,7350849940,S-001,Banexcoin Bolivia
8562,"15/08/2025 18:53:13, UTC -04:00",Completed,Sell,ElenaMoreno57Max,20149,1.72,22.99,BOB,13.35,0.00,15/08/2025 18:53:27,7350930050,S-001,Banexcoin Bolivia
8563,"15/08/2025 18:55:28, UTC -04:00",Completed,Sell,ElenaMoreno57Max,20149,2.85,37.99,BOB,13.35,0.00,15/08/2025 18:55:45,7350943290,S-001,Banexcoin Bolivia
8564,"15/08/2025 18:58:41, UTC -04:00",Completed,Sell,ElenaMoreno57Max,20149,5.69,75.99,BOB,13.35,0.00,15/08/2025 18:58:55,7350962140,S-001,Banexcoin Bolivia
8565,"15/08/2025 18:59:08, UTC -04:00",Completed,Sell,ElenaMoreno57Max,20149,0.56,7.49,BOB,13.35,0.00,15/08/2025 18:59:21,7350964610,S-001,Banexcoin Bolivia
8566,"15/08/2025 19:03:56, UTC -04:00",Completed,Sell,ElenaMoreno57Max,20149,5.69,75.99,BOB,13.35,0.00,15/08/2025 19:04:12,7350994030,S-001,Banexcoin Bolivia
8567,"15/08/2025 19:05:35, UTC -04:00",Completed,Sell,ElenaMoreno57Max,20149,5.69,75.99,BOB,13.36,0.00,15/08/2025 19:05:46,7351004130,S-001,Banexcoin Bolivia
8568,"15/08/2025 19:08:46, UTC -04:00",Completed,Sell,ElenaMoreno57Max,20149,2.84,37.99,BOB,13.36,0.00,15/08/2025 19:09:16,7351025060,S-001,Banexcoin Bolivia
8569,"15/08/2025 19:10:14, UTC -04:00",Completed,Sell,ElenaMoreno57Max,20149,5.69,75.99,BOB,13.36,0.00,15/08/2025 19:10:26,7351032630,S-001,Banexcoin Bolivia
8570,"15/08/2025 19:11:01, UTC -04:00",Completed,Sell,ElenaMoreno57Max,20149,2.84,37.99,BOB,13.36,0.00,15/08/2025 19:11:14,7351037470,S-001,Banexcoin Bolivia
8571,"15/08/2025 19:12:17, UTC -04:00",Completed,Sell,ElenaMoreno57Max,20149,1.72,22.99,BOB,13.36,0.00,15/08/2025 19:12:30,7351045110,S-001,Banexcoin Bolivia
8572,"15/08/2025 19:13:12, UTC -04:00",Completed,Sell,ElenaMoreno57Max,20149,2.84,37.99,BOB,13.36,0.00,15/08/2025 19:13:22,7351050260,S-001,Banexcoin Bolivia
8573,"15/08/2025 19:13:58, UTC -04:00",Completed,Sell,ElenaMoreno57Max,20149,2.84,37.99,BOB,13.36,0.00,15/08/2025 19:14:10,7351055140,S-001,Banexcoin Bolivia
8574,"15/08/2025 19:16:23, UTC -04:00",Completed,Sell,CristinaSuarez852025,10003,29.94,400.00,BOB,13.36,0.00,15/08/2025 19:17:02,7351072710,S-001,Banexcoin Bolivia
8577,"15/08/2025 19:21:21, UTC -04:00",Completed,Sell,ElenaMoreno57Max,20149,2.84,37.99,BOB,13.36,0.00,15/08/2025 19:21:40,7351100060,S-001,Banexcoin Bolivia
8581,"15/08/2025 19:43:38, UTC -04:00",Completed,Sell,ElenaMoreno57Max,20149,26.94,359.99,BOB,13.36,0.00,15/08/2025 19:43:51,7351229200,S-001,Banexcoin Bolivia
8582,"15/08/2025 19:45:55, UTC -04:00",Completed,Sell,ElenaMoreno57Max,20149,11.23,149.99,BOB,13.36,0.00,15/08/2025 19:46:08,7351241870,S-001,Banexcoin Bolivia
8583,"15/08/2025 19:49:15, UTC -04:00",Completed,Sell,ElenaMoreno57Max,20149,5.69,75.99,BOB,13.35,0.00,15/08/2025 19:49:52,7351261660,S-001,Banexcoin Bolivia
8584,"15/08/2025 19:50:23, UTC -04:00",Completed,Sell,ElenaMoreno57Max,20149,2.85,37.99,BOB,13.35,0.00,15/08/2025 19:50:36,7351266810,S-001,Banexcoin Bolivia
8587,"15/08/2025 19:55:02, UTC -04:00",Completed,Sell,ElenaMoreno57Max,20149,26.97,359.99,BOB,13.35,0.00,15/08/2025 19:55:14,7351293990,S-001,Banexcoin Bolivia
8588,"15/08/2025 20:03:25, UTC -04:00",Completed,Sell,ElenaMoreno57Max,20149,2.84,37.99,BOB,13.35,0.00,15/08/2025 20:03:36,7351352310,S-001,Banexcoin Bolivia
8589,"15/08/2025 20:05:10, UTC -04:00",Completed,Sell,ElenaMoreno57Max,20149,5.69,75.99,BOB,13.35,0.00,15/08/2025 20:05:22,7351361470,S-001,Banexcoin Bolivia
8590,"15/08/2025 20:12:07, UTC -04:00",Completed,Sell,ElenaMoreno57Max,20149,2.85,37.99,BOB,13.35,0.00,15/08/2025 20:12:19,7351399870,S-001,Banexcoin Bolivia
8591,"15/08/2025 20:15:12, UTC -04:00",Completed,Sell,ElenaMoreno57Max,20149,0.56,7.49,BOB,13.35,0.00,15/08/2025 20:15:25,7351415850,S-001,Banexcoin Bolivia
8592,"15/08/2025 20:20:29, UTC -04:00",Completed,Sell,ElenaMoreno57Max,20149,1.72,22.99,BOB,13.35,0.00,15/08/2025 20:20:41,7351443530,S-001,Banexcoin Bolivia
8593,"15/08/2025 20:21:12, UTC -04:00",Completed,Sell,ElenaMoreno57Max,20149,1.72,22.99,BOB,13.35,0.00,15/08/2025 20:21:25,7351447190,S-001,Banexcoin Bolivia
8595,"15/08/2025 20:24:04, UTC -04:00",Completed,Sell,ElenaMoreno57Max,20149,5.69,75.99,BOB,13.35,0.00,15/08/2025 20:24:17,7351461970,S-001,Banexcoin Bolivia
8596,"15/08/2025 20:25:40, UTC -04:00",Completed,Sell,ElenaMoreno57Max,20149,5.69,75.99,BOB,13.35,0.00,15/08/2025 20:25:53,7351470310,S-001,Banexcoin Bolivia
8597,"15/08/2025 20:27:54, UTC -04:00",Completed,Sell,ElenaMoreno57Max,20149,2.85,37.99,BOB,13.35,0.00,15/08/2025 20:28:05,7351481470,S-001,Banexcoin Bolivia
8598,"15/08/2025 20:29:36, UTC -04:00",Completed,Sell,ElenaMoreno57Max,20149,5.69,75.99,BOB,13.35,0.00,15/08/2025 20:29:49,7351490250,S-001,Banexcoin Bolivia
8599,"15/08/2025 20:31:06, UTC -04:00",Completed,Sell,ElenaMoreno57Max,20149,0.56,7.49,BOB,13.35,0.00,15/08/2025 20:31:20,7351497520,S-001,Banexcoin Bolivia
8600,"15/08/2025 20:33:21, UTC -04:00",Completed,Sell,ElenaMoreno57Max,20149,26.96,359.99,BOB,13.35,0.00,15/08/2025 20:33:44,7351510040,S-001,Banexcoin Bolivia
8601,"15/08/2025 20:34:59, UTC -04:00",Completed,Sell,ElenaMoreno57Max,20149,11.23,149.99,BOB,13.35,0.00,15/08/2025 20:35:12,7351517100,S-001,Banexcoin Bolivia
8602,"15/08/2025 20:43:33, UTC -04:00",Completed,Sell,ElenaMoreno57Max,20149,5.69,75.99,BOB,13.35,0.00,15/08/2025 20:43:46,7351559020,S-001,Banexcoin Bolivia
8603,"15/08/2025 20:55:47, UTC -04:00",Completed,Sell,CristinaSuarez852025,10003,6.82,91.00,BOB,13.35,0.00,15/08/2025 20:56:15,7351618660,S-001,Banexcoin Bolivia
8604,"15/08/2025 21:04:59, UTC -04:00",Completed,Sell,ElenaMoreno57Max,20149,2.85,37.99,BOB,13.35,0.00,15/08/2025 21:05:11,7351659820,S-001,Banexcoin Bolivia
8606,"15/08/2025 21:15:08, UTC -04:00",Completed,Sell,ElenaMoreno57Max,20149,0.56,7.49,BOB,13.35,0.00,15/08/2025 21:15:21,7351705340,S-001,Banexcoin Bolivia
8607,"15/08/2025 21:38:56, UTC -04:00",Completed,Sell,SandraRamirez19Ec,20063,2.24,30.00,BOB,13.37,0.00,15/08/2025 21:39:17,7351806680,S-001,Banexcoin Bolivia
8608,"15/08/2025 22:04:53, UTC -04:00",Completed,Sell,ElenaMoreno57Max,20149,2.84,37.99,BOB,13.37,0.00,15/08/2025 22:05:06,7351907930,S-001,Banexcoin Bolivia
8609,"15/08/2025 22:05:40, UTC -04:00",Completed,Sell,ElenaMoreno57Max,20149,11.22,149.99,BOB,13.37,0.00,15/08/2025 22:05:52,7351910730,S-001,Banexcoin Bolivia
8610,"15/08/2025 22:07:36, UTC -04:00",Completed,Sell,ElenaMoreno57Max,20149,11.22,149.99,BOB,13.37,0.00,15/08/2025 22:07:58,7351918210,S-001,Banexcoin Bolivia
8611,"15/08/2025 22:11:45, UTC -04:00",Completed,Sell,ElenaMoreno57Max,20149,5.68,75.99,BOB,13.37,0.00,15/08/2025 22:11:58,7351932880,S-001,Banexcoin Bolivia
8612,"15/08/2025 22:12:54, UTC -04:00",Completed,Sell,ElenaMoreno57Max,20149,26.92,359.99,BOB,13.37,0.00,15/08/2025 22:13:08,7351937000,S-001,Banexcoin Bolivia
8613,"15/08/2025 22:13:24, UTC -04:00",Completed,Sell,ElenaMoreno57Max,20149,26.93,359.99,BOB,13.37,0.00,15/08/2025 22:13:36,7351938620,S-001,Banexcoin Bolivia
8614,"15/08/2025 22:14:04, UTC -04:00",Completed,Sell,ElenaMoreno57Max,20149,11.22,149.99,BOB,13.37,0.00,15/08/2025 22:14:16,7351940900,S-001,Banexcoin Bolivia
8615,"15/08/2025 22:15:03, UTC -04:00",Completed,Sell,ElenaMoreno57Max,20149,0.56,7.49,BOB,13.37,0.00,15/08/2025 22:15:20,7351944940,S-001,Banexcoin Bolivia
8616,"15/08/2025 22:20:42, UTC -04:00",Completed,Sell,ElenaMoreno57Max,20149,5.69,75.99,BOB,13.36,0.00,15/08/2025 22:20:54,7351964950,S-001,Banexcoin Bolivia
8617,"15/08/2025 22:21:48, UTC -04:00",Completed,Sell,ElenaMoreno57Max,20149,1.72,22.99,BOB,13.36,0.00,15/08/2025 22:22:02,7351968710,S-001,Banexcoin Bolivia
8618,"15/08/2025 22:23:02, UTC -04:00",Completed,Sell,ElenaMoreno57Max,20149,11.23,149.99,BOB,13.35,0.00,15/08/2025 22:23:15,7351973030,S-001,Banexcoin Bolivia
8619,"15/08/2025 22:25:40, UTC -04:00",Completed,Sell,ElenaMoreno57Max,20149,2.84,37.99,BOB,13.35,0.00,15/08/2025 22:25:53,7351981140,S-001,Banexcoin Bolivia
8620,"15/08/2025 22:26:29, UTC -04:00",Completed,Sell,ElenaMoreno57Max,20149,11.23,149.99,BOB,13.35,0.00,15/08/2025 22:26:41,7351984050,S-001,Banexcoin Bolivia
8621,"15/08/2025 22:27:10, UTC -04:00",Completed,Sell,ElenaMoreno57Max,20149,2.85,37.99,BOB,13.34,0.00,15/08/2025 22:27:23,7351986080,S-001,Banexcoin Bolivia
8622,"15/08/2025 22:28:06, UTC -04:00",Completed,Sell,ElenaMoreno57Max,20149,5.69,75.99,BOB,13.35,0.00,15/08/2025 22:28:17,7351988650,S-001,Banexcoin Bolivia
8623,"15/08/2025 22:29:28, UTC -04:00",Completed,Sell,ElenaMoreno57Max,20149,26.96,359.99,BOB,13.35,0.00,15/08/2025 22:29:41,7351992900,S-001,Banexcoin Bolivia
8624,"15/08/2025 22:31:34, UTC -04:00",Completed,Sell,ElenaMoreno57Max,20149,2.85,37.99,BOB,13.35,0.00,15/08/2025 22:31:47,7351998900,S-001,Banexcoin Bolivia
8625,"15/08/2025 22:33:33, UTC -04:00",Completed,Sell,ElenaMoreno57Max,20149,1.72,22.99,BOB,13.35,0.00,15/08/2025 22:33:45,7352004460,S-001,Banexcoin Bolivia
8626,"15/08/2025 22:37:41, UTC -04:00",Completed,Sell,ElenaMoreno57Max,20149,0.56,7.49,BOB,13.35,0.00,15/08/2025 22:37:53,7352016730,S-001,Banexcoin Bolivia
8627,"15/08/2025 22:39:31, UTC -04:00",Completed,Sell,ElenaMoreno57Max,20149,11.24,149.99,BOB,13.35,0.00,15/08/2025 22:39:55,7352023180,S-001,Banexcoin Bolivia
8628,"15/08/2025 22:41:06, UTC -04:00",Completed,Sell,ElenaMoreno57Max,20149,2.85,37.99,BOB,13.35,0.00,15/08/2025 22:41:17,7352026660,S-001,Banexcoin Bolivia
8629,"15/08/2025 22:41:55, UTC -04:00",Completed,Sell,ElenaMoreno57Max,20149,2.85,37.99,BOB,13.35,0.00,15/08/2025 22:42:09,7352029070,S-001,Banexcoin Bolivia
8630,"15/08/2025 22:45:32, UTC -04:00",Completed,Sell,ElenaMoreno57Max,20149,2.85,37.99,BOB,13.35,0.00,15/08/2025 22:45:44,7352039340,S-001,Banexcoin Bolivia
8631,"15/08/2025 22:47:16, UTC -04:00",Completed,Sell,ElenaMoreno57Max,20149,2.85,37.99,BOB,13.34,0.00,15/08/2025 22:47:34,7352044830,S-001,Banexcoin Bolivia
8632,"15/08/2025 22:48:34, UTC -04:00",Completed,Sell,ElenaMoreno57Max,20149,2.85,37.99,BOB,13.34,0.00,15/08/2025 22:48:48,7352047760,S-001,Banexcoin Bolivia
8633,"15/08/2025 22:51:34, UTC -04:00",Completed,Sell,ElenaMoreno57Max,20149,2.85,37.99,BOB,13.34,0.00,15/08/2025 22:51:48,7352055770,S-001,Banexcoin Bolivia
8634,"15/08/2025 22:54:04, UTC -04:00",Completed,Sell,ElenaMoreno57Max,20149,0.56,7.49,BOB,13.34,0.00,15/08/2025 22:54:18,7352062000,S-001,Banexcoin Bolivia
8635,"15/08/2025 22:55:25, UTC -04:00",Completed,Sell,ElenaMoreno57Max,20149,2.85,37.99,BOB,13.34,0.00,15/08/2025 22:55:38,7352065340,S-001,Banexcoin Bolivia
8636,"15/08/2025 22:55:48, UTC -04:00",Completed,Sell,ElenaMoreno57Max,20149,0.56,7.49,BOB,13.34,0.00,15/08/2025 22:56:02,7352066230,S-001,Banexcoin Bolivia
8637,"15/08/2025 23:23:17, UTC -04:00",Completed,Sell,ElenaMoreno57Max,20149,26.99,359.99,BOB,13.34,0.00,15/08/2025 23:23:29,7352126350,S-001,Banexcoin Bolivia
8643,"16/08/2025 07:41:38, UTC -04:00",Completed,Sell,RicardoDominguez14Mx,20108,41.40,552.23,BOB,13.34,0.00,16/08/2025 07:42:16,7352438090,S-001,Banexcoin Bolivia
8645,"16/08/2025 10:04:11, UTC -04:00",Completed,Sell,AndresVega17Pro,10086,4.49,60.00,BOB,13.37,0.00,16/08/2025 10:04:25,7353025190,S-001,Banexcoin Bolivia
8646,"16/08/2025 10:17:00, UTC -04:00",Completed,Sell,AndresVega17Pro,10086,7.48,100.00,BOB,13.37,0.00,16/08/2025 10:17:15,7353096530,S-001,Banexcoin Bolivia
8648,"16/08/2025 11:35:32, UTC -04:00",Completed,Sell,ElenaMoreno57Max,20149,5.68,75.99,BOB,13.37,0.00,16/08/2025 11:35:47,7353584290,S-001,Banexcoin Bolivia
8649,"16/08/2025 11:37:25, UTC -04:00",Completed,Sell,ElenaMoreno57Max,20149,5.68,75.99,BOB,13.37,0.00,16/08/2025 11:37:37,7353596840,S-001,Banexcoin Bolivia
8650,"16/08/2025 11:40:20, UTC -04:00",Completed,Sell,ElenaMoreno57Max,20149,1.72,22.99,BOB,13.37,0.00,16/08/2025 11:41:05,7353618370,S-001,Banexcoin Bolivia
8651,"16/08/2025 11:41:44, UTC -04:00",Completed,Sell,ElenaMoreno57Max,20149,2.84,37.99,BOB,13.37,0.00,16/08/2025 11:42:05,7353626270,S-001,Banexcoin Bolivia
8652,"16/08/2025 11:54:59, UTC -04:00",Completed,Sell,ElenaMoreno57Max,20149,11.22,149.99,BOB,13.37,0.00,16/08/2025 11:55:12,7353714980,S-001,Banexcoin Bolivia
8653,"16/08/2025 12:10:04, UTC -04:00",Completed,Sell,ElenaMoreno57Max,20149,5.68,75.99,BOB,13.37,0.00,16/08/2025 12:10:16,7353820460,S-001,Banexcoin Bolivia
8654,"16/08/2025 12:23:33, UTC -04:00",Completed,Sell,ElenaMoreno57Max,20149,5.68,75.99,BOB,13.37,0.00,16/08/2025 12:23:47,7353916820,S-001,Banexcoin Bolivia
8655,"16/08/2025 12:31:05, UTC -04:00",Completed,Sell,ElenaMoreno57Max,20149,2.84,37.99,BOB,13.37,0.00,16/08/2025 12:31:19,7353969000,S-001,Banexcoin Bolivia
8656,"16/08/2025 12:35:18, UTC -04:00",Completed,Sell,ElenaMoreno57Max,20149,5.68,75.99,BOB,13.38,0.00,16/08/2025 12:35:51,7353998400,S-001,Banexcoin Bolivia
8658,"16/08/2025 13:11:45, UTC -04:00",Completed,Sell,GloriaDelgado30Pe,20135,18.58,248.59,BOB,13.38,0.00,16/08/2025 13:12:05,7354244720,S-001,Banexcoin Bolivia
8659,"16/08/2025 13:39:01, UTC -04:00",Completed,Sell,CristinaSuarez852025,10003,15.55,208.00,BOB,13.38,0.00,16/08/2025 13:39:16,249198890,S-001,Banexcoin Bolivia
8660,"16/08/2025 13:39:49, UTC -04:00",Completed,Sell,ElenaMoreno57Max,20149,2.84,37.99,BOB,13.37,0.00,16/08/2025 13:40:04,7354421620,S-001,Banexcoin Bolivia
8661,"16/08/2025 13:41:05, UTC -04:00",Completed,Sell,ElenaMoreno57Max,20149,2.84,37.99,BOB,13.37,0.00,16/08/2025 13:41:18,7354429530,S-001,Banexcoin Bolivia
8662,"16/08/2025 13:42:44, UTC -04:00",Completed,Sell,ElenaMoreno57Max,20149,2.84,37.99,BOB,13.37,0.00,16/08/2025 13:42:57,7354440340,S-001,Banexcoin Bolivia
8663,"16/08/2025 13:45:56, UTC -04:00",Completed,Sell,ElenaMoreno57Max,20149,5.68,75.99,BOB,13.38,0.00,16/08/2025 13:46:11,7354461070,S-001,Banexcoin Bolivia
8665,"16/08/2025 14:00:39, UTC -04:00",Completed,Sell,ElenaMoreno57Max,20149,5.68,75.99,BOB,13.38,0.00,16/08/2025 14:00:51,7354548310,S-001,Banexcoin Bolivia
8666,"16/08/2025 14:01:14, UTC -04:00",Completed,Sell,SandraRamirez19Ec,20063,3.74,50.00,BOB,13.38,0.00,16/08/2025 14:01:37,7354552910,S-001,Banexcoin Bolivia
8667,"16/08/2025 14:05:24, UTC -04:00",Completed,Sell,ElenaMoreno57Max,20149,5.67,75.99,BOB,13.40,0.00,16/08/2025 14:05:38,7354576100,S-001,Banexcoin Bolivia
8668,"16/08/2025 14:10:35, UTC -04:00",Completed,Sell,ElenaMoreno57Max,20149,2.83,37.99,BOB,13.41,0.00,16/08/2025 14:10:50,7354606100,S-001,Banexcoin Bolivia
8669,"16/08/2025 14:12:12, UTC -04:00",Completed,Sell,ElenaMoreno57Max,20149,1.71,22.99,BOB,13.41,0.00,16/08/2025 14:12:24,7354615490,S-001,Banexcoin Bolivia
8670,"16/08/2025 14:12:44, UTC -04:00",Completed,Sell,SandraGomez46Es,20034,3.89,52.20,BOB,13.41,0.00,16/08/2025 14:13:00,7354618680,S-001,Banexcoin Bolivia
8671,"16/08/2025 14:20:22, UTC -04:00",Completed,Sell,ElenaMoreno57Max,20149,5.66,75.99,BOB,13.42,0.00,16/08/2025 14:20:34,7354663230,S-001,Banexcoin Bolivia
8673,"16/08/2025 14:24:46, UTC -04:00",Completed,Sell,ElenaMoreno57Max,20149,2.83,37.99,BOB,13.45,0.00,16/08/2025 14:24:58,7354689340,S-001,Banexcoin Bolivia
8674,"16/08/2025 14:25:42, UTC -04:00",Completed,Sell,ElenaMoreno57Max,20149,0.56,7.49,BOB,13.45,0.00,16/08/2025 14:25:57,7354695050,S-001,Banexcoin Bolivia
8675,"16/08/2025 14:27:01, UTC -04:00",Completed,Sell,ElenaMoreno57Max,20149,0.56,7.49,BOB,13.45,0.00,16/08/2025 14:27:15,7354702690,S-001,Banexcoin Bolivia
8676,"16/08/2025 14:28:03, UTC -04:00",Completed,Sell,ElenaMoreno57Max,20149,26.81,359.99,BOB,13.43,0.00,16/08/2025 14:28:15,7354708440,S-001,Banexcoin Bolivia
8677,"16/08/2025 14:30:07, UTC -04:00",Completed,Sell,ElenaMoreno57Max,20149,11.19,149.99,BOB,13.41,0.00,16/08/2025 14:30:17,7354720050,S-001,Banexcoin Bolivia
8678,"16/08/2025 14:31:22, UTC -04:00",Completed,Sell,ElenaMoreno57Max,20149,26.85,359.99,BOB,13.41,0.00,16/08/2025 14:31:35,7354727030,S-001,Banexcoin Bolivia
8680,"16/08/2025 14:32:58, UTC -04:00",Completed,Sell,ElenaMoreno57Max,20149,2.83,37.99,BOB,13.41,0.00,16/08/2025 14:33:21,7354737140,S-001,Banexcoin Bolivia
8681,"16/08/2025 15:14:58, UTC -04:00",Completed,Sell,LuisRomero75Mx,20044,0.30,4.00,BOB,13.56,0.00,16/08/2025 15:15:23,7354959660,S-001,Banexcoin Bolivia
8682,"16/08/2025 15:25:48, UTC -04:00",Completed,Sell,LuisRomero75Mx,20044,0.52,7.00,BOB,13.49,0.00,16/08/2025 15:26:09,7355016160,S-001,Banexcoin Bolivia
8683,"16/08/2025 15:28:39, UTC -04:00",Completed,Sell,CristinaSuarez852025,10003,8.09,109.00,BOB,13.48,0.00,16/08/2025 15:28:55,7355030880,S-001,Banexcoin Bolivia
8684,"16/08/2025 15:37:18, UTC -04:00",Completed,Sell,LauraLopez98123,20181,14.51,195.00,BOB,13.44,0.00,16/08/2025 15:37:30,249249760,S-001,Banexcoin Bolivia
8685,"16/08/2025 15:41:48, UTC -04:00",Completed,Sell,LuisRomero75Mx,20044,0.97,13.00,BOB,13.43,0.00,16/08/2025 15:42:04,7355100160,S-001,Banexcoin Bolivia
8686,"16/08/2025 16:08:54, UTC -04:00",Completed,Sell,LuciaHerrera662025,20019,3.72,50.00,BOB,13.42,0.00,16/08/2025 16:09:35,7355244520,S-001,Banexcoin Bolivia
8687,"16/08/2025 16:18:40, UTC -04:00",Completed,Sell,LuisRomero75Mx,20044,0.52,7.00,BOB,13.40,0.00,16/08/2025 16:18:56,249266650,S-001,Banexcoin Bolivia
8688,"16/08/2025 16:27:03, UTC -04:00",Completed,Sell,AndresVega17Pro,10086,89.43,"1,197.00",BOB,13.39,0.00,16/08/2025 16:27:18,7355339590,S-001,Banexcoin Bolivia
8691,"16/08/2025 16:38:49, UTC -04:00",Completed,Sell,FranciscoAguilar94Pe,20161,3.28,44.00,BOB,13.40,0.00,16/08/2025 16:39:23,7355405190,S-001,Banexcoin Bolivia
8692,"16/08/2025 16:47:51, UTC -04:00",Completed,Sell,LuisRomero75Mx,20044,0.52,7.00,BOB,13.41,0.00,16/08/2025 16:48:09,7355452220,S-001,Banexcoin Bolivia
8693,"16/08/2025 16:50:52, UTC -04:00",Completed,Sell,ManuelRomero362025,20175,1.86,25.00,BOB,13.41,0.00,16/08/2025 16:52:13,7355471070,S-001,Banexcoin Bolivia
8694,"16/08/2025 17:21:31, UTC -04:00",Completed,Sell,EduardoCruz322025,20005,199.70,"2,680.00",BOB,13.42,0.00,16/08/2025 17:21:54,7355628280,S-001,Banexcoin Bolivia
8696,"16/08/2025 17:25:10, UTC -04:00",Completed,Sell,EduardoCruz322025,20005,134.08,"1,800.00",BOB,13.43,0.00,16/08/2025 17:25:29,7355647360,S-001,Banexcoin Bolivia
8702,"16/08/2025 20:30:14, UTC -04:00",Completed,Sell,AnaRomero16Mx,20172,139.46,"1,900.00",BOB,13.62,0.00,16/08/2025 20:30:51,7356670030,S-001,Banexcoin Bolivia
8707,"16/08/2025 22:20:21, UTC -04:00",Completed,Sell,ElenaMoreno57Max,20149,5.59,75.99,BOB,13.58,0.00,16/08/2025 22:20:34,7357137670,S-001,Banexcoin Bolivia
8709,"16/08/2025 22:21:27, UTC -04:00",Completed,Sell,ElenaMoreno57Max,20149,5.59,75.99,BOB,13.58,0.00,16/08/2025 22:21:40,7357141580,S-001,Banexcoin Bolivia
8710,"16/08/2025 22:22:18, UTC -04:00",Completed,Sell,ElenaMoreno57Max,20149,2.80,37.99,BOB,13.58,0.00,16/08/2025 22:22:30,7357144430,S-001,Banexcoin Bolivia
8711,"16/08/2025 22:23:13, UTC -04:00",Completed,Sell,ElenaMoreno57Max,20149,2.80,37.99,BOB,13.59,0.00,16/08/2025 22:23:26,7357147420,S-001,Banexcoin Bolivia
8712,"16/08/2025 22:24:10, UTC -04:00",Completed,Sell,ElenaMoreno57Max,20149,26.51,359.99,BOB,13.58,0.00,16/08/2025 22:24:20,7357150120,S-001,Banexcoin Bolivia
8713,"16/08/2025 22:25:14, UTC -04:00",Completed,Sell,ElenaMoreno57Max,20149,11.04,149.99,BOB,13.59,0.00,16/08/2025 22:25:26,7357153550,S-001,Banexcoin Bolivia
8714,"16/08/2025 22:25:54, UTC -04:00",Completed,Sell,ElenaMoreno57Max,20149,2.80,37.99,BOB,13.59,0.00,16/08/2025 22:26:06,7357155780,S-001,Banexcoin Bolivia
8715,"16/08/2025 22:26:46, UTC -04:00",Completed,Sell,ElenaMoreno57Max,20149,2.79,37.99,BOB,13.59,0.00,16/08/2025 22:27:01,7357159040,S-001,Banexcoin Bolivia
8718,"16/08/2025 22:27:48, UTC -04:00",Completed,Sell,ElenaMoreno57Max,20149,5.59,75.99,BOB,13.59,0.00,16/08/2025 22:28:03,7357162410,S-001,Banexcoin Bolivia
8719,"16/08/2025 22:29:18, UTC -04:00",Completed,Sell,ElenaMoreno57Max,20149,5.59,75.99,BOB,13.59,0.00,16/08/2025 22:29:31,7357167340,S-001,Banexcoin Bolivia
8720,"16/08/2025 22:30:00, UTC -04:00",Completed,Sell,ElenaMoreno57Max,20149,11.04,149.99,BOB,13.59,0.00,16/08/2025 22:30:13,7357169430,S-001,Banexcoin Bolivia
8721,"16/08/2025 22:31:08, UTC -04:00",Completed,Sell,ElenaMoreno57Max,20149,2.79,37.99,BOB,13.60,0.00,16/08/2025 22:31:19,7357173180,S-001,Banexcoin Bolivia
8722,"16/08/2025 22:31:52, UTC -04:00",Completed,Sell,ElenaMoreno57Max,20149,26.47,359.99,BOB,13.60,0.00,16/08/2025 22:32:05,7357175360,S-001,Banexcoin Bolivia
8723,"16/08/2025 22:32:24, UTC -04:00",Completed,Sell,ElenaMoreno57Max,20149,26.47,359.99,BOB,13.60,0.00,16/08/2025 22:32:37,7357177000,S-001,Banexcoin Bolivia
8724,"16/08/2025 22:35:22, UTC -04:00",Completed,Sell,ElenaMoreno57Max,20149,2.79,37.99,BOB,13.60,0.00,16/08/2025 22:35:35,7357185770,S-001,Banexcoin Bolivia
8725,"16/08/2025 22:43:01, UTC -04:00",Completed,Sell,ElenaMoreno57Max,20149,2.79,37.99,BOB,13.60,0.00,16/08/2025 22:43:15,7357208840,S-001,Banexcoin Bolivia
8726,"16/08/2025 22:45:21, UTC -04:00",Completed,Sell,ElenaMoreno57Max,20149,1.69,22.99,BOB,13.60,0.00,16/08/2025 22:45:33,7357215220,S-001,Banexcoin Bolivia
8727,"16/08/2025 22:46:57, UTC -04:00",Completed,Sell,ElenaMoreno57Max,20149,5.59,75.99,BOB,13.60,0.00,16/08/2025 22:47:09,7357219380,S-001,Banexcoin Bolivia
8728,"16/08/2025 22:49:27, UTC -04:00",Completed,Sell,ElenaMoreno57Max,20149,11.03,149.99,BOB,13.60,0.00,16/08/2025 22:49:37,7357226130,S-001,Banexcoin Bolivia
8729,"16/08/2025 22:50:08, UTC -04:00",Completed,Sell,ElenaMoreno57Max,20149,2.79,37.99,BOB,13.60,0.00,16/08/2025 22:50:22,7357227980,S-001,Banexcoin Bolivia
8730,"16/08/2025 22:50:49, UTC -04:00",Completed,Sell,ElenaMoreno57Max,20149,2.79,37.99,BOB,13.60,0.00,16/08/2025 22:51:02,7357229840,S-001,Banexcoin Bolivia
8731,"16/08/2025 22:51:33, UTC -04:00",Completed,Sell,ElenaMoreno57Max,20149,2.79,37.99,BOB,13.60,0.00,16/08/2025 22:51:46,7357231680,S-001,Banexcoin Bolivia
8732,"16/08/2025 22:53:28, UTC -04:00",Completed,Sell,ElenaMoreno57Max,20149,11.02,149.99,BOB,13.61,0.00,16/08/2025 22:53:40,7357236430,S-001,Banexcoin Bolivia
8733,"16/08/2025 22:55:34, UTC -04:00",Completed,Sell,ElenaMoreno57Max,20149,11.02,149.99,BOB,13.61,0.00,16/08/2025 22:55:46,7357241970,S-001,Banexcoin Bolivia
8735,"16/08/2025 22:56:59, UTC -04:00",Completed,Sell,ElenaMoreno57Max,20149,5.58,75.99,BOB,13.61,0.00,16/08/2025 22:57:18,7357245660,S-001,Banexcoin Bolivia
8737,"16/08/2025 22:58:03, UTC -04:00",Completed,Sell,ElenaMoreno57Max,20149,1.69,22.99,BOB,13.61,0.00,16/08/2025 22:58:16,7357248160,S-001,Banexcoin Bolivia
8738,"16/08/2025 22:58:23, UTC -04:00",Completed,Sell,ElenaMoreno57Max,20149,5.58,75.99,BOB,13.61,0.00,16/08/2025 22:58:46,7357249260,S-001,Banexcoin Bolivia
8739,"16/08/2025 22:59:28, UTC -04:00",Completed,Sell,ElenaMoreno57Max,20149,2.79,37.99,BOB,13.61,0.00,16/08/2025 22:59:50,7357251820,S-001,Banexcoin Bolivia
8740,"16/08/2025 23:00:04, UTC -04:00",Completed,Sell,ElenaMoreno57Max,20149,2.79,37.99,BOB,13.61,0.00,16/08/2025 23:00:16,7357252810,S-001,Banexcoin Bolivia
8741,"16/08/2025 23:01:04, UTC -04:00",Completed,Sell,ElenaMoreno57Max,20149,1.69,22.99,BOB,13.61,0.00,16/08/2025 23:01:16,7357254920,S-001,Banexcoin Bolivia
8742,"16/08/2025 23:01:32, UTC -04:00",Completed,Sell,ElenaMoreno57Max,20149,1.69,22.99,BOB,13.61,0.00,16/08/2025 23:01:44,7357255870,S-001,Banexcoin Bolivia
8743,"16/08/2025 23:03:03, UTC -04:00",Completed,Sell,ElenaMoreno57Max,20149,5.58,75.99,BOB,13.61,0.00,16/08/2025 23:03:16,7357259280,S-001,Banexcoin Bolivia
8744,"16/08/2025 23:03:51, UTC -04:00",Completed,Sell,ElenaMoreno57Max,20149,1.69,22.99,BOB,13.61,0.00,16/08/2025 23:04:02,7357261040,S-001,Banexcoin Bolivia
8745,"16/08/2025 23:04:39, UTC -04:00",Completed,Sell,ElenaMoreno57Max,20149,11.02,149.99,BOB,13.61,0.00,16/08/2025 23:04:52,7357263190,S-001,Banexcoin Bolivia
8746,"16/08/2025 23:05:21, UTC -04:00",Completed,Sell,ElenaMoreno57Max,20149,1.69,22.99,BOB,13.61,0.00,16/08/2025 23:05:36,7357264730,S-001,Banexcoin Bolivia
8747,"16/08/2025 23:06:00, UTC -04:00",Completed,Sell,ElenaMoreno57Max,20149,5.58,75.99,BOB,13.61,0.00,16/08/2025 23:06:12,7357266230,S-001,Banexcoin Bolivia
8748,"16/08/2025 23:07:46, UTC -04:00",Completed,Sell,ElenaMoreno57Max,20149,2.79,37.99,BOB,13.61,0.00,16/08/2025 23:07:58,7357269950,S-001,Banexcoin Bolivia
8749,"16/08/2025 23:13:09, UTC -04:00",Completed,Sell,ElenaMoreno57Max,20149,2.79,37.99,BOB,13.62,0.00,16/08/2025 23:13:19,7357282350,S-001,Banexcoin Bolivia
8750,"16/08/2025 23:22:24, UTC -04:00",Completed,Sell,ElenaMoreno57Max,20149,5.58,75.99,BOB,13.61,0.00,16/08/2025 23:22:35,7357300850,S-001,Banexcoin Bolivia
8751,"16/08/2025 23:26:04, UTC -04:00",Completed,Sell,ElenaMoreno57Max,20149,2.79,37.99,BOB,13.61,0.00,16/08/2025 23:26:17,7357307200,S-001,Banexcoin Bolivia
8752,"17/08/2025 00:35:59, UTC -04:00",Completed,Sell,ElenaMoreno57Max,20149,26.43,359.99,BOB,13.62,0.00,17/08/2025 00:36:12,7357374580,S-001,Banexcoin Bolivia
8753,"17/08/2025 00:36:51, UTC -04:00",Completed,Sell,ElenaMoreno57Max,20149,26.43,359.99,BOB,13.62,0.00,17/08/2025 00:37:04,7357375040,S-001,Banexcoin Bolivia
8754,"17/08/2025 01:25:02, UTC -04:00",Completed,Sell,ElenaMoreno57Max,20149,5.58,75.99,BOB,13.61,0.00,17/08/2025 01:25:16,7357398500,S-001,Banexcoin Bolivia
8759,"17/08/2025 12:10:46, UTC -04:00",Completed,Sell,CarolinaGonzalez94456,10091,214.42,"2,900.00",BOB,13.53,0.00,17/08/2025 12:11:04,7357970680,S-001,Banexcoin Bolivia
8760,"17/08/2025 12:40:31, UTC -04:00",Completed,Sell,PaulaDiaz91Bo,20148,4.66,63.00,BOB,13.51,0.00,17/08/2025 12:41:03,7358046420,S-001,Banexcoin Bolivia
8764,"17/08/2025 14:08:23, UTC -04:00",Completed,Sell,PabloBlanco44456,10025,10.22,138.00,BOB,13.51,0.00,17/08/2025 14:08:37,7358242200,S-001,Banexcoin Bolivia
8765,"17/08/2025 14:10:11, UTC -04:00",Completed,Sell,ElenaMoreno57Max,20149,2.81,37.99,BOB,13.51,0.00,17/08/2025 14:10:23,7358245510,S-001,Banexcoin Bolivia
8766,"17/08/2025 14:11:30, UTC -04:00",Completed,Sell,ElenaMoreno57Max,20149,11.11,149.99,BOB,13.51,0.00,17/08/2025 14:11:43,7358247870,S-001,Banexcoin Bolivia
8767,"17/08/2025 14:12:03, UTC -04:00",Completed,Sell,ElenaMoreno57Max,20149,5.63,75.99,BOB,13.50,0.00,17/08/2025 14:12:18,7358248920,S-001,Banexcoin Bolivia
8768,"17/08/2025 15:05:12, UTC -04:00",Completed,Sell,ElenaMoreno57Max,20149,1.71,22.99,BOB,13.41,0.00,17/08/2025 15:05:26,7358352180,S-001,Banexcoin Bolivia
8769,"17/08/2025 15:12:39, UTC -04:00",Completed,Sell,ElenaPerez81Ec,20199,0.90,12.00,BOB,13.40,0.00,17/08/2025 15:12:56,7358366050,S-001,Banexcoin Bolivia
8770,"17/08/2025 15:14:12, UTC -04:00",Completed,Sell,SandraRamirez19Ec,20063,2.98,40.00,BOB,13.41,0.00,17/08/2025 15:14:34,7358369240,S-001,Banexcoin Bolivia
8771,"17/08/2025 15:46:58, UTC -04:00",Completed,Sell,IsabelMunoz76Max,20141,1.94,26.00,BOB,13.40,0.00,17/08/2025 15:47:12,7358429450,S-001,Banexcoin Bolivia
8772,"17/08/2025 15:50:54, UTC -04:00",Completed,Sell,ElenaMoreno57Max,20149,2.84,37.99,BOB,13.40,0.00,17/08/2025 15:51:08,7358437320,S-001,Banexcoin Bolivia
8773,"17/08/2025 16:06:22, UTC -04:00",Completed,Sell,IsabelMunoz76Max,20141,2.98,40.00,BOB,13.42,0.00,17/08/2025 16:06:37,7358465750,S-001,Banexcoin Bolivia
8774,"17/08/2025 16:47:17, UTC -04:00",Completed,Sell,ElenaMoreno57Max,20149,26.78,359.99,BOB,13.44,0.00,17/08/2025 16:47:31,7358541070,S-001,Banexcoin Bolivia
8775,"17/08/2025 16:48:40, UTC -04:00",Completed,Sell,ElenaMoreno57Max,20149,26.78,359.99,BOB,13.44,0.00,17/08/2025 16:48:53,7358543640,S-001,Banexcoin Bolivia
8776,"17/08/2025 16:53:47, UTC -04:00",Completed,Sell,ElenaMoreno57Max,20149,5.65,75.99,BOB,13.45,0.00,17/08/2025 16:53:59,7358552700,S-001,Banexcoin Bolivia
8777,"17/08/2025 16:58:17, UTC -04:00",Completed,Sell,ElenaMoreno57Max,20149,26.72,359.99,BOB,13.47,0.00,17/08/2025 16:58:29,7358560020,S-001,Banexcoin Bolivia
8778,"17/08/2025 17:00:52, UTC -04:00",Completed,Sell,ElenaMoreno57Max,20149,26.72,359.99,BOB,13.47,0.00,17/08/2025 17:01:05,7358564280,S-001,Banexcoin Bolivia
8779,"17/08/2025 17:05:56, UTC -04:00",Completed,Sell,ElenaMoreno57Max,20149,2.82,37.99,BOB,13.47,0.00,17/08/2025 17:06:58,7358573900,S-001,Banexcoin Bolivia
8780,"17/08/2025 17:07:05, UTC -04:00",Completed,Sell,ElenaMoreno57Max,20149,2.82,37.99,BOB,13.47,0.00,17/08/2025 17:07:18,7358574470,S-001,Banexcoin Bolivia
8781,"17/08/2025 17:08:39, UTC -04:00",Completed,Sell,ElenaMoreno57Max,20149,26.72,359.99,BOB,13.47,0.00,17/08/2025 17:08:56,7358577170,S-001,Banexcoin Bolivia
8783,"17/08/2025 19:29:16, UTC -04:00",Completed,Sell,ElenaMoreno57Max,20149,26.85,359.99,BOB,13.41,0.00,17/08/2025 19:29:30,7358871800,S-001,Banexcoin Bolivia
8784,"17/08/2025 20:01:01, UTC -04:00",Completed,Sell,MariaFlores93Max,10006,3.73,50.00,BOB,13.39,0.00,17/08/2025 20:01:22,7358955490,S-001,Banexcoin Bolivia
8785,"17/08/2025 20:36:18, UTC -04:00",Completed,Sell,NataliaGarcia89Pro,20021,6.72,90.00,BOB,13.39,0.00,17/08/2025 20:37:01,7359047670,S-001,Banexcoin Bolivia
8787,"17/08/2025 20:41:57, UTC -04:00",Completed,Sell,NataliaGarcia89Pro,20021,89.57,"1,200.00",BOB,13.40,0.00,17/08/2025 20:42:25,7359060150,S-001,Banexcoin Bolivia
8789,"17/08/2025 22:14:49, UTC -04:00",Completed,Sell,ElenaMoreno57Max,20149,27.23,359.99,BOB,13.22,0.00,17/08/2025 22:15:10,7359248590,S-001,Banexcoin Bolivia
8790,"17/08/2025 22:36:45, UTC -04:00",Completed,Sell,ElenaMoreno57Max,20149,27.11,359.99,BOB,13.28,0.00,17/08/2025 22:36:58,7359284040,S-001,Banexcoin Bolivia
8793,"17/08/2025 22:54:04, UTC -04:00",Completed,Sell,ElenaMoreno57Max,20149,11.20,149.99,BOB,13.39,0.00,17/08/2025 22:54:17,7359308830,S-001,Banexcoin Bolivia
8794,"17/08/2025 22:54:43, UTC -04:00",Completed,Sell,ElenaMoreno57Max,20149,2.84,37.99,BOB,13.39,0.00,17/08/2025 22:54:53,7359309820,S-001,Banexcoin Bolivia
8795,"17/08/2025 22:57:09, UTC -04:00",Completed,Sell,ElenaMoreno57Max,20149,2.84,37.99,BOB,13.40,0.00,17/08/2025 22:57:19,7359313300,S-001,Banexcoin Bolivia
8796,"17/08/2025 22:57:48, UTC -04:00",Completed,Sell,ElenaMoreno57Max,20149,5.67,75.99,BOB,13.40,0.00,17/08/2025 22:58:03,7359314200,S-001,Banexcoin Bolivia
8797,"17/08/2025 22:58:23, UTC -04:00",Completed,Sell,ElenaMoreno57Max,20149,5.67,75.99,BOB,13.40,0.00,17/08/2025 22:58:35,7359314850,S-001,Banexcoin Bolivia
8798,"17/08/2025 22:58:56, UTC -04:00",Completed,Sell,ElenaMoreno57Max,20149,5.67,75.99,BOB,13.40,0.00,17/08/2025 22:59:11,7359315630,S-001,Banexcoin Bolivia
8799,"17/08/2025 22:59:41, UTC -04:00",Completed,Sell,ElenaMoreno57Max,20149,1.72,22.99,BOB,13.41,0.00,17/08/2025 22:59:52,7359316430,S-001,Banexcoin Bolivia
8800,"17/08/2025 23:00:23, UTC -04:00",Completed,Sell,ElenaMoreno57Max,20149,2.83,37.99,BOB,13.43,0.00,17/08/2025 23:00:36,7359317340,S-001,Banexcoin Bolivia
8801,"17/08/2025 23:01:11, UTC -04:00",Completed,Sell,ElenaMoreno57Max,20149,2.83,37.99,BOB,13.44,0.00,17/08/2025 23:01:24,7359318420,S-001,Banexcoin Bolivia
8802,"17/08/2025 23:01:53, UTC -04:00",Completed,Sell,ElenaMoreno57Max,20149,2.83,37.99,BOB,13.44,0.00,17/08/2025 23:02:06,7359319390,S-001,Banexcoin Bolivia
8803,"17/08/2025 23:02:13, UTC -04:00",Completed,Sell,ElenaMoreno57Max,20149,0.56,7.49,BOB,13.45,0.00,17/08/2025 23:02:40,7359320160,S-001,Banexcoin Bolivia
8804,"17/08/2025 23:02:46, UTC -04:00",Completed,Sell,ElenaMoreno57Max,20149,2.83,37.99,BOB,13.45,0.00,17/08/2025 23:03:00,7359320630,S-001,Banexcoin Bolivia
8805,"17/08/2025 23:03:09, UTC -04:00",Completed,Sell,ElenaMoreno57Max,20149,0.56,7.49,BOB,13.46,0.00,17/08/2025 23:03:30,7359321270,S-001,Banexcoin Bolivia
8809,"17/08/2025 23:06:59, UTC -04:00",Completed,Sell,ElenaMoreno57Max,20149,2.82,37.99,BOB,13.47,0.00,17/08/2025 23:07:12,7359325930,S-001,Banexcoin Bolivia
8813,"18/08/2025 02:59:15, UTC -04:00",Completed,Sell,ElenaMoreno57Max,20149,27.35,359.99,BOB,13.16,0.00,18/08/2025 02:59:29,7359429150,S-001,Banexcoin Bolivia
8814,"18/08/2025 03:01:37, UTC -04:00",Completed,Sell,ElenaMoreno57Max,20149,27.35,359.99,BOB,13.16,0.00,18/08/2025 03:01:51,7359429670,S-001,Banexcoin Bolivia
8816,"18/08/2025 10:11:15, UTC -04:00",Completed,Sell,ElenaMoreno57Max,20149,1.73,22.99,BOB,13.31,0.00,18/08/2025 10:11:30,7360143810,S-001,Banexcoin Bolivia
8818,"18/08/2025 10:13:48, UTC -04:00",Completed,Sell,ElenaMoreno57Max,20149,11.27,149.99,BOB,13.31,0.00,18/08/2025 10:13:58,7360155790,S-001,Banexcoin Bolivia
8820,"18/08/2025 10:14:48, UTC -04:00",Completed,Sell,ElenaMoreno57Max,20149,5.71,75.99,BOB,13.31,0.00,18/08/2025 10:14:59,7360160610,S-001,Banexcoin Bolivia
8821,"18/08/2025 10:46:53, UTC -04:00",Completed,Sell,ElenaMoreno57Max,20149,27.12,359.99,BOB,13.27,0.00,18/08/2025 10:47:08,7360325700,S-001,Banexcoin Bolivia
8822,"18/08/2025 10:48:17, UTC -04:00",Completed,Sell,ElenaMoreno57Max,20149,11.31,149.99,BOB,13.27,0.00,18/08/2025 10:48:30,7360332590,S-001,Banexcoin Bolivia
8826,"18/08/2025 11:59:49, UTC -04:00",Completed,Sell,ElenaMoreno57Max,20149,2.86,37.99,BOB,13.28,0.00,18/08/2025 12:00:01,7360695410,S-001,Banexcoin Bolivia
8827,"18/08/2025 12:01:49, UTC -04:00",Completed,Sell,ElenaMoreno57Max,20149,2.86,37.99,BOB,13.27,0.00,18/08/2025 12:02:05,7360706700,S-001,Banexcoin Bolivia
8829,"18/08/2025 12:04:37, UTC -04:00",Completed,Sell,ElenaMoreno57Max,20149,27.12,359.99,BOB,13.28,0.00,18/08/2025 12:04:57,7360721640,S-001,Banexcoin Bolivia
8830,"18/08/2025 12:06:06, UTC -04:00",Completed,Sell,ElenaMoreno57Max,20149,5.72,75.99,BOB,13.28,0.00,18/08/2025 12:06:19,7360729100,S-001,Banexcoin Bolivia
8831,"18/08/2025 12:09:01, UTC -04:00",Completed,Sell,ElenaMoreno57Max,20149,5.72,75.99,BOB,13.28,0.00,18/08/2025 12:09:14,7360744960,S-001,Banexcoin Bolivia
8833,"18/08/2025 12:11:24, UTC -04:00",Completed,Sell,ElenaMoreno57Max,20149,1.73,22.99,BOB,13.28,0.00,18/08/2025 12:11:38,7360758350,S-001,Banexcoin Bolivia
8834,"18/08/2025 12:13:20, UTC -04:00",Completed,Sell,ElenaMoreno57Max,20149,1.73,22.99,BOB,13.28,0.00,18/08/2025 12:13:38,7360769420,S-001,Banexcoin Bolivia
8835,"18/08/2025 12:15:25, UTC -04:00",Completed,Sell,ElenaMoreno57Max,20149,2.86,37.99,BOB,13.28,0.00,18/08/2025 12:15:38,7360780750,S-001,Banexcoin Bolivia
8836,"18/08/2025 12:19:03, UTC -04:00",Completed,Sell,ElenaMoreno57Max,20149,2.86,37.99,BOB,13.28,0.00,18/08/2025 12:19:16,7360801300,S-001,Banexcoin Bolivia
8837,"18/08/2025 12:21:13, UTC -04:00",Completed,Sell,ElenaMoreno57Max,20149,2.86,37.99,BOB,13.27,0.00,18/08/2025 12:21:34,7360814690,S-001,Banexcoin Bolivia
8838,"18/08/2025 12:22:46, UTC -04:00",Completed,Sell,ElenaMoreno57Max,20149,2.86,37.99,BOB,13.27,0.00,18/08/2025 12:22:58,7360822520,S-001,Banexcoin Bolivia
8839,"18/08/2025 12:32:09, UTC -04:00",Completed,Sell,MariaFlores93Max,10006,5.21,69.00,BOB,13.26,0.00,18/08/2025 12:32:29,7360875530,S-001,Banexcoin Bolivia
8840,"18/08/2025 13:29:47, UTC -04:00",Completed,Sell,ElenaMoreno57Max,20149,5.73,75.99,BOB,13.25,0.00,18/08/2025 13:30:03,7361179580,S-001,Banexcoin Bolivia
8841,"18/08/2025 13:38:33, UTC -04:00",Completed,Sell,ElenaMoreno57Max,20149,5.73,75.99,BOB,13.25,0.00,18/08/2025 13:38:46,7361221330,S-001,Banexcoin Bolivia
8842,"18/08/2025 13:39:25, UTC -04:00",Completed,Sell,ElenaMoreno57Max,20149,2.87,37.99,BOB,13.26,0.00,18/08/2025 13:39:36,7361225300,S-001,Banexcoin Bolivia
8843,"18/08/2025 13:45:34, UTC -04:00",Completed,Sell,ElenaMoreno57Max,20149,1.74,22.99,BOB,13.24,0.00,18/08/2025 13:45:46,7361253860,S-001,Banexcoin Bolivia
8844,"18/08/2025 13:46:47, UTC -04:00",Completed,Sell,ElenaMoreno57Max,20149,1.74,22.99,BOB,13.24,0.00,18/08/2025 13:47:02,7361260290,S-001,Banexcoin Bolivia
8845,"18/08/2025 13:48:41, UTC -04:00",Completed,Sell,ElenaMoreno57Max,20149,5.74,75.99,BOB,13.24,0.00,18/08/2025 13:48:52,7361269240,S-001,Banexcoin Bolivia
8846,"18/08/2025 14:20:52, UTC -04:00",Completed,Sell,AlejandroSuarez38456,10007,15.11,200.00,BOB,13.23,0.00,18/08/2025 14:21:30,7361422720,S-001,Banexcoin Bolivia
8847,"18/08/2025 14:23:15, UTC -04:00",Completed,Sell,BeatrizChavez452025,20162,19.95,264.00,BOB,13.23,0.00,18/08/2025 14:23:42,7361433560,S-001,Banexcoin Bolivia
8848,"18/08/2025 14:24:20, UTC -04:00",Completed,Sell,FernandoGonzalez47Mx,10015,22.67,300.00,BOB,13.23,0.00,18/08/2025 14:25:12,7361440280,S-001,Banexcoin Bolivia
8849,"18/08/2025 15:13:52, UTC -04:00",Completed,Sell,LauraLopez98123,20181,12.82,170.00,BOB,13.26,0.00,18/08/2025 15:14:04,249771690,S-001,Banexcoin Bolivia
8850,"18/08/2025 15:15:40, UTC -04:00",Completed,Sell,ElenaMoreno57Max,20149,2.87,37.99,BOB,13.26,0.00,18/08/2025 15:15:52,7361677020,S-001,Banexcoin Bolivia
8851,"18/08/2025 15:22:43, UTC -04:00",Completed,Sell,ElenaMoreno57Max,20149,2.86,37.99,BOB,13.27,0.00,18/08/2025 15:22:56,7361712020,S-001,Banexcoin Bolivia
8852,"18/08/2025 15:29:50, UTC -04:00",Completed,Sell,ElenaMoreno57Max,20149,5.73,75.99,BOB,13.27,0.00,18/08/2025 15:30:13,7361746690,S-001,Banexcoin Bolivia
8853,"18/08/2025 15:30:35, UTC -04:00",Completed,Sell,ElenaMoreno57Max,20149,5.73,75.99,BOB,13.27,0.00,18/08/2025 15:30:55,7361750090,S-001,Banexcoin Bolivia
8854,"18/08/2025 15:32:31, UTC -04:00",Completed,Sell,ElenaMoreno57Max,20149,5.73,75.99,BOB,13.26,0.00,18/08/2025 15:32:45,7361758610,S-001,Banexcoin Bolivia
8856,"18/08/2025 15:33:57, UTC -04:00",Completed,Sell,ElenaMoreno57Max,20149,5.73,75.99,BOB,13.26,0.00,18/08/2025 15:34:09,7361765280,S-001,Banexcoin Bolivia
8857,"18/08/2025 15:35:58, UTC -04:00",Completed,Sell,ElenaMoreno57Max,20149,1.73,22.99,BOB,13.26,0.00,18/08/2025 15:36:11,7361774750,S-001,Banexcoin Bolivia
8858,"18/08/2025 15:40:19, UTC -04:00",Completed,Sell,ElenaMoreno57Max,20149,5.73,75.99,BOB,13.26,0.00,18/08/2025 15:40:45,7361796630,S-001,Banexcoin Bolivia
8859,"18/08/2025 15:40:59, UTC -04:00",Completed,Sell,ElenaMoreno57Max,20149,1.73,22.99,BOB,13.26,0.00,18/08/2025 15:41:21,7361799890,S-001,Banexcoin Bolivia
8860,"18/08/2025 15:42:48, UTC -04:00",Completed,Sell,ElenaMoreno57Max,20149,5.73,75.99,BOB,13.26,0.00,18/08/2025 15:43:07,7361809190,S-001,Banexcoin Bolivia
8861,"18/08/2025 15:43:34, UTC -04:00",Completed,Sell,ElenaMoreno57Max,20149,2.87,37.99,BOB,13.25,0.00,18/08/2025 15:43:55,7361813260,S-001,Banexcoin Bolivia
8862,"18/08/2025 15:44:19, UTC -04:00",Completed,Sell,ElenaMoreno57Max,20149,0.57,7.49,BOB,13.25,0.00,18/08/2025 15:44:31,7361816250,S-001,Banexcoin Bolivia
8863,"18/08/2025 15:58:45, UTC -04:00",Completed,Sell,CristinaSuarez852025,10003,15.07,200.00,BOB,13.27,0.00,18/08/2025 15:59:14,7361888570,S-001,Banexcoin Bolivia
8864,"18/08/2025 16:13:48, UTC -04:00",Completed,Sell,MariaFlores93Max,10006,0.08,1.00,BOB,13.27,0.00,18/08/2025 16:14:03,7361964180,S-001,Banexcoin Bolivia
8867,"18/08/2025 17:07:23, UTC -04:00",Completed,Sell,CristinaSuarez852025,10003,6.03,80.00,BOB,13.26,0.00,18/08/2025 17:07:49,7362235360,S-001,Banexcoin Bolivia
8868,"18/08/2025 17:10:49, UTC -04:00",Completed,Sell,ElenaMoreno57Max,20149,5.73,75.99,BOB,13.26,0.00,18/08/2025 17:11:01,7362253090,S-001,Banexcoin Bolivia
8869,"18/08/2025 17:11:41, UTC -04:00",Completed,Sell,ElenaMoreno57Max,20149,5.73,75.99,BOB,13.27,0.00,18/08/2025 17:11:53,7362257860,S-001,Banexcoin Bolivia
8870,"18/08/2025 17:14:23, UTC -04:00",Completed,Sell,ElenaMoreno57Max,20149,2.86,37.99,BOB,13.26,0.00,18/08/2025 17:14:57,7362273190,S-001,Banexcoin Bolivia
8873,"18/08/2025 17:20:31, UTC -04:00",Completed,Sell,ElenaMoreno57Max,20149,2.86,37.99,BOB,13.27,0.00,18/08/2025 17:20:44,7362303960,S-001,Banexcoin Bolivia
8876,"18/08/2025 17:21:17, UTC -04:00",Completed,Sell,ElenaMoreno57Max,20149,5.73,75.99,BOB,13.27,0.00,18/08/2025 17:21:30,7362308050,S-001,Banexcoin Bolivia
8878,"18/08/2025 17:24:38, UTC -04:00",Completed,Sell,ElenaMoreno57Max,20149,11.31,149.99,BOB,13.27,0.00,18/08/2025 17:24:52,7362326600,S-001,Banexcoin Bolivia
8879,"18/08/2025 17:25:57, UTC -04:00",Completed,Sell,ElenaMoreno57Max,20149,11.31,149.99,BOB,13.27,0.00,18/08/2025 17:26:10,7362332710,S-001,Banexcoin Bolivia
8881,"18/08/2025 17:29:30, UTC -04:00",Completed,Sell,ElenaMoreno57Max,20149,2.86,37.99,BOB,13.27,0.00,18/08/2025 17:29:42,7362351330,S-001,Banexcoin Bolivia
8882,"18/08/2025 17:31:46, UTC -04:00",Completed,Sell,ElenaMoreno57Max,20149,1.73,22.99,BOB,13.27,0.00,18/08/2025 17:32:08,7362363080,S-001,Banexcoin Bolivia
8883,"18/08/2025 17:33:06, UTC -04:00",Completed,Sell,ElenaMoreno57Max,20149,5.73,75.99,BOB,13.27,0.00,18/08/2025 17:33:20,7362371050,S-001,Banexcoin Bolivia
8884,"18/08/2025 17:36:16, UTC -04:00",Completed,Sell,ElenaMoreno57Max,20149,5.73,75.99,BOB,13.27,0.00,18/08/2025 17:36:28,7362388750,S-001,Banexcoin Bolivia
8885,"18/08/2025 17:38:01, UTC -04:00",Completed,Sell,ElenaMoreno57Max,20149,11.31,149.99,BOB,13.27,0.00,18/08/2025 17:38:13,7362397690,S-001,Banexcoin Bolivia
8886,"18/08/2025 17:38:56, UTC -04:00",Completed,Sell,ElenaMoreno57Max,20149,1.73,22.99,BOB,13.27,0.00,18/08/2025 17:39:09,7362403200,S-001,Banexcoin Bolivia
8887,"18/08/2025 17:40:35, UTC -04:00",Completed,Sell,ElenaMoreno57Max,20149,5.73,75.99,BOB,13.27,0.00,18/08/2025 17:40:49,7362411650,S-001,Banexcoin Bolivia
8888,"18/08/2025 17:41:31, UTC -04:00",Completed,Sell,ElenaMoreno57Max,20149,1.73,22.99,BOB,13.27,0.00,18/08/2025 17:41:43,7362416690,S-001,Banexcoin Bolivia
8889,"18/08/2025 17:47:38, UTC -04:00",Completed,Sell,ElenaMoreno57Max,20149,1.73,22.99,BOB,13.26,0.00,18/08/2025 17:47:59,7362451540,S-001,Banexcoin Bolivia
8893,"18/08/2025 18:07:20, UTC -04:00",Completed,Sell,CristinaVargas86Mx,20152,4.52,60.00,BOB,13.27,0.00,18/08/2025 18:07:42,7362557910,S-001,Banexcoin Bolivia
8894,"18/08/2025 18:11:04, UTC -04:00",Completed,Sell,MariaFlores93Max,10006,4.22,56.00,BOB,13.27,0.00,18/08/2025 18:11:22,7362577910,S-001,Banexcoin Bolivia
8896,"18/08/2025 18:12:38, UTC -04:00",Completed,Sell,ElenaMoreno57Max,20149,5.72,75.99,BOB,13.27,0.00,18/08/2025 18:12:50,7362586480,S-001,Banexcoin Bolivia
8897,"18/08/2025 18:13:25, UTC -04:00",Completed,Sell,AlbertoLeon10007,10008,30.14,400.00,BOB,13.27,0.00,18/08/2025 18:13:40,249851100,S-001,Banexcoin Bolivia
8901,"18/08/2025 18:33:31, UTC -04:00",Completed,Sell,ElenaMoreno57Max,20149,1.73,22.99,BOB,13.28,0.00,18/08/2025 18:33:45,7362704340,S-001,Banexcoin Bolivia
8902,"18/08/2025 18:38:20, UTC -04:00",Completed,Sell,ElenaMoreno57Max,20149,0.56,7.49,BOB,13.28,0.00,18/08/2025 18:38:35,7362730540,S-001,Banexcoin Bolivia
8903,"18/08/2025 18:40:26, UTC -04:00",Completed,Sell,ElenaMoreno57Max,20149,1.73,22.99,BOB,13.29,0.00,18/08/2025 18:40:43,7362741890,S-001,Banexcoin Bolivia
8904,"18/08/2025 18:40:51, UTC -04:00",Completed,Sell,ElenaMoreno57Max,20149,1.73,22.99,BOB,13.29,0.00,18/08/2025 18:41:07,7362744160,S-001,Banexcoin Bolivia
8905,"18/08/2025 18:45:05, UTC -04:00",Completed,Sell,ElenaMoreno57Max,20149,0.56,7.49,BOB,13.28,0.00,18/08/2025 18:45:17,7362766730,S-001,Banexcoin Bolivia
8906,"18/08/2025 18:47:20, UTC -04:00",Completed,Sell,ElenaMoreno57Max,20149,1.73,22.99,BOB,13.29,0.00,18/08/2025 18:47:32,7362779870,S-001,Banexcoin Bolivia
8907,"18/08/2025 18:51:28, UTC -04:00",Completed,Sell,AndresVega17Pro,10086,8.43,112.00,BOB,13.29,0.00,18/08/2025 18:51:42,7362803200,S-001,Banexcoin Bolivia
8908,"18/08/2025 18:59:53, UTC -04:00",Completed,Sell,AndresVega17Pro,10086,10.98,146.00,BOB,13.30,0.00,18/08/2025 19:00:06,7362850340,S-001,Banexcoin Bolivia
8909,"18/08/2025 19:03:10, UTC -04:00",Completed,Sell,ElenaMoreno57Max,20149,11.29,149.99,BOB,13.29,0.00,18/08/2025 19:03:20,7362868760,S-001,Banexcoin Bolivia
8910,"18/08/2025 19:03:35, UTC -04:00",Completed,Sell,ElenaMoreno57Max,20149,5.72,75.99,BOB,13.29,0.00,18/08/2025 19:03:50,7362871520,S-001,Banexcoin Bolivia
8911,"18/08/2025 21:03:12, UTC -04:00",Completed,Sell,CristinaSuarez852025,10003,5.20,69.00,BOB,13.28,0.00,18/08/2025 21:03:28,249917720,S-001,Banexcoin Bolivia
8913,"18/08/2025 22:27:45, UTC -04:00",Completed,Sell,ElenaMoreno57Max,20149,5.72,75.99,BOB,13.29,0.00,18/08/2025 22:27:58,7363717870,S-001,Banexcoin Bolivia
8914,"18/08/2025 22:29:02, UTC -04:00",Completed,Sell,ElenaMoreno57Max,20149,1.73,22.99,BOB,13.29,0.00,18/08/2025 22:29:16,7363720920,S-001,Banexcoin Bolivia
8915,"18/08/2025 22:30:21, UTC -04:00",Completed,Sell,ElenaMoreno57Max,20149,2.86,37.99,BOB,13.29,0.00,18/08/2025 22:30:44,7363724300,S-001,Banexcoin Bolivia
8916,"18/08/2025 22:31:15, UTC -04:00",Completed,Sell,ElenaMoreno57Max,20149,11.28,149.99,BOB,13.29,0.00,18/08/2025 22:31:26,7363726240,S-001,Banexcoin Bolivia
8917,"18/08/2025 22:32:02, UTC -04:00",Completed,Sell,ElenaMoreno57Max,20149,1.73,22.99,BOB,13.29,0.00,18/08/2025 22:32:16,7363728180,S-001,Banexcoin Bolivia
8918,"18/08/2025 22:32:46, UTC -04:00",Completed,Sell,ElenaMoreno57Max,20149,5.72,75.99,BOB,13.29,0.00,18/08/2025 22:33:00,7363729920,S-001,Banexcoin Bolivia
8919,"18/08/2025 22:33:52, UTC -04:00",Completed,Sell,ElenaMoreno57Max,20149,2.86,37.99,BOB,13.29,0.00,18/08/2025 22:34:06,7363732920,S-001,Banexcoin Bolivia
8920,"18/08/2025 22:34:35, UTC -04:00",Completed,Sell,ElenaMoreno57Max,20149,0.56,7.49,BOB,13.29,0.00,18/08/2025 22:34:48,7363734670,S-001,Banexcoin Bolivia
8921,"18/08/2025 22:35:43, UTC -04:00",Completed,Sell,ElenaMoreno57Max,20149,1.73,22.99,BOB,13.30,0.00,18/08/2025 22:35:54,7363737300,S-001,Banexcoin Bolivia
8922,"18/08/2025 22:36:33, UTC -04:00",Completed,Sell,ElenaMoreno57Max,20149,1.73,22.99,BOB,13.30,0.00,18/08/2025 22:36:42,7363739360,S-001,Banexcoin Bolivia
8923,"18/08/2025 22:37:15, UTC -04:00",Completed,Sell,ElenaMoreno57Max,20149,2.86,37.99,BOB,13.30,0.00,18/08/2025 22:37:26,7363741230,S-001,Banexcoin Bolivia
8924,"18/08/2025 22:38:34, UTC -04:00",Completed,Sell,ElenaMoreno57Max,20149,5.72,75.99,BOB,13.30,0.00,18/08/2025 22:38:46,7363744250,S-001,Banexcoin Bolivia
8925,"18/08/2025 22:39:49, UTC -04:00",Completed,Sell,ElenaMoreno57Max,20149,27.08,359.99,BOB,13.30,0.00,18/08/2025 22:40:04,7363747540,S-001,Banexcoin Bolivia
8926,"18/08/2025 22:42:09, UTC -04:00",Completed,Sell,ElenaMoreno57Max,20149,2.86,37.99,BOB,13.30,0.00,18/08/2025 22:42:30,7363752790,S-001,Banexcoin Bolivia
8927,"18/08/2025 22:44:03, UTC -04:00",Completed,Sell,ElenaMoreno57Max,20149,2.86,37.99,BOB,13.30,0.00,18/08/2025 22:44:24,7363756770,S-001,Banexcoin Bolivia
8928,"18/08/2025 22:55:32, UTC -04:00",Completed,Sell,BeatrizMorales44Max,20109,3.29,43.71,BOB,13.29,0.00,18/08/2025 22:55:59,7363779960,S-001,Banexcoin Bolivia
8929,"18/08/2025 23:11:26, UTC -04:00",Completed,Sell,ElenaMoreno57Max,20149,5.72,75.99,BOB,13.29,0.00,18/08/2025 23:11:40,7363807850,S-001,Banexcoin Bolivia
8931,"18/08/2025 23:12:48, UTC -04:00",Completed,Sell,ElenaMoreno57Max,20149,5.72,75.99,BOB,13.28,0.00,18/08/2025 23:13:00,7363809850,S-001,Banexcoin Bolivia
8933,"18/08/2025 23:15:40, UTC -04:00",Completed,Sell,ElenaMoreno57Max,20149,27.10,359.99,BOB,13.28,0.00,18/08/2025 23:15:54,7363814390,S-001,Banexcoin Bolivia
8934,"18/08/2025 23:20:27, UTC -04:00",Completed,Sell,ElenaMoreno57Max,20149,27.11,359.99,BOB,13.28,0.00,18/08/2025 23:20:40,7363821240,S-001,Banexcoin Bolivia
8935,"18/08/2025 23:20:47, UTC -04:00",Completed,Sell,ElenaMoreno57Max,20149,27.11,359.99,BOB,13.28,0.00,18/08/2025 23:21:00,7363821730,S-001,Banexcoin Bolivia
8936,"18/08/2025 23:21:29, UTC -04:00",Completed,Sell,ElenaMoreno57Max,20149,5.72,75.99,BOB,13.28,0.00,18/08/2025 23:21:40,7363822890,S-001,Banexcoin Bolivia
8937,"18/08/2025 23:22:12, UTC -04:00",Completed,Sell,ElenaMoreno57Max,20149,27.12,359.99,BOB,13.28,0.00,18/08/2025 23:22:22,7363823810,S-001,Banexcoin Bolivia
8938,"18/08/2025 23:22:35, UTC -04:00",Completed,Sell,ElenaMoreno57Max,20149,27.12,359.99,BOB,13.28,0.00,18/08/2025 23:22:48,7363824260,S-001,Banexcoin Bolivia
8939,"18/08/2025 23:23:05, UTC -04:00",Completed,Sell,ElenaMoreno57Max,20149,27.11,359.99,BOB,13.28,0.00,18/08/2025 23:23:20,7363825010,S-001,Banexcoin Bolivia
8940,"18/08/2025 23:24:00, UTC -04:00",Completed,Sell,ElenaMoreno57Max,20149,27.11,359.99,BOB,13.28,0.00,18/08/2025 23:24:12,7363826030,S-001,Banexcoin Bolivia
8941,"18/08/2025 23:25:27, UTC -04:00",Completed,Sell,ElenaMoreno57Max,20149,2.86,37.99,BOB,13.28,0.00,18/08/2025 23:25:46,7363828380,S-001,Banexcoin Bolivia
8942,"18/08/2025 23:26:33, UTC -04:00",Completed,Sell,ElenaMoreno57Max,20149,2.86,37.99,BOB,13.28,0.00,18/08/2025 23:26:48,7363829630,S-001,Banexcoin Bolivia
8943,"18/08/2025 23:27:03, UTC -04:00",Completed,Sell,ElenaMoreno57Max,20149,2.86,37.99,BOB,13.27,0.00,18/08/2025 23:27:18,7363830130,S-001,Banexcoin Bolivia
8944,"18/08/2025 23:28:15, UTC -04:00",Completed,Sell,ElenaMoreno57Max,20149,5.73,75.99,BOB,13.27,0.00,18/08/2025 23:28:28,7363831550,S-001,Banexcoin Bolivia
8945,"18/08/2025 23:29:28, UTC -04:00",Completed,Sell,ElenaMoreno57Max,20149,2.86,37.99,BOB,13.27,0.00,18/08/2025 23:29:40,7363833190,S-001,Banexcoin Bolivia
8946,"18/08/2025 23:30:09, UTC -04:00",Completed,Sell,ElenaMoreno57Max,20149,11.30,149.99,BOB,13.27,0.00,18/08/2025 23:30:20,7363834170,S-001,Banexcoin Bolivia
8947,"18/08/2025 23:51:59, UTC -04:00",Completed,Sell,JoseRubio782024,20065,37.73,500.00,BOB,13.25,0.00,18/08/2025 23:52:39,7363856690,S-001,Banexcoin Bolivia
8956,"19/08/2025 03:05:01, UTC -04:00",Completed,Sell,ElenaMoreno57Max,20149,2.88,37.99,BOB,13.21,0.00,19/08/2025 03:05:14,7363923580,S-001,Banexcoin Bolivia
8957,"19/08/2025 03:33:37, UTC -04:00",Completed,Sell,ElenaMoreno57Max,20149,1.74,22.99,BOB,13.19,0.00,19/08/2025 03:33:51,7363927960,S-001,Banexcoin Bolivia
8958,"19/08/2025 05:12:06, UTC -04:00",Completed,Sell,CristinaSuarez852025,10003,15.12,200.00,BOB,13.23,0.00,19/08/2025 05:12:30,249956860,S-001,Banexcoin Bolivia
8959,"19/08/2025 05:19:59, UTC -04:00",Completed,Sell,CristinaSuarez852025,10003,2.27,30.00,BOB,13.23,0.00,19/08/2025 05:20:14,7363943440,S-001,Banexcoin Bolivia
8960,"19/08/2025 08:48:52, UTC -04:00",Completed,Sell,AndresVega17Pro,10086,33.96,450.00,BOB,13.25,0.00,19/08/2025 08:49:10,7364292100,S-001,Banexcoin Bolivia
8961,"19/08/2025 10:01:02, UTC -04:00",Completed,Sell,AndresVega17Pro,10086,28.35,375.95,BOB,13.26,0.00,19/08/2025 10:01:15,7364608240,S-001,Banexcoin Bolivia
8964,"19/08/2025 10:10:10, UTC -04:00",Completed,Sell,AlbertoSoto78Pro,20184,9.05,120.00,BOB,13.26,0.00,19/08/2025 10:10:32,250020490,S-001,Banexcoin Bolivia
8966,"19/08/2025 10:24:28, UTC -04:00",Completed,Sell,BeatrizHernandez80Co,20201,3.77,50.00,BOB,13.25,0.00,19/08/2025 10:25:06,7364721060,S-001,Banexcoin Bolivia
8967,"19/08/2025 10:47:40, UTC -04:00",Completed,Sell,JoseDiaz37456,20128,0.68,9.00,BOB,13.25,0.00,19/08/2025 10:48:41,7364836900,S-001,Banexcoin Bolivia
8969,"19/08/2025 10:51:22, UTC -04:00",Completed,Sell,JoseDiaz37456,20128,0.68,8.95,BOB,13.25,0.00,19/08/2025 10:51:44,7364852730,S-001,Banexcoin Bolivia
8970,"19/08/2025 10:53:53, UTC -04:00",Completed,Sell,JoseDiaz37456,20128,7.55,100.00,BOB,13.25,0.00,19/08/2025 10:54:12,7364864630,S-001,Banexcoin Bolivia
8973,"19/08/2025 11:19:14, UTC -04:00",Completed,Sell,JoseRubio782024,20065,75.44,"1,000.00",BOB,13.26,0.00,19/08/2025 11:19:49,7364990050,S-001,Banexcoin Bolivia
8975,"19/08/2025 12:34:38, UTC -04:00",Completed,Sell,ElenaMoreno57Max,20149,1.73,22.99,BOB,13.26,0.00,19/08/2025 12:34:48,7365385530,S-001,Banexcoin Bolivia
8976,"19/08/2025 12:35:52, UTC -04:00",Completed,Sell,ElenaMoreno57Max,20149,27.14,359.99,BOB,13.26,0.00,19/08/2025 12:36:04,7365392030,S-001,Banexcoin Bolivia
8977,"19/08/2025 12:36:21, UTC -04:00",Completed,Sell,ElenaMoreno57Max,20149,5.73,75.99,BOB,13.26,0.00,19/08/2025 12:36:34,7365394450,S-001,Banexcoin Bolivia
8978,"19/08/2025 12:36:59, UTC -04:00",Completed,Sell,ElenaMoreno57Max,20149,1.73,22.99,BOB,13.26,0.00,19/08/2025 12:37:10,7365397970,S-001,Banexcoin Bolivia
8979,"19/08/2025 12:44:23, UTC -04:00",Completed,Sell,ElenaMoreno57Max,20149,2.86,37.99,BOB,13.26,0.00,19/08/2025 12:44:45,7365438560,S-001,Banexcoin Bolivia
8980,"19/08/2025 12:47:21, UTC -04:00",Completed,Sell,ElenaMoreno57Max,20149,1.73,22.99,BOB,13.26,0.00,19/08/2025 12:47:33,7365454630,S-001,Banexcoin Bolivia
8981,"19/08/2025 12:48:33, UTC -04:00",Completed,Sell,ElenaMoreno57Max,20149,5.73,75.99,BOB,13.26,0.00,19/08/2025 12:48:47,7365461620,S-001,Banexcoin Bolivia
8982,"19/08/2025 12:54:26, UTC -04:00",Completed,Sell,ElenaMoreno57Max,20149,11.31,149.99,BOB,13.26,0.00,19/08/2025 12:54:41,7365494050,S-001,Banexcoin Bolivia
8983,"19/08/2025 12:57:32, UTC -04:00",Completed,Sell,ElenaMoreno57Max,20149,1.73,22.99,BOB,13.26,0.00,19/08/2025 12:57:45,7365510600,S-001,Banexcoin Bolivia
8984,"19/08/2025 13:00:56, UTC -04:00",Completed,Sell,ElenaMoreno57Max,20149,27.14,359.99,BOB,13.26,0.00,19/08/2025 13:01:08,7365529360,S-001,Banexcoin Bolivia
8985,"19/08/2025 13:02:52, UTC -04:00",Completed,Sell,ElenaMoreno57Max,20149,2.86,37.99,BOB,13.26,0.00,19/08/2025 13:03:06,7365539410,S-001,Banexcoin Bolivia
8986,"19/08/2025 13:07:11, UTC -04:00",Completed,Sell,ElenaCastillo76Pe,20051,9.43,125.00,BOB,13.26,0.00,19/08/2025 13:08:14,7365566460,S-001,Banexcoin Bolivia
8987,"19/08/2025 13:07:49, UTC -04:00",Completed,Sell,ElenaMoreno57Max,20149,1.73,22.99,BOB,13.26,0.00,19/08/2025 13:08:06,7365565660,S-001,Banexcoin Bolivia
8988,"19/08/2025 13:12:24, UTC -04:00",Completed,Sell,ElenaCastillo76Pe,20051,0.57,7.61,BOB,13.26,0.00,19/08/2025 13:12:40,7365589700,S-001,Banexcoin Bolivia
8989,"19/08/2025 13:27:29, UTC -04:00",Completed,Sell,RosaCampos83Ar,20038,3.78,50.00,BOB,13.24,0.00,19/08/2025 13:27:49,7365665320,S-001,Banexcoin Bolivia
8990,"19/08/2025 13:41:07, UTC -04:00",Completed,Sell,ElenaMoreno57Max,20149,5.73,75.99,BOB,13.26,0.00,19/08/2025 13:41:21,7365729370,S-001,Banexcoin Bolivia
8991,"19/08/2025 13:42:32, UTC -04:00",Completed,Sell,ElenaMoreno57Max,20149,5.73,75.99,BOB,13.26,0.00,19/08/2025 13:42:45,7365735590,S-001,Banexcoin Bolivia
8992,"19/08/2025 13:44:21, UTC -04:00",Completed,Sell,ElenaMoreno57Max,20149,1.73,22.99,BOB,13.26,0.00,19/08/2025 13:44:33,7365743380,S-001,Banexcoin Bolivia
8993,"19/08/2025 13:45:32, UTC -04:00",Completed,Sell,MariaFlores93Max,10006,7.16,95.00,BOB,13.26,0.00,19/08/2025 13:45:50,7365748880,S-001,Banexcoin Bolivia
8994,"19/08/2025 14:12:08, UTC -04:00",Completed,Sell,EduardoCruz322025,20005,29.88,396.00,BOB,13.25,0.00,19/08/2025 14:12:25,7365869210,S-001,Banexcoin Bolivia
8995,"19/08/2025 14:21:41, UTC -04:00",Completed,Sell,ElenaMoreno57Max,20149,11.32,149.99,BOB,13.25,0.00,19/08/2025 14:21:53,7365913690,S-001,Banexcoin Bolivia
8996,"19/08/2025 14:38:19, UTC -04:00",Completed,Sell,ElenaMoreno57Max,20149,27.22,359.99,BOB,13.23,0.00,19/08/2025 14:38:34,7365991720,S-001,Banexcoin Bolivia
8997,"19/08/2025 14:43:55, UTC -04:00",Completed,Sell,ElenaMoreno57Max,20149,5.75,75.99,BOB,13.22,0.00,19/08/2025 14:44:08,7366017870,S-001,Banexcoin Bolivia
8998,"19/08/2025 14:44:05, UTC -04:00",Completed,Sell,AlbertoLeon10007,10008,5.67,75.00,BOB,13.22,0.00,19/08/2025 14:44:50,7366021480,S-001,Banexcoin Bolivia
8999,"19/08/2025 14:45:07, UTC -04:00",Completed,Sell,ElenaMoreno57Max,20149,2.87,37.99,BOB,13.22,0.00,19/08/2025 14:45:20,7366024130,S-001,Banexcoin Bolivia
9000,"19/08/2025 14:51:15, UTC -04:00",Completed,Sell,MariaFlores93Max,10006,1.70,22.50,BOB,13.21,0.00,19/08/2025 14:51:31,7366054180,S-001,Banexcoin Bolivia
9001,"19/08/2025 14:53:01, UTC -04:00",Completed,Sell,ElenaMoreno57Max,20149,5.75,75.99,BOB,13.21,0.00,19/08/2025 14:53:15,7366062310,S-001,Banexcoin Bolivia
9002,"19/08/2025 14:59:23, UTC -04:00",Completed,Sell,ElenaMoreno57Max,20149,1.74,22.99,BOB,13.21,0.00,19/08/2025 14:59:41,7366094070,S-001,Banexcoin Bolivia
9003,"19/08/2025 15:07:18, UTC -04:00",Completed,Sell,ElenaMoreno57Max,20149,2.88,37.99,BOB,13.21,0.00,19/08/2025 15:07:31,7366130660,S-001,Banexcoin Bolivia
9004,"19/08/2025 15:07:37, UTC -04:00",Completed,Sell,ElenaMoreno57Max,20149,1.74,22.99,BOB,13.21,0.00,19/08/2025 15:07:49,7366131990,S-001,Banexcoin Bolivia
9005,"19/08/2025 15:08:39, UTC -04:00",Completed,Sell,LuciaHerrera662025,20019,2.01,26.50,BOB,13.21,0.00,19/08/2025 15:09:13,7366138250,S-001,Banexcoin Bolivia
9006,"19/08/2025 15:35:25, UTC -04:00",Completed,Sell,MariaFlores93Max,10006,9.68,128.00,BOB,13.22,0.00,19/08/2025 15:35:41,7366262920,S-001,Banexcoin Bolivia
9007,"19/08/2025 15:45:58, UTC -04:00",Completed,Sell,ElenaMoreno57Max,20149,1.74,22.99,BOB,13.21,0.00,19/08/2025 15:46:11,7366312370,S-001,Banexcoin Bolivia
9010,"19/08/2025 15:46:44, UTC -04:00",Completed,Sell,ElenaMoreno57Max,20149,5.76,75.99,BOB,13.20,0.00,19/08/2025 15:46:57,7366315700,S-001,Banexcoin Bolivia
9011,"19/08/2025 15:47:31, UTC -04:00",Completed,Sell,ElenaMoreno57Max,20149,0.57,7.49,BOB,13.20,0.00,19/08/2025 15:47:43,7366318900,S-001,Banexcoin Bolivia
9012,"19/08/2025 16:12:49, UTC -04:00",Completed,Sell,ElenaMoreno57Max,20149,5.76,75.99,BOB,13.19,0.00,19/08/2025 16:13:16,7366443640,S-001,Banexcoin Bolivia
9013,"19/08/2025 16:13:30, UTC -04:00",Completed,Sell,ElenaMoreno57Max,20149,1.74,22.99,BOB,13.19,0.00,19/08/2025 16:13:56,7366446730,S-001,Banexcoin Bolivia
9014,"19/08/2025 16:14:25, UTC -04:00",Completed,Sell,ElenaMoreno57Max,20149,2.88,37.99,BOB,13.19,0.00,19/08/2025 16:14:40,7366450020,S-001,Banexcoin Bolivia
9019,"19/08/2025 16:32:27, UTC -04:00",Completed,Sell,EnriqueMorales58Co,20031,0.98,13.00,BOB,13.21,0.00,19/08/2025 16:32:47,7366537970,S-001,Banexcoin Bolivia
9020,"19/08/2025 16:57:10, UTC -04:00",Completed,Sell,ElenaMoreno57Max,20149,5.75,75.99,BOB,13.22,0.00,19/08/2025 16:57:26,7366659390,S-001,Banexcoin Bolivia
9022,"19/08/2025 17:06:28, UTC -04:00",Completed,Sell,ElenaMoreno57Max,20149,11.35,149.99,BOB,13.22,0.00,19/08/2025 17:06:43,7366707190,S-001,Banexcoin Bolivia
9026,"19/08/2025 18:10:14, UTC -04:00",Completed,Sell,ElenaMoreno57Max,20149,2.87,37.99,BOB,13.24,0.00,19/08/2025 18:10:25,7367046710,S-001,Banexcoin Bolivia
9029,"19/08/2025 18:21:23, UTC -04:00",Completed,Sell,ElenaMoreno57Max,20149,1.74,22.99,BOB,13.24,0.00,19/08/2025 18:21:38,7367108020,S-001,Banexcoin Bolivia
9032,"19/08/2025 18:27:11, UTC -04:00",Completed,Sell,ElenaMoreno57Max,20149,11.33,149.99,BOB,13.24,0.00,19/08/2025 18:27:24,7367140180,S-001,Banexcoin Bolivia
9033,"19/08/2025 18:27:56, UTC -04:00",Completed,Sell,ElenaMoreno57Max,20149,1.74,22.99,BOB,13.24,0.00,19/08/2025 18:28:08,7367144290,S-001,Banexcoin Bolivia
9034,"19/08/2025 18:28:39, UTC -04:00",Completed,Sell,LuisPerez87Max,20032,1.51,20.00,BOB,13.24,0.00,19/08/2025 18:29:00,7367149480,S-001,Banexcoin Bolivia
9035,"19/08/2025 18:30:49, UTC -04:00",Completed,Sell,ElenaMoreno57Max,20149,1.74,22.99,BOB,13.24,0.00,19/08/2025 18:31:06,7367160230,S-001,Banexcoin Bolivia
9036,"19/08/2025 18:34:48, UTC -04:00",Completed,Sell,ElenaMoreno57Max,20149,27.19,359.99,BOB,13.24,0.00,19/08/2025 18:35:01,7367182780,S-001,Banexcoin Bolivia
9037,"19/08/2025 18:35:08, UTC -04:00",Completed,Sell,ElenaMoreno57Max,20149,11.33,149.99,BOB,13.24,0.00,19/08/2025 18:35:19,7367184330,S-001,Banexcoin Bolivia
9040,"19/08/2025 18:39:26, UTC -04:00",Completed,Sell,ElenaMoreno57Max,20149,2.87,37.99,BOB,13.24,0.00,19/08/2025 18:39:37,7367207490,S-001,Banexcoin Bolivia
9041,"19/08/2025 18:40:14, UTC -04:00",Completed,Sell,ElenaMoreno57Max,20149,1.74,22.99,BOB,13.24,0.00,19/08/2025 18:40:25,7367212000,S-001,Banexcoin Bolivia
9042,"19/08/2025 18:42:00, UTC -04:00",Completed,Sell,ElenaMoreno57Max,20149,11.33,149.99,BOB,13.24,0.00,19/08/2025 18:42:11,7367221500,S-001,Banexcoin Bolivia
9043,"19/08/2025 18:43:17, UTC -04:00",Completed,Sell,ElenaMoreno57Max,20149,2.87,37.99,BOB,13.24,0.00,19/08/2025 18:43:31,7367228710,S-001,Banexcoin Bolivia
9044,"19/08/2025 18:49:55, UTC -04:00",Completed,Sell,ElenaMoreno57Max,20149,5.74,75.99,BOB,13.24,0.00,19/08/2025 18:50:07,7367264090,S-001,Banexcoin Bolivia
9045,"19/08/2025 18:50:27, UTC -04:00",Completed,Sell,ElenaMoreno57Max,20149,5.74,75.99,BOB,13.24,0.00,19/08/2025 18:50:39,7367266850,S-001,Banexcoin Bolivia
9046,"19/08/2025 18:53:16, UTC -04:00",Completed,Sell,ElenaMoreno57Max,20149,5.74,75.99,BOB,13.24,0.00,19/08/2025 18:53:27,7367282690,S-001,Banexcoin Bolivia
9047,"19/08/2025 18:54:51, UTC -04:00",Completed,Sell,ElenaMoreno57Max,20149,1.74,22.99,BOB,13.24,0.00,19/08/2025 18:55:03,7367291020,S-001,Banexcoin Bolivia
9048,"19/08/2025 18:55:30, UTC -04:00",Completed,Sell,ElenaMoreno57Max,20149,11.33,149.99,BOB,13.24,0.00,19/08/2025 18:55:39,7367294620,S-001,Banexcoin Bolivia
9049,"19/08/2025 18:56:53, UTC -04:00",Completed,Sell,ElenaMoreno57Max,20149,11.33,149.99,BOB,13.24,0.00,19/08/2025 18:57:08,7367302780,S-001,Banexcoin Bolivia
9052,"19/08/2025 19:03:59, UTC -04:00",Completed,Sell,EduardoCruz322025,20005,139.59,"1,848.00",BOB,13.24,0.00,19/08/2025 19:04:20,7367342710,S-001,Banexcoin Bolivia
9053,"19/08/2025 19:09:03, UTC -04:00",Completed,Sell,ElenaMoreno57Max,20149,5.74,75.99,BOB,13.24,0.00,19/08/2025 19:09:16,7367369560,S-001,Banexcoin Bolivia
9054,"19/08/2025 19:20:06, UTC -04:00",Completed,Sell,MariaFlores93Max,10006,1.59,21.00,BOB,13.24,0.00,19/08/2025 19:20:21,7367427590,S-001,Banexcoin Bolivia
9055,"19/08/2025 19:20:38, UTC -04:00",Completed,Sell,ElenaMoreno57Max,20149,5.74,75.99,BOB,13.24,0.00,19/08/2025 19:20:49,7367430300,S-001,Banexcoin Bolivia
9056,"19/08/2025 19:28:28, UTC -04:00",Completed,Sell,CarolinaRuiz352024,20098,0.38,5.00,BOB,13.24,0.00,19/08/2025 19:29:03,7367473790,S-001,Banexcoin Bolivia
9069,"19/08/2025 19:54:27, UTC -04:00",Completed,Sell,ElenaMoreno57Max,20149,2.87,37.99,BOB,13.24,0.00,19/08/2025 19:54:56,7367605980,S-001,Banexcoin Bolivia
9071,"19/08/2025 20:07:32, UTC -04:00",Completed,Sell,RosaGutierrez20Co,20147,2.26,30.00,BOB,13.25,0.00,19/08/2025 20:07:47,7367669930,S-001,Banexcoin Bolivia
9075,"19/08/2025 20:18:46, UTC -04:00",Completed,Sell,EduardoCruz322025,20005,98.93,"1,310.00",BOB,13.24,0.00,19/08/2025 20:19:03,7367724120,S-001,Banexcoin Bolivia
9079,"19/08/2025 20:40:06, UTC -04:00",Completed,Sell,ElenaMoreno57Max,20149,2.87,37.99,BOB,13.24,0.00,19/08/2025 20:40:18,7367819580,S-001,Banexcoin Bolivia
9080,"19/08/2025 20:40:52, UTC -04:00",Completed,Sell,ElenaMoreno57Max,20149,1.74,22.99,BOB,13.24,0.00,19/08/2025 20:41:04,7367822960,S-001,Banexcoin Bolivia
9081,"19/08/2025 20:41:20, UTC -04:00",Completed,Sell,ElenaMoreno57Max,20149,5.74,75.99,BOB,13.24,0.00,19/08/2025 20:41:34,7367825080,S-001,Banexcoin Bolivia
9082,"19/08/2025 20:42:00, UTC -04:00",Completed,Sell,ElenaMoreno57Max,20149,1.74,22.99,BOB,13.24,0.00,19/08/2025 20:42:12,7367827700,S-001,Banexcoin Bolivia
9083,"19/08/2025 20:43:05, UTC -04:00",Completed,Sell,ElenaMoreno57Max,20149,5.74,75.99,BOB,13.24,0.00,19/08/2025 20:43:16,7367832230,S-001,Banexcoin Bolivia
9084,"19/08/2025 20:44:05, UTC -04:00",Completed,Sell,ElenaMoreno57Max,20149,1.74,22.99,BOB,13.24,0.00,19/08/2025 20:44:18,7367836800,S-001,Banexcoin Bolivia
9085,"19/08/2025 20:44:51, UTC -04:00",Completed,Sell,ElenaMoreno57Max,20149,1.74,22.99,BOB,13.24,0.00,19/08/2025 20:45:02,7367839950,S-001,Banexcoin Bolivia
9086,"19/08/2025 20:47:33, UTC -04:00",Completed,Sell,ElenaMoreno57Max,20149,5.74,75.99,BOB,13.24,0.00,19/08/2025 20:47:47,7367851700,S-001,Banexcoin Bolivia
9087,"19/08/2025 20:47:55, UTC -04:00",Completed,Sell,ElenaMoreno57Max,20149,2.87,37.99,BOB,13.24,0.00,19/08/2025 20:48:13,7367853730,S-001,Banexcoin Bolivia
9088,"19/08/2025 20:49:01, UTC -04:00",Completed,Sell,ElenaMoreno57Max,20149,27.19,359.99,BOB,13.24,0.00,19/08/2025 20:49:11,7367857530,S-001,Banexcoin Bolivia
9089,"19/08/2025 20:53:37, UTC -04:00",Completed,Sell,ElenaMoreno57Max,20149,2.87,37.99,BOB,13.24,0.00,19/08/2025 20:53:49,7367877190,S-001,Banexcoin Bolivia
9096,"19/08/2025 20:55:38, UTC -04:00",Completed,Sell,ElenaMoreno57Max,20149,5.74,75.99,BOB,13.24,0.00,19/08/2025 20:55:49,7367884830,S-001,Banexcoin Bolivia
9102,"19/08/2025 20:56:56, UTC -04:00",Completed,Sell,ElenaMoreno57Max,20149,1.74,22.99,BOB,13.24,0.00,19/08/2025 20:57:09,7367890200,S-001,Banexcoin Bolivia
9103,"19/08/2025 20:57:32, UTC -04:00",Completed,Sell,ElenaMoreno57Max,20149,1.74,22.99,BOB,13.24,0.00,19/08/2025 20:57:51,7367892970,S-001,Banexcoin Bolivia
9104,"19/08/2025 20:59:21, UTC -04:00",Completed,Sell,ElenaMoreno57Max,20149,5.74,75.99,BOB,13.24,0.00,19/08/2025 20:59:33,7367899970,S-001,Banexcoin Bolivia
9105,"19/08/2025 20:59:49, UTC -04:00",Completed,Sell,ElenaMoreno57Max,20149,2.87,37.99,BOB,13.24,0.00,19/08/2025 21:00:01,7367901960,S-001,Banexcoin Bolivia
9106,"19/08/2025 21:02:10, UTC -04:00",Completed,Sell,ElenaMoreno57Max,20149,2.87,37.99,BOB,13.23,0.00,19/08/2025 21:02:21,7367910700,S-001,Banexcoin Bolivia
9107,"19/08/2025 21:04:38, UTC -04:00",Completed,Sell,ElenaMoreno57Max,20149,5.74,75.99,BOB,13.23,0.00,19/08/2025 21:04:51,7367920270,S-001,Banexcoin Bolivia
9108,"19/08/2025 21:07:53, UTC -04:00",Completed,Sell,ElenaMoreno57Max,20149,2.87,37.99,BOB,13.24,0.00,19/08/2025 21:08:06,7367932530,S-001,Banexcoin Bolivia
9109,"19/08/2025 21:11:02, UTC -04:00",Completed,Sell,ElenaMoreno57Max,20149,1.74,22.99,BOB,13.24,0.00,19/08/2025 21:11:18,7367943770,S-001,Banexcoin Bolivia
9111,"19/08/2025 21:27:31, UTC -04:00",Completed,Sell,AndresVega17Pro,10086,6.95,92.00,BOB,13.23,0.00,19/08/2025 21:27:44,7368002700,S-001,Banexcoin Bolivia
9115,"19/08/2025 21:32:04, UTC -04:00",Completed,Sell,ElenaMoreno57Max,20149,5.74,75.99,BOB,13.24,0.00,19/08/2025 21:32:17,7368018970,S-001,Banexcoin Bolivia
9124,"19/08/2025 22:15:11, UTC -04:00",Completed,Sell,ElenaMoreno57Max,20149,5.74,75.99,BOB,13.24,0.00,19/08/2025 22:15:25,7368153470,S-001,Banexcoin Bolivia
9126,"19/08/2025 22:25:59, UTC -04:00",Completed,Sell,AnaHernandez692024,20134,1.51,20.00,BOB,13.23,0.00,19/08/2025 22:26:49,7368183130,S-001,Banexcoin Bolivia
9127,"19/08/2025 22:37:30, UTC -04:00",Completed,Sell,ElenaMoreno57Max,20149,1.74,22.99,BOB,13.22,0.00,19/08/2025 22:37:40,7368210670,S-001,Banexcoin Bolivia
9128,"19/08/2025 22:46:27, UTC -04:00",Completed,Sell,ElenaMoreno57Max,20149,11.35,149.99,BOB,13.22,0.00,19/08/2025 22:46:38,7368232480,S-001,Banexcoin Bolivia
9132,"19/08/2025 22:58:08, UTC -04:00",Completed,Sell,ElenaMoreno57Max,20149,2.87,37.99,BOB,13.22,0.00,19/08/2025 22:58:18,7368258080,S-001,Banexcoin Bolivia
9133,"19/08/2025 23:12:54, UTC -04:00",Completed,Sell,ElenaMoreno57Max,20149,2.87,37.99,BOB,13.22,0.00,19/08/2025 23:13:15,7368286560,S-001,Banexcoin Bolivia
9134,"19/08/2025 23:24:36, UTC -04:00",Completed,Sell,MariaFlores93Max,10006,0.73,9.70,BOB,13.21,0.00,19/08/2025 23:24:58,7368305410,S-001,Banexcoin Bolivia
9137,"20/08/2025 00:25:34, UTC -04:00",Completed,Sell,ElenaMoreno57Max,20149,5.78,75.99,BOB,13.15,0.00,20/08/2025 00:25:46,7368362660,S-001,Banexcoin Bolivia
9138,"20/08/2025 00:27:14, UTC -04:00",Completed,Sell,ElenaMoreno57Max,20149,11.39,149.99,BOB,13.17,0.00,20/08/2025 00:27:26,7368363940,S-001,Banexcoin Bolivia
9139,"20/08/2025 00:28:41, UTC -04:00",Completed,Sell,ElenaMoreno57Max,20149,5.77,75.99,BOB,13.17,0.00,20/08/2025 00:28:54,7368365130,S-001,Banexcoin Bolivia
9140,"20/08/2025 00:29:35, UTC -04:00",Completed,Sell,ElenaMoreno57Max,20149,2.88,37.99,BOB,13.17,0.00,20/08/2025 00:29:49,7368365580,S-001,Banexcoin Bolivia
9141,"20/08/2025 00:30:40, UTC -04:00",Completed,Sell,ElenaMoreno57Max,20149,1.75,22.99,BOB,13.17,0.00,20/08/2025 00:30:53,7368366310,S-001,Banexcoin Bolivia
9142,"20/08/2025 00:31:28, UTC -04:00",Completed,Sell,ElenaMoreno57Max,20149,11.39,149.99,BOB,13.17,0.00,20/08/2025 00:31:41,7368366900,S-001,Banexcoin Bolivia
9143,"20/08/2025 00:32:22, UTC -04:00",Completed,Sell,ElenaMoreno57Max,20149,1.75,22.99,BOB,13.17,0.00,20/08/2025 00:32:35,7368367440,S-001,Banexcoin Bolivia
9144,"20/08/2025 00:33:12, UTC -04:00",Completed,Sell,ElenaMoreno57Max,20149,27.33,359.99,BOB,13.17,0.00,20/08/2025 00:33:25,7368368000,S-001,Banexcoin Bolivia
9147,"20/08/2025 00:34:35, UTC -04:00",Completed,Sell,ElenaMoreno57Max,20149,5.77,75.99,BOB,13.17,0.00,20/08/2025 00:34:47,7368368870,S-001,Banexcoin Bolivia
9148,"20/08/2025 00:35:07, UTC -04:00",Completed,Sell,ElenaMoreno57Max,20149,2.88,37.99,BOB,13.17,0.00,20/08/2025 00:35:45,7368369530,S-001,Banexcoin Bolivia
9149,"20/08/2025 00:37:16, UTC -04:00",Completed,Sell,ElenaMoreno57Max,20149,5.77,75.99,BOB,13.17,0.00,20/08/2025 00:37:29,7368370580,S-001,Banexcoin Bolivia
9150,"20/08/2025 01:44:48, UTC -04:00",Completed,Sell,ElenaMoreno57Max,20149,27.39,359.99,BOB,13.14,0.00,20/08/2025 01:45:02,7368397770,S-001,Banexcoin Bolivia
9151,"20/08/2025 01:45:23, UTC -04:00",Completed,Sell,ElenaMoreno57Max,20149,27.39,359.99,BOB,13.14,0.00,20/08/2025 01:45:42,7368398030,S-001,Banexcoin Bolivia
9152,"20/08/2025 01:48:43, UTC -04:00",Completed,Sell,ElenaMoreno57Max,20149,1.75,22.99,BOB,13.14,0.00,20/08/2025 01:48:56,7368399140,S-001,Banexcoin Bolivia
9153,"20/08/2025 02:14:26, UTC -04:00",Completed,Sell,ElenaMoreno57Max,20149,27.59,359.99,BOB,13.05,0.00,20/08/2025 02:14:39,7368405250,S-001,Banexcoin Bolivia
9155,"20/08/2025 06:26:37, UTC -04:00",Completed,Sell,LauraLopez98123,20181,3.03,40.00,BOB,13.19,0.00,20/08/2025 06:26:51,250328140,S-001,Banexcoin Bolivia
9156,"20/08/2025 06:35:29, UTC -04:00",Completed,Sell,EduardoCruz322025,20005,37.92,500.00,BOB,13.19,0.00,20/08/2025 06:35:45,7368472590,S-001,Banexcoin Bolivia
9167,"20/08/2025 08:50:22, UTC -04:00",Completed,Sell,ElenaJimenez22Pro,20116,0.98,13.00,BOB,13.22,0.00,20/08/2025 08:50:36,7368787440,S-001,Banexcoin Bolivia
9173,"20/08/2025 09:36:45, UTC -04:00",Completed,Sell,CristinaSuarez852025,10003,0.76,10.00,BOB,13.22,0.00,20/08/2025 09:37:22,7368988200,S-001,Banexcoin Bolivia
9175,"20/08/2025 09:54:18, UTC -04:00",Completed,Sell,AndresVega17Pro,10086,34.02,450.00,BOB,13.23,0.00,20/08/2025 09:54:29,250383390,S-001,Banexcoin Bolivia
9186,"20/08/2025 10:45:00, UTC -04:00",Completed,Sell,LauraLopez98123,20181,2.27,30.00,BOB,13.22,0.00,20/08/2025 10:45:13,7369314750,S-001,Banexcoin Bolivia
9195,"20/08/2025 12:11:46, UTC -04:00",Completed,Sell,LauraLopez98123,20181,4.32,57.00,BOB,13.18,0.00,20/08/2025 12:11:59,7369761790,S-001,Banexcoin Bolivia
9199,"20/08/2025 12:15:57, UTC -04:00",Completed,Sell,AlbertoLeon10007,10008,0.08,1.00,BOB,13.18,0.00,20/08/2025 12:16:47,250442780,S-001,Banexcoin Bolivia
9205,"20/08/2025 12:24:47, UTC -04:00",Completed,Sell,ElenaMoreno57Max,20149,2.89,37.99,BOB,13.16,0.00,20/08/2025 12:25:06,7369838040,S-001,Banexcoin Bolivia
9206,"20/08/2025 12:26:11, UTC -04:00",Completed,Sell,ElenaMoreno57Max,20149,5.78,75.99,BOB,13.16,0.00,20/08/2025 12:26:26,7369845830,S-001,Banexcoin Bolivia
9207,"20/08/2025 12:27:10, UTC -04:00",Completed,Sell,ElenaMoreno57Max,20149,27.36,359.99,BOB,13.16,0.00,20/08/2025 12:27:24,7369851370,S-001,Banexcoin Bolivia
9208,"20/08/2025 12:28:11, UTC -04:00",Completed,Sell,ElenaMoreno57Max,20149,2.89,37.99,BOB,13.15,0.00,20/08/2025 12:28:22,7369856570,S-001,Banexcoin Bolivia
9209,"20/08/2025 12:30:37, UTC -04:00",Completed,Sell,ElenaMoreno57Max,20149,5.78,75.99,BOB,13.15,0.00,20/08/2025 12:30:50,7369870830,S-001,Banexcoin Bolivia
9210,"20/08/2025 12:31:43, UTC -04:00",Completed,Sell,ElenaMoreno57Max,20149,11.41,149.99,BOB,13.15,0.00,20/08/2025 12:31:56,7369877520,S-001,Banexcoin Bolivia
9211,"20/08/2025 12:34:22, UTC -04:00",Completed,Sell,ElenaMoreno57Max,20149,2.89,37.99,BOB,13.14,0.00,20/08/2025 12:34:34,7369892580,S-001,Banexcoin Bolivia
9214,"20/08/2025 12:38:45, UTC -04:00",Completed,Sell,ElenaMoreno57Max,20149,27.40,359.99,BOB,13.14,0.00,20/08/2025 12:38:58,7369918870,S-001,Banexcoin Bolivia
9218,"20/08/2025 12:39:47, UTC -04:00",Completed,Sell,ElenaMoreno57Max,20149,1.75,22.99,BOB,13.13,0.00,20/08/2025 12:40:00,7369925330,S-001,Banexcoin Bolivia
9219,"20/08/2025 12:40:17, UTC -04:00",Completed,Sell,ElenaMoreno57Max,20149,11.42,149.99,BOB,13.13,0.00,20/08/2025 12:40:26,7369928030,S-001,Banexcoin Bolivia
9220,"20/08/2025 12:41:05, UTC -04:00",Completed,Sell,ElenaMoreno57Max,20149,5.79,75.99,BOB,13.13,0.00,20/08/2025 12:41:20,7369933410,S-001,Banexcoin Bolivia
9222,"20/08/2025 12:44:21, UTC -04:00",Completed,Sell,ElenaMoreno57Max,20149,1.75,22.99,BOB,13.14,0.00,20/08/2025 12:44:35,7369951910,S-001,Banexcoin Bolivia
9223,"20/08/2025 12:46:57, UTC -04:00",Completed,Sell,ElenaMoreno57Max,20149,1.75,22.99,BOB,13.14,0.00,20/08/2025 12:47:07,7369967070,S-001,Banexcoin Bolivia
9224,"20/08/2025 12:48:43, UTC -04:00",Completed,Sell,ElenaMoreno57Max,20149,1.75,22.99,BOB,13.14,0.00,20/08/2025 12:48:55,7369976900,S-001,Banexcoin Bolivia
9225,"20/08/2025 12:51:55, UTC -04:00",Completed,Sell,GloriaDelgado30Pe,20135,5.33,70.00,BOB,13.14,0.00,20/08/2025 12:52:11,250459230,S-001,Banexcoin Bolivia
9226,"20/08/2025 12:51:55, UTC -04:00",Completed,Sell,ElenaMoreno57Max,20149,11.41,149.99,BOB,13.14,0.00,20/08/2025 12:52:09,7369995040,S-001,Banexcoin Bolivia
9227,"20/08/2025 12:54:03, UTC -04:00",Completed,Sell,ElenaMoreno57Max,20149,1.75,22.99,BOB,13.14,0.00,20/08/2025 12:54:17,7370007020,S-001,Banexcoin Bolivia
9229,"20/08/2025 12:55:19, UTC -04:00",Completed,Sell,ElenaMoreno57Max,20149,1.75,22.99,BOB,13.14,0.00,20/08/2025 12:55:31,7370014080,S-001,Banexcoin Bolivia
9230,"20/08/2025 12:56:03, UTC -04:00",Completed,Sell,ElenaMoreno57Max,20149,1.75,22.99,BOB,13.14,0.00,20/08/2025 12:56:17,7370018640,S-001,Banexcoin Bolivia
9231,"20/08/2025 12:56:43, UTC -04:00",Completed,Sell,ElenaMoreno57Max,20149,2.89,37.99,BOB,13.14,0.00,20/08/2025 12:56:53,7370021900,S-001,Banexcoin Bolivia
9232,"20/08/2025 12:57:26, UTC -04:00",Completed,Sell,ElenaMoreno57Max,20149,27.39,359.99,BOB,13.14,0.00,20/08/2025 12:57:39,7370026180,S-001,Banexcoin Bolivia
9233,"20/08/2025 12:59:13, UTC -04:00",Completed,Sell,ElenaMoreno57Max,20149,1.75,22.99,BOB,13.15,0.00,20/08/2025 12:59:25,7370035100,S-001,Banexcoin Bolivia
9234,"20/08/2025 13:00:45, UTC -04:00",Completed,Sell,ElenaMoreno57Max,20149,11.41,149.99,BOB,13.15,0.00,20/08/2025 13:00:57,7370043200,S-001,Banexcoin Bolivia
9235,"20/08/2025 13:01:24, UTC -04:00",Completed,Sell,ElenaMoreno57Max,20149,11.41,149.99,BOB,13.15,0.00,20/08/2025 13:01:37,7370047040,S-001,Banexcoin Bolivia
9238,"20/08/2025 13:07:41, UTC -04:00",Completed,Sell,ElenaMoreno57Max,20149,5.77,75.99,BOB,13.16,0.00,20/08/2025 13:07:56,7370081190,S-001,Banexcoin Bolivia
9239,"20/08/2025 13:09:43, UTC -04:00",Completed,Sell,ElenaMoreno57Max,20149,1.75,22.99,BOB,13.16,0.00,20/08/2025 13:10:22,7370093010,S-001,Banexcoin Bolivia
9240,"20/08/2025 13:10:46, UTC -04:00",Completed,Sell,ElenaMoreno57Max,20149,5.77,75.99,BOB,13.16,0.00,20/08/2025 13:10:58,7370097110,S-001,Banexcoin Bolivia
9241,"20/08/2025 13:12:24, UTC -04:00",Completed,Sell,ElenaMoreno57Max,20149,11.40,149.99,BOB,13.16,0.00,20/08/2025 13:12:38,7370105980,S-001,Banexcoin Bolivia
9242,"20/08/2025 13:14:14, UTC -04:00",Completed,Sell,ElenaMoreno57Max,20149,5.78,75.99,BOB,13.15,0.00,20/08/2025 13:14:34,7370116270,S-001,Banexcoin Bolivia
9246,"20/08/2025 13:20:59, UTC -04:00",Completed,Sell,ElenaMoreno57Max,20149,2.89,37.99,BOB,13.14,0.00,20/08/2025 13:21:10,7370150010,S-001,Banexcoin Bolivia
9247,"20/08/2025 13:23:28, UTC -04:00",Completed,Sell,ElenaMoreno57Max,20149,2.89,37.99,BOB,13.14,0.00,20/08/2025 13:23:40,7370162780,S-001,Banexcoin Bolivia
9249,"20/08/2025 13:24:46, UTC -04:00",Completed,Sell,ElenaMoreno57Max,20149,27.38,359.99,BOB,13.15,0.00,20/08/2025 13:25:00,7370169510,S-001,Banexcoin Bolivia
9250,"20/08/2025 13:26:43, UTC -04:00",Completed,Sell,ElenaMoreno57Max,20149,2.89,37.99,BOB,13.14,0.00,20/08/2025 13:26:56,7370179330,S-001,Banexcoin Bolivia
9251,"20/08/2025 13:28:01, UTC -04:00",Completed,Sell,ElenaMoreno57Max,20149,2.89,37.99,BOB,13.14,0.00,20/08/2025 13:28:14,7370185920,S-001,Banexcoin Bolivia
9252,"20/08/2025 13:31:01, UTC -04:00",Completed,Sell,ElenaMoreno57Max,20149,2.89,37.99,BOB,13.14,0.00,20/08/2025 13:31:15,7370200990,S-001,Banexcoin Bolivia
9253,"20/08/2025 13:31:32, UTC -04:00",Completed,Sell,ElenaMoreno57Max,20149,2.89,37.99,BOB,13.14,0.00,20/08/2025 13:31:47,7370203660,S-001,Banexcoin Bolivia
9254,"20/08/2025 13:32:45, UTC -04:00",Completed,Sell,ElenaMoreno57Max,20149,2.89,37.99,BOB,13.14,0.00,20/08/2025 13:32:57,7370209540,S-001,Banexcoin Bolivia
9255,"20/08/2025 13:34:43, UTC -04:00",Completed,Sell,ElenaMoreno57Max,20149,11.43,149.99,BOB,13.12,0.00,20/08/2025 13:34:59,7370219270,S-001,Banexcoin Bolivia
9256,"20/08/2025 13:39:02, UTC -04:00",Completed,Sell,ElenaMoreno57Max,20149,27.43,359.99,BOB,13.12,0.00,20/08/2025 13:39:13,7370239100,S-001,Banexcoin Bolivia
9258,"20/08/2025 15:07:15, UTC -04:00",Completed,Sell,ElenaMoreno57Max,20149,5.80,75.99,BOB,13.11,0.00,20/08/2025 15:07:27,7370657310,S-001,Banexcoin Bolivia
9260,"20/08/2025 15:08:35, UTC -04:00",Completed,Sell,ElenaMoreno57Max,20149,1.75,22.99,BOB,13.11,0.00,20/08/2025 15:08:47,7370663970,S-001,Banexcoin Bolivia
9262,"20/08/2025 15:09:53, UTC -04:00",Completed,Sell,ElenaMoreno57Max,20149,2.90,37.99,BOB,13.11,0.00,20/08/2025 15:10:05,7370670590,S-001,Banexcoin Bolivia
9263,"20/08/2025 15:11:22, UTC -04:00",Completed,Sell,ElenaMoreno57Max,20149,5.80,75.99,BOB,13.11,0.00,20/08/2025 15:11:35,7370677880,S-001,Banexcoin Bolivia
9264,"20/08/2025 15:12:27, UTC -04:00",Completed,Sell,ElenaMoreno57Max,20149,1.75,22.99,BOB,13.11,0.00,20/08/2025 15:12:39,7370683240,S-001,Banexcoin Bolivia
9265,"20/08/2025 15:14:00, UTC -04:00",Completed,Sell,ElenaMoreno57Max,20149,5.79,75.99,BOB,13.12,0.00,20/08/2025 15:14:11,7370691050,S-001,Banexcoin Bolivia
9266,"20/08/2025 15:15:16, UTC -04:00",Completed,Sell,LauraLopez98123,20181,3.85,50.50,BOB,13.12,0.00,20/08/2025 15:15:34,7370697770,S-001,Banexcoin Bolivia
9267,"20/08/2025 15:21:47, UTC -04:00",Completed,Sell,ElenaMoreno57Max,20149,2.90,37.99,BOB,13.12,0.00,20/08/2025 15:22:30,7370732030,S-001,Banexcoin Bolivia
9268,"20/08/2025 15:26:44, UTC -04:00",Completed,Sell,ElenaMoreno57Max,20149,5.79,75.99,BOB,13.13,0.00,20/08/2025 15:26:56,7370754020,S-001,Banexcoin Bolivia
9269,"20/08/2025 15:28:37, UTC -04:00",Completed,Sell,ElenaMoreno57Max,20149,1.75,22.99,BOB,13.13,0.00,20/08/2025 15:28:52,7370764590,S-001,Banexcoin Bolivia
9270,"20/08/2025 15:31:11, UTC -04:00",Completed,Sell,ElenaMoreno57Max,20149,1.75,22.99,BOB,13.13,0.00,20/08/2025 15:31:24,7370776890,S-001,Banexcoin Bolivia
9271,"20/08/2025 15:31:32, UTC -04:00",Completed,Sell,ElenaMoreno57Max,20149,1.75,22.99,BOB,13.13,0.00,20/08/2025 15:31:44,7370778490,S-001,Banexcoin Bolivia
9272,"20/08/2025 15:32:10, UTC -04:00",Completed,Sell,ElenaMoreno57Max,20149,1.75,22.99,BOB,13.14,0.00,20/08/2025 15:32:22,7370781880,S-001,Banexcoin Bolivia
9273,"20/08/2025 15:33:57, UTC -04:00",Completed,Sell,ElenaMoreno57Max,20149,2.89,37.99,BOB,13.13,0.00,20/08/2025 15:34:10,7370790030,S-001,Banexcoin Bolivia
9274,"20/08/2025 15:36:24, UTC -04:00",Completed,Sell,CristinaSuarez852025,10003,8.75,115.00,BOB,13.15,0.00,20/08/2025 15:36:42,7370802200,S-001,Banexcoin Bolivia
9275,"20/08/2025 15:36:52, UTC -04:00",Completed,Sell,ElenaMoreno57Max,20149,11.41,149.99,BOB,13.15,0.00,20/08/2025 15:37:05,7370803760,S-001,Banexcoin Bolivia
9276,"20/08/2025 15:37:33, UTC -04:00",Completed,Sell,ElenaMoreno57Max,20149,1.75,22.99,BOB,13.15,0.00,20/08/2025 15:37:47,7370806950,S-001,Banexcoin Bolivia
9277,"20/08/2025 15:39:22, UTC -04:00",Completed,Sell,ElenaMoreno57Max,20149,5.78,75.99,BOB,13.14,0.00,20/08/2025 15:39:35,7370815110,S-001,Banexcoin Bolivia
9278,"20/08/2025 15:40:25, UTC -04:00",Completed,Sell,ElenaMoreno57Max,20149,1.75,22.99,BOB,13.14,0.00,20/08/2025 15:40:39,7370820100,S-001,Banexcoin Bolivia
9279,"20/08/2025 15:41:12, UTC -04:00",Completed,Sell,ElenaMoreno57Max,20149,1.75,22.99,BOB,13.14,0.00,20/08/2025 15:41:23,7370823670,S-001,Banexcoin Bolivia
9280,"20/08/2025 15:43:18, UTC -04:00",Completed,Sell,ElenaMoreno57Max,20149,5.78,75.99,BOB,13.14,0.00,20/08/2025 15:43:31,7370833690,S-001,Banexcoin Bolivia
9281,"20/08/2025 15:43:57, UTC -04:00",Completed,Sell,ElenaMoreno57Max,20149,5.78,75.99,BOB,13.14,0.00,20/08/2025 15:44:09,7370836600,S-001,Banexcoin Bolivia
9282,"20/08/2025 15:45:34, UTC -04:00",Completed,Sell,ElenaMoreno57Max,20149,1.75,22.99,BOB,13.13,0.00,20/08/2025 15:45:47,7370844080,S-001,Banexcoin Bolivia
9283,"20/08/2025 16:11:16, UTC -04:00",Completed,Sell,CristinaSuarez852025,10003,16.05,211.50,BOB,13.18,0.00,20/08/2025 16:11:34,7370974550,S-001,Banexcoin Bolivia
9284,"20/08/2025 16:21:28, UTC -04:00",Completed,Sell,ElenaMoreno57Max,20149,5.76,75.99,BOB,13.19,0.00,20/08/2025 16:21:39,7371025180,S-001,Banexcoin Bolivia
9285,"20/08/2025 16:23:00, UTC -04:00",Completed,Sell,ElenaMoreno57Max,20149,1.74,22.99,BOB,13.18,0.00,20/08/2025 16:23:13,7371032580,S-001,Banexcoin Bolivia
9286,"20/08/2025 16:29:53, UTC -04:00",Completed,Sell,ElenaMoreno57Max,20149,2.88,37.99,BOB,13.18,0.00,20/08/2025 16:30:07,7371065570,S-001,Banexcoin Bolivia
9287,"20/08/2025 16:30:45, UTC -04:00",Completed,Sell,ElenaMoreno57Max,20149,2.88,37.99,BOB,13.18,0.00,20/08/2025 16:30:57,7371070810,S-001,Banexcoin Bolivia
9298,"20/08/2025 18:25:56, UTC -04:00",Completed,Sell,ElenaMoreno57Max,20149,2.88,37.99,BOB,13.20,0.00,20/08/2025 18:26:10,7371704340,S-001,Banexcoin Bolivia
9299,"20/08/2025 18:26:47, UTC -04:00",Completed,Sell,ElenaMoreno57Max,20149,2.88,37.99,BOB,13.20,0.00,20/08/2025 18:26:59,7371708980,S-001,Banexcoin Bolivia
9301,"20/08/2025 18:27:15, UTC -04:00",Completed,Sell,ElenaMoreno57Max,20149,5.76,75.99,BOB,13.20,0.00,20/08/2025 18:27:27,7371711650,S-001,Banexcoin Bolivia
9302,"20/08/2025 18:30:05, UTC -04:00",Completed,Sell,ElenaMoreno57Max,20149,5.76,75.99,BOB,13.20,0.00,20/08/2025 18:30:19,7371727660,S-001,Banexcoin Bolivia
9303,"20/08/2025 18:39:58, UTC -04:00",Completed,Sell,ElenaMoreno57Max,20149,2.88,37.99,BOB,13.20,0.00,20/08/2025 18:40:11,7371781880,S-001,Banexcoin Bolivia
9304,"20/08/2025 18:40:41, UTC -04:00",Completed,Sell,ElenaMoreno57Max,20149,5.76,75.99,BOB,13.20,0.00,20/08/2025 18:40:55,7371786530,S-001,Banexcoin Bolivia
9307,"20/08/2025 19:10:59, UTC -04:00",Completed,Sell,RosaMoreno87Mx,10005,64.96,858.00,BOB,13.21,0.00,20/08/2025 19:11:23,7371957610,S-001,Banexcoin Bolivia
9308,"20/08/2025 19:11:25, UTC -04:00",Completed,Sell,ElenaMoreno57Max,20149,27.26,359.99,BOB,13.21,0.00,20/08/2025 19:11:39,7371958990,S-001,Banexcoin Bolivia
9309,"20/08/2025 19:21:08, UTC -04:00",Completed,Sell,ElenaMoreno57Max,20149,1.74,22.99,BOB,13.21,0.00,20/08/2025 19:21:21,7372011200,S-001,Banexcoin Bolivia
9310,"20/08/2025 19:24:04, UTC -04:00",Completed,Sell,ElenaMoreno57Max,20149,2.88,37.99,BOB,13.21,0.00,20/08/2025 19:24:17,7372026960,S-001,Banexcoin Bolivia
9311,"20/08/2025 19:31:09, UTC -04:00",Completed,Sell,ElenaMoreno57Max,20149,5.76,75.99,BOB,13.20,0.00,20/08/2025 19:31:21,7372064320,S-001,Banexcoin Bolivia
9312,"20/08/2025 19:33:00, UTC -04:00",Completed,Sell,ElenaMoreno57Max,20149,11.35,149.99,BOB,13.21,0.00,20/08/2025 19:33:11,7372074280,S-001,Banexcoin Bolivia
9315,"20/08/2025 19:43:40, UTC -04:00",Completed,Sell,ElenaMoreno57Max,20149,2.88,37.99,BOB,13.21,0.00,20/08/2025 19:43:52,7372130650,S-001,Banexcoin Bolivia
9316,"20/08/2025 19:44:40, UTC -04:00",Completed,Sell,ElenaMoreno57Max,20149,11.36,149.99,BOB,13.21,0.00,20/08/2025 19:44:52,7372135680,S-001,Banexcoin Bolivia
9317,"20/08/2025 19:48:15, UTC -04:00",Completed,Sell,GloriaDelgado30Pe,20135,3.26,43.00,BOB,13.21,0.00,20/08/2025 19:48:30,7372154780,S-001,Banexcoin Bolivia
9318,"20/08/2025 19:49:08, UTC -04:00",Completed,Sell,ElenaMoreno57Max,20149,1.74,22.99,BOB,13.21,0.00,20/08/2025 19:49:20,7372158980,S-001,Banexcoin Bolivia
9320,"20/08/2025 19:53:27, UTC -04:00",Completed,Sell,GloriaDelgado30Pe,20135,5.00,66.00,BOB,13.21,0.00,20/08/2025 19:53:44,7372180840,S-001,Banexcoin Bolivia
9321,"20/08/2025 19:54:24, UTC -04:00",Completed,Sell,ElenaMoreno57Max,20149,11.36,149.99,BOB,13.21,0.00,20/08/2025 19:54:36,7372185420,S-001,Banexcoin Bolivia
9322,"20/08/2025 19:56:05, UTC -04:00",Completed,Sell,ElenaMoreno57Max,20149,1.74,22.99,BOB,13.21,0.00,20/08/2025 19:56:17,7372193600,S-001,Banexcoin Bolivia
9323,"20/08/2025 19:56:45, UTC -04:00",Completed,Sell,ElenaMoreno57Max,20149,5.75,75.99,BOB,13.21,0.00,20/08/2025 19:57:31,7372201380,S-001,Banexcoin Bolivia
9324,"20/08/2025 20:12:37, UTC -04:00",Completed,Sell,ElenaMoreno57Max,20149,1.74,22.99,BOB,13.20,0.00,20/08/2025 20:12:51,7372278290,S-001,Banexcoin Bolivia
9333,"20/08/2025 20:47:53, UTC -04:00",Completed,Sell,ClaudiaDiaz50Cl,20014,0.10,1.32,BOB,13.20,0.00,20/08/2025 20:48:59,7372442570,S-001,Banexcoin Bolivia
9338,"20/08/2025 20:57:36, UTC -04:00",Completed,Sell,ElenaMoreno57Max,20149,27.26,359.99,BOB,13.21,0.00,20/08/2025 20:57:51,7372478820,S-001,Banexcoin Bolivia
9339,"20/08/2025 20:58:49, UTC -04:00",Completed,Sell,ElenaMoreno57Max,20149,2.88,37.99,BOB,13.21,0.00,20/08/2025 20:59:05,7372483740,S-001,Banexcoin Bolivia
9340,"20/08/2025 21:01:19, UTC -04:00",Completed,Sell,ElenaMoreno57Max,20149,1.74,22.99,BOB,13.21,0.00,20/08/2025 21:01:31,7372493460,S-001,Banexcoin Bolivia
9342,"20/08/2025 21:13:12, UTC -04:00",Completed,Sell,ElenaMoreno57Max,20149,27.25,359.99,BOB,13.21,0.00,20/08/2025 21:13:26,7372541100,S-001,Banexcoin Bolivia
9343,"20/08/2025 21:22:59, UTC -04:00",Completed,Sell,ElenaMoreno57Max,20149,5.75,75.99,BOB,13.21,0.00,20/08/2025 21:23:12,7372575980,S-001,Banexcoin Bolivia
9344,"20/08/2025 21:28:29, UTC -04:00",Completed,Sell,ElenaMoreno57Max,20149,27.24,359.99,BOB,13.21,0.00,20/08/2025 21:28:43,7372595970,S-001,Banexcoin Bolivia
9345,"20/08/2025 21:29:16, UTC -04:00",Completed,Sell,ElenaMoreno57Max,20149,2.87,37.99,BOB,13.22,0.00,20/08/2025 21:29:27,7372598880,S-001,Banexcoin Bolivia
9348,"20/08/2025 21:59:11, UTC -04:00",Completed,Sell,RosaGutierrez20Co,20147,12.57,166.00,BOB,13.21,0.00,20/08/2025 21:59:26,7372700830,S-001,Banexcoin Bolivia
9351,"20/08/2025 22:07:20, UTC -04:00",Completed,Sell,ElenaMoreno57Max,20149,5.76,75.99,BOB,13.20,0.00,20/08/2025 22:07:33,7372725340,S-001,Banexcoin Bolivia
9352,"20/08/2025 22:08:36, UTC -04:00",Completed,Sell,ElenaMoreno57Max,20149,2.88,37.99,BOB,13.20,0.00,20/08/2025 22:08:51,7372728920,S-001,Banexcoin Bolivia
9353,"20/08/2025 22:09:40, UTC -04:00",Completed,Sell,ElenaMoreno57Max,20149,1.74,22.99,BOB,13.20,0.00,20/08/2025 22:09:51,7372732330,S-001,Banexcoin Bolivia
9355,"20/08/2025 22:20:52, UTC -04:00",Completed,Sell,ElenaMoreno57Max,20149,5.75,75.99,BOB,13.21,0.00,20/08/2025 22:21:05,7372763700,S-001,Banexcoin Bolivia
9358,"20/08/2025 22:25:40, UTC -04:00",Completed,Sell,PabloRodriguez56Co,20121,1.45,19.14,BOB,13.21,0.00,20/08/2025 22:26:07,7372778220,S-001,Banexcoin Bolivia
9359,"20/08/2025 22:32:26, UTC -04:00",Completed,Sell,ElenaMoreno57Max,20149,2.88,37.99,BOB,13.21,0.00,20/08/2025 22:32:38,7372795780,S-001,Banexcoin Bolivia
9363,"21/08/2025 01:38:28, UTC -04:00",Completed,Sell,ElenaMoreno57Max,20149,5.76,75.99,BOB,13.19,0.00,21/08/2025 01:38:42,7372988220,S-001,Banexcoin Bolivia
9364,"21/08/2025 04:34:53, UTC -04:00",Completed,Sell,ElenaMoreno57Max,20149,5.76,75.99,BOB,13.19,0.00,21/08/2025 04:35:11,7373020620,S-001,Banexcoin Bolivia
9366,"21/08/2025 06:57:07, UTC -04:00",Completed,Sell,EduardoCruz322025,20005,26.52,350.00,BOB,13.20,0.00,21/08/2025 06:57:25,7373075320,S-001,Banexcoin Bolivia
9368,"21/08/2025 09:09:24, UTC -04:00",Completed,Sell,AndresVega17Pro,10086,7.59,100.00,BOB,13.18,0.00,21/08/2025 09:09:40,7373444380,S-001,Banexcoin Bolivia
9369,"21/08/2025 09:16:33, UTC -04:00",Completed,Sell,MarioDelgado43Ec,20157,0.08,1.00,BOB,13.18,0.00,21/08/2025 09:17:06,250738220,S-001,Banexcoin Bolivia
9373,"21/08/2025 09:22:25, UTC -04:00",Completed,Sell,MarioDelgado43Ec,20157,3.79,50.00,BOB,13.19,0.00,21/08/2025 09:23:20,7373504930,S-001,Banexcoin Bolivia
9380,"21/08/2025 11:40:29, UTC -04:00",Completed,Sell,JuanRodriguez90Max,20106,11.39,150.00,BOB,13.17,0.00,21/08/2025 11:40:53,7374168570,S-001,Banexcoin Bolivia
9381,"21/08/2025 11:46:39, UTC -04:00",Completed,Sell,LuciaHerrera662025,20019,0.15,2.00,BOB,13.15,0.00,21/08/2025 11:47:01,250798800,S-001,Banexcoin Bolivia
9382,"21/08/2025 11:48:39, UTC -04:00",Completed,Sell,ElenaMoreno57Max,20149,2.89,37.99,BOB,13.15,0.00,21/08/2025 11:48:53,7374209280,S-001,Banexcoin Bolivia
9383,"21/08/2025 11:49:26, UTC -04:00",Completed,Sell,ElenaMoreno57Max,20149,2.89,37.99,BOB,13.15,0.00,21/08/2025 11:49:39,7374212710,S-001,Banexcoin Bolivia
9384,"21/08/2025 11:51:35, UTC -04:00",Completed,Sell,ElenaMoreno57Max,20149,11.41,149.99,BOB,13.15,0.00,21/08/2025 11:51:47,7374223590,S-001,Banexcoin Bolivia
9385,"21/08/2025 11:53:37, UTC -04:00",Completed,Sell,ElenaMoreno57Max,20149,1.75,22.99,BOB,13.15,0.00,21/08/2025 11:53:51,7374233980,S-001,Banexcoin Bolivia
9386,"21/08/2025 11:57:46, UTC -04:00",Completed,Sell,ElenaMoreno57Max,20149,2.89,37.99,BOB,13.14,0.00,21/08/2025 11:57:59,7374254700,S-001,Banexcoin Bolivia
9387,"21/08/2025 12:05:12, UTC -04:00",Completed,Sell,ElenaMoreno57Max,20149,1.75,22.99,BOB,13.15,0.00,21/08/2025 12:05:28,7374292510,S-001,Banexcoin Bolivia
9388,"21/08/2025 12:20:54, UTC -04:00",Completed,Sell,ElenaMoreno57Max,20149,1.75,22.99,BOB,13.13,0.00,21/08/2025 12:21:06,7374380250,S-001,Banexcoin Bolivia
9389,"21/08/2025 12:21:31, UTC -04:00",Completed,Sell,ElenaMoreno57Max,20149,2.89,37.99,BOB,13.13,0.00,21/08/2025 12:21:45,7374383820,S-001,Banexcoin Bolivia
9390,"21/08/2025 12:26:07, UTC -04:00",Completed,Sell,ElenaMoreno57Max,20149,5.79,75.99,BOB,13.13,0.00,21/08/2025 12:26:21,7374409370,S-001,Banexcoin Bolivia
9391,"21/08/2025 12:30:44, UTC -04:00",Completed,Sell,ElenaMoreno57Max,20149,2.89,37.99,BOB,13.14,0.00,21/08/2025 12:30:57,7374435430,S-001,Banexcoin Bolivia
9392,"21/08/2025 12:32:02, UTC -04:00",Completed,Sell,ElenaMoreno57Max,20149,2.89,37.99,BOB,13.13,0.00,21/08/2025 12:32:25,7374443500,S-001,Banexcoin Bolivia
9393,"21/08/2025 12:34:07, UTC -04:00",Completed,Sell,ElenaMoreno57Max,20149,5.79,75.99,BOB,13.13,0.00,21/08/2025 12:34:23,7374454550,S-001,Banexcoin Bolivia
9394,"21/08/2025 12:36:54, UTC -04:00",Completed,Sell,ElenaMoreno57Max,20149,5.79,75.99,BOB,13.12,0.00,21/08/2025 12:37:05,7374470110,S-001,Banexcoin Bolivia
9395,"21/08/2025 12:38:02, UTC -04:00",Completed,Sell,ElenaMoreno57Max,20149,11.43,149.99,BOB,13.12,0.00,21/08/2025 12:38:17,7374476450,S-001,Banexcoin Bolivia
9396,"21/08/2025 12:41:43, UTC -04:00",Completed,Sell,ElenaMoreno57Max,20149,2.89,37.99,BOB,13.12,0.00,21/08/2025 12:41:55,7374498100,S-001,Banexcoin Bolivia
9397,"21/08/2025 12:42:58, UTC -04:00",Completed,Sell,ElenaMoreno57Max,20149,1.75,22.99,BOB,13.13,0.00,21/08/2025 12:43:09,7374505990,S-001,Banexcoin Bolivia
9398,"21/08/2025 12:44:43, UTC -04:00",Completed,Sell,ElenaMoreno57Max,20149,5.79,75.99,BOB,13.12,0.00,21/08/2025 12:44:56,7374516080,S-001,Banexcoin Bolivia
9402,"21/08/2025 12:53:59, UTC -04:00",Completed,Sell,ElenaMoreno57Max,20149,1.75,22.99,BOB,13.14,0.00,21/08/2025 12:54:12,7374567250,S-001,Banexcoin Bolivia
9403,"21/08/2025 12:55:06, UTC -04:00",Completed,Sell,ElenaMoreno57Max,20149,2.89,37.99,BOB,13.13,0.00,21/08/2025 12:55:18,7374573250,S-001,Banexcoin Bolivia
9404,"21/08/2025 13:05:06, UTC -04:00",Completed,Sell,ElenaMoreno57Max,20149,11.42,149.99,BOB,13.14,0.00,21/08/2025 13:05:21,7374626830,S-001,Banexcoin Bolivia
9405,"21/08/2025 13:47:08, UTC -04:00",Completed,Sell,ElenaMoreno57Max,20149,1.75,22.99,BOB,13.14,0.00,21/08/2025 13:47:21,7374836220,S-001,Banexcoin Bolivia
9406,"21/08/2025 13:53:46, UTC -04:00",Completed,Sell,JuanRodriguez90Max,20106,2.28,30.00,BOB,13.16,0.00,21/08/2025 13:54:05,7374869460,S-001,Banexcoin Bolivia
9409,"21/08/2025 14:42:22, UTC -04:00",Completed,Sell,ElenaMoreno57Max,20149,11.40,149.99,BOB,13.16,0.00,21/08/2025 14:42:47,7375093190,S-001,Banexcoin Bolivia
9412,"21/08/2025 14:44:37, UTC -04:00",Completed,Sell,ElenaMoreno57Max,20149,2.89,37.99,BOB,13.16,0.00,21/08/2025 14:44:49,7375101670,S-001,Banexcoin Bolivia
9413,"21/08/2025 14:46:04, UTC -04:00",Completed,Sell,ElenaMoreno57Max,20149,5.77,75.99,BOB,13.16,0.00,21/08/2025 14:46:15,7375108450,S-001,Banexcoin Bolivia
9414,"21/08/2025 14:49:21, UTC -04:00",Completed,Sell,ElenaMoreno57Max,20149,1.75,22.99,BOB,13.16,0.00,21/08/2025 14:49:33,7375123530,S-001,Banexcoin Bolivia
9415,"21/08/2025 14:50:18, UTC -04:00",Completed,Sell,ElenaMoreno57Max,20149,5.77,75.99,BOB,13.16,0.00,21/08/2025 14:50:32,7375128110,S-001,Banexcoin Bolivia
9416,"21/08/2025 14:52:46, UTC -04:00",Completed,Sell,ElenaMoreno57Max,20149,2.89,37.99,BOB,13.16,0.00,21/08/2025 14:53:02,7375139380,S-001,Banexcoin Bolivia
9418,"21/08/2025 14:54:29, UTC -04:00",Completed,Sell,ClaudiaDiaz50Cl,20014,0.23,3.00,BOB,13.16,0.00,21/08/2025 14:55:18,7375149110,S-001,Banexcoin Bolivia
9419,"21/08/2025 15:02:32, UTC -04:00",Completed,Sell,ElenaMoreno57Max,20149,5.77,75.99,BOB,13.17,0.00,21/08/2025 15:02:46,7375184450,S-001,Banexcoin Bolivia
9420,"21/08/2025 15:02:46, UTC -04:00",Completed,Sell,RosaCampos83Ar,20038,15.95,210.00,BOB,13.17,0.00,21/08/2025 15:03:06,7375185880,S-001,Banexcoin Bolivia
9422,"21/08/2025 15:09:59, UTC -04:00",Completed,Sell,ElenaMoreno57Max,20149,2.89,37.99,BOB,13.16,0.00,21/08/2025 15:10:12,7375218830,S-001,Banexcoin Bolivia
9423,"21/08/2025 15:12:52, UTC -04:00",Completed,Sell,ElenaMoreno57Max,20149,27.35,359.99,BOB,13.16,0.00,21/08/2025 15:13:05,7375232640,S-001,Banexcoin Bolivia
9424,"21/08/2025 15:13:11, UTC -04:00",Completed,Sell,ElenaMoreno57Max,20149,27.36,359.99,BOB,13.16,0.00,21/08/2025 15:13:25,7375234180,S-001,Banexcoin Bolivia
9425,"21/08/2025 15:26:24, UTC -04:00",Completed,Sell,MonicaRamos24Co,20072,190.18,"2,500.00",BOB,13.15,0.00,21/08/2025 15:27:25,7375299500,S-001,Banexcoin Bolivia
9426,"21/08/2025 15:26:53, UTC -04:00",Completed,Sell,ElenaMoreno57Max,20149,1.75,22.99,BOB,13.15,0.00,21/08/2025 15:27:07,7375297970,S-001,Banexcoin Bolivia
9427,"21/08/2025 15:29:47, UTC -04:00",Completed,Sell,AndresGarcia95Bo,20013,0.49,6.50,BOB,13.14,0.00,21/08/2025 15:30:11,7375312660,S-001,Banexcoin Bolivia
9428,"21/08/2025 15:50:13, UTC -04:00",Completed,Sell,AlbertoLeon10007,10008,4.94,65.00,BOB,13.15,0.00,21/08/2025 15:50:30,7375407900,S-001,Banexcoin Bolivia
9429,"21/08/2025 16:04:49, UTC -04:00",Completed,Sell,ElenaMoreno57Max,20149,2.89,37.99,BOB,13.14,0.00,21/08/2025 16:05:01,7375479610,S-001,Banexcoin Bolivia
9430,"21/08/2025 16:05:53, UTC -04:00",Completed,Sell,ElenaMoreno57Max,20149,1.75,22.99,BOB,13.14,0.00,21/08/2025 16:06:11,7375485380,S-001,Banexcoin Bolivia
9431,"21/08/2025 16:07:00, UTC -04:00",Completed,Sell,ElenaMoreno57Max,20149,1.75,22.99,BOB,13.14,0.00,21/08/2025 16:07:11,7375490210,S-001,Banexcoin Bolivia
9432,"21/08/2025 16:19:21, UTC -04:00",Completed,Sell,MariaFlores93Max,10006,0.76,10.00,BOB,13.14,0.00,21/08/2025 16:19:42,7375551610,S-001,Banexcoin Bolivia
9433,"21/08/2025 16:51:32, UTC -04:00",Completed,Sell,ElenaMoreno57Max,20149,1.75,22.99,BOB,13.14,0.00,21/08/2025 16:51:43,7375709790,S-001,Banexcoin Bolivia
9434,"21/08/2025 16:51:59, UTC -04:00",Completed,Sell,ElenaMoreno57Max,20149,2.89,37.99,BOB,13.14,0.00,21/08/2025 16:52:09,7375712180,S-001,Banexcoin Bolivia
9435,"21/08/2025 16:58:32, UTC -04:00",Completed,Sell,PatriciaVega32Ec,20186,5.02,66.00,BOB,13.14,0.00,21/08/2025 16:59:07,7375747400,S-001,Banexcoin Bolivia
9436,"21/08/2025 17:03:48, UTC -04:00",Completed,Sell,ElenaMoreno57Max,20149,2.89,37.99,BOB,13.14,0.00,21/08/2025 17:04:04,7375772660,S-001,Banexcoin Bolivia
9437,"21/08/2025 17:07:18, UTC -04:00",Completed,Sell,ElenaMoreno57Max,20149,1.75,22.99,BOB,13.14,0.00,21/08/2025 17:07:34,7375790230,S-001,Banexcoin Bolivia
9442,"21/08/2025 17:53:35, UTC -04:00",Completed,Sell,ElenaMoreno57Max,20149,2.89,37.99,BOB,13.14,0.00,21/08/2025 17:53:52,7376036130,S-001,Banexcoin Bolivia
9443,"21/08/2025 18:11:24, UTC -04:00",Completed,Sell,ElenaMoreno57Max,20149,27.39,359.99,BOB,13.14,0.00,21/08/2025 18:11:37,7376132940,S-001,Banexcoin Bolivia
9444,"21/08/2025 18:11:49, UTC -04:00",Completed,Sell,ElenaMoreno57Max,20149,27.39,359.99,BOB,13.14,0.00,21/08/2025 18:12:01,7376135180,S-001,Banexcoin Bolivia
9445,"21/08/2025 18:12:10, UTC -04:00",Completed,Sell,ElenaMoreno57Max,20149,27.39,359.99,BOB,13.14,0.00,21/08/2025 18:12:23,7376137400,S-001,Banexcoin Bolivia
9446,"21/08/2025 18:12:32, UTC -04:00",Completed,Sell,ElenaMoreno57Max,20149,27.39,359.99,BOB,13.14,0.00,21/08/2025 18:12:45,7376139650,S-001,Banexcoin Bolivia
9447,"21/08/2025 18:13:00, UTC -04:00",Completed,Sell,ElenaMoreno57Max,20149,27.39,359.99,BOB,13.14,0.00,21/08/2025 18:13:15,7376142140,S-001,Banexcoin Bolivia
9450,"21/08/2025 18:22:28, UTC -04:00",Completed,Sell,ElenaMoreno57Max,20149,5.79,75.99,BOB,13.13,0.00,21/08/2025 18:22:39,7376193380,S-001,Banexcoin Bolivia
9451,"21/08/2025 18:23:00, UTC -04:00",Completed,Sell,GloriaDelgado30Pe,20135,4.19,55.00,BOB,13.13,0.00,21/08/2025 18:23:17,7376196460,S-001,Banexcoin Bolivia
9452,"21/08/2025 18:23:09, UTC -04:00",Completed,Sell,ElenaMoreno57Max,20149,5.79,75.99,BOB,13.13,0.00,21/08/2025 18:23:23,7376197210,S-001,Banexcoin Bolivia
9453,"21/08/2025 18:23:44, UTC -04:00",Completed,Sell,ElenaMoreno57Max,20149,5.79,75.99,BOB,13.13,0.00,21/08/2025 18:23:57,7376199910,S-001,Banexcoin Bolivia
9455,"21/08/2025 18:24:59, UTC -04:00",Completed,Sell,ElenaMoreno57Max,20149,11.43,149.99,BOB,13.13,0.00,21/08/2025 18:25:13,7376207110,S-001,Banexcoin Bolivia
9457,"21/08/2025 19:08:28, UTC -04:00",Completed,Sell,AlbertoGarcia832025,20018,6.09,80.00,BOB,13.13,0.00,21/08/2025 19:08:49,7376448310,S-001,Banexcoin Bolivia
9458,"21/08/2025 19:10:01, UTC -04:00",Completed,Sell,AndresVega17Pro,10086,7.61,100.00,BOB,13.13,0.00,21/08/2025 19:10:17,7376456040,S-001,Banexcoin Bolivia
9459,"21/08/2025 19:11:14, UTC -04:00",Completed,Sell,AndresGarcia95Bo,20013,1.52,20.00,BOB,13.13,0.00,21/08/2025 19:11:44,7376463560,S-001,Banexcoin Bolivia
9460,"21/08/2025 19:36:12, UTC -04:00",Completed,Sell,ManuelRomero362025,20175,1.56,20.50,BOB,13.14,0.00,21/08/2025 19:36:39,7376599240,S-001,Banexcoin Bolivia
9468,"21/08/2025 20:55:07, UTC -04:00",Completed,Sell,GloriaDelgado30Pe,20135,2.28,30.00,BOB,13.14,0.00,21/08/2025 20:55:26,7376973950,S-001,Banexcoin Bolivia
9470,"21/08/2025 21:30:34, UTC -04:00",Completed,Sell,ElenaMoreno57Max,20149,2.89,37.99,BOB,13.14,0.00,21/08/2025 21:30:48,7377110020,S-001,Banexcoin Bolivia
9472,"21/08/2025 22:47:24, UTC -04:00",Completed,Sell,ElenaMoreno57Max,20149,5.79,75.99,BOB,13.13,0.00,21/08/2025 22:47:36,7377340410,S-001,Banexcoin Bolivia
9473,"21/08/2025 22:48:48, UTC -04:00",Completed,Sell,ElenaMoreno57Max,20149,5.79,75.99,BOB,13.13,0.00,21/08/2025 22:49:02,7377343630,S-001,Banexcoin Bolivia
9474,"21/08/2025 22:57:46, UTC -04:00",Completed,Sell,GloriaDelgado30Pe,20135,3.81,50.00,BOB,13.14,0.00,21/08/2025 22:58:04,7377363220,S-001,Banexcoin Bolivia
9475,"21/08/2025 23:11:02, UTC -04:00",Completed,Sell,ElenaMoreno57Max,20149,5.79,75.99,BOB,13.13,0.00,21/08/2025 23:11:15,7377389390,S-001,Banexcoin Bolivia
9476,"21/08/2025 23:13:06, UTC -04:00",Completed,Sell,ElenaMoreno57Max,20149,2.89,37.99,BOB,13.13,0.00,21/08/2025 23:13:17,7377393080,S-001,Banexcoin Bolivia
9477,"21/08/2025 23:14:11, UTC -04:00",Completed,Sell,ElenaMoreno57Max,20149,1.75,22.99,BOB,13.13,0.00,21/08/2025 23:14:37,7377394920,S-001,Banexcoin Bolivia
9478,"21/08/2025 23:44:45, UTC -04:00",Completed,Sell,AlbertoReyes24007,20104,149.99,"1,969.50",BOB,13.13,0.00,21/08/2025 23:46:24,7377439050,S-001,Banexcoin Bolivia
9479,"21/08/2025 23:48:57, UTC -04:00",Completed,Sell,AlbertoReyes24007,20104,152.34,"2,000.00",BOB,13.13,0.00,21/08/2025 23:49:14,7377441900,S-001,Banexcoin Bolivia
9483,"22/08/2025 07:27:10, UTC -04:00",Completed,Sell,CristinaSuarez852025,10003,7.63,100.00,BOB,13.11,0.00,22/08/2025 07:27:36,7377656520,S-001,Banexcoin Bolivia
9485,"22/08/2025 08:45:00, UTC -04:00",Completed,Sell,MarioDelgado43Ec,20157,0.23,3.00,BOB,13.12,0.00,22/08/2025 08:45:32,7377898050,S-001,Banexcoin Bolivia
9493,"22/08/2025 10:29:40, UTC -04:00",Completed,Sell,JoseNavarro75Ar,20033,1.60,21.00,BOB,13.13,0.00,22/08/2025 10:30:09,7378373540,S-001,Banexcoin Bolivia
9495,"22/08/2025 10:53:27, UTC -04:00",Completed,Sell,SilviaHerrera93Cl,20012,0.69,9.00,BOB,13.11,0.00,22/08/2025 10:53:48,7378493780,S-001,Banexcoin Bolivia
9500,"22/08/2025 11:42:05, UTC -04:00",Completed,Sell,SilviaDiaz402025,20040,24.84,325.00,BOB,13.09,0.00,22/08/2025 11:43:16,7378747690,S-001,Banexcoin Bolivia
9501,"22/08/2025 11:48:45, UTC -04:00",Completed,Sell,ElenaMoreno57Max,20149,5.81,75.99,BOB,13.09,0.00,22/08/2025 11:48:58,7378779030,S-001,Banexcoin Bolivia
9502,"22/08/2025 11:52:39, UTC -04:00",Completed,Sell,ElenaMoreno57Max,20149,2.90,37.99,BOB,13.09,0.00,22/08/2025 11:52:52,7378800270,S-001,Banexcoin Bolivia
9503,"22/08/2025 11:53:21, UTC -04:00",Completed,Sell,ElenaMoreno57Max,20149,5.80,75.99,BOB,13.09,0.00,22/08/2025 11:53:42,7378804850,S-001,Banexcoin Bolivia
9504,"22/08/2025 11:55:11, UTC -04:00",Completed,Sell,ElenaMoreno57Max,20149,5.80,75.99,BOB,13.09,0.00,22/08/2025 11:55:27,7378814280,S-001,Banexcoin Bolivia
9505,"22/08/2025 12:46:40, UTC -04:00",Completed,Sell,MiguelLeon28Ar,20028,4.58,60.00,BOB,13.09,0.00,22/08/2025 12:47:09,7379117660,S-001,Banexcoin Bolivia
9506,"22/08/2025 12:51:36, UTC -04:00",Completed,Sell,ElenaMoreno57Max,20149,27.51,359.99,BOB,13.09,0.00,22/08/2025 12:51:51,7379143660,S-001,Banexcoin Bolivia
9507,"22/08/2025 12:51:45, UTC -04:00",Completed,Sell,MiguelLeon28Ar,20028,0.76,10.00,BOB,13.09,0.00,22/08/2025 12:53:01,7379150210,S-001,Banexcoin Bolivia
9524,"22/08/2025 13:50:51, UTC -04:00",Completed,Sell,ElenaMoreno57Max,20149,27.50,359.99,BOB,13.09,0.00,22/08/2025 13:51:04,7379457190,S-001,Banexcoin Bolivia
9525,"22/08/2025 13:51:43, UTC -04:00",Completed,Sell,ElenaMoreno57Max,20149,27.50,359.99,BOB,13.09,0.00,22/08/2025 13:51:54,7379461780,S-001,Banexcoin Bolivia
9526,"22/08/2025 14:12:01, UTC -04:00",Completed,Sell,ElenaMoreno57Max,20149,1.76,22.99,BOB,13.09,0.00,22/08/2025 14:12:13,7379561960,S-001,Banexcoin Bolivia
9527,"22/08/2025 14:12:40, UTC -04:00",Completed,Sell,ElenaMoreno57Max,20149,2.90,37.99,BOB,13.09,0.00,22/08/2025 14:12:53,7379565420,S-001,Banexcoin Bolivia
9528,"22/08/2025 14:35:59, UTC -04:00",Completed,Sell,ElenaMoreno57Max,20149,2.90,37.99,BOB,13.09,0.00,22/08/2025 14:36:12,7379681500,S-001,Banexcoin Bolivia
9529,"22/08/2025 14:37:39, UTC -04:00",Completed,Sell,ElenaMoreno57Max,20149,27.50,359.99,BOB,13.09,0.00,22/08/2025 14:37:50,7379690040,S-001,Banexcoin Bolivia
9535,"22/08/2025 15:48:46, UTC -04:00",Completed,Sell,CristinaSuarez852025,10003,4.58,60.00,BOB,13.10,0.00,22/08/2025 15:49:21,7380042660,S-001,Banexcoin Bolivia
9539,"22/08/2025 15:56:10, UTC -04:00",Completed,Sell,CristinaSuarez852025,10003,343.76,"4,505.00",BOB,13.11,0.00,22/08/2025 15:56:40,7380080390,S-001,Banexcoin Bolivia
9540,"22/08/2025 16:25:30, UTC -04:00",Completed,Sell,LuciaHerrera662025,20019,1.91,25.00,BOB,13.09,0.00,22/08/2025 16:26:05,7380234200,S-001,Banexcoin Bolivia
9541,"22/08/2025 16:25:42, UTC -04:00",Completed,Sell,ElenaMoreno57Max,20149,11.45,149.99,BOB,13.09,0.00,22/08/2025 16:25:55,7380233460,S-001,Banexcoin Bolivia
9542,"22/08/2025 16:26:26, UTC -04:00",Completed,Sell,ElenaMoreno57Max,20149,1.76,22.99,BOB,13.09,0.00,22/08/2025 16:26:39,7380237480,S-001,Banexcoin Bolivia
9543,"22/08/2025 16:28:02, UTC -04:00",Completed,Sell,ElenaMoreno57Max,20149,27.49,359.99,BOB,13.09,0.00,22/08/2025 16:28:17,7380246420,S-001,Banexcoin Bolivia
9544,"22/08/2025 16:29:42, UTC -04:00",Completed,Sell,ElenaMoreno57Max,20149,27.49,359.99,BOB,13.09,0.00,22/08/2025 16:29:55,7380254850,S-001,Banexcoin Bolivia
9551,"22/08/2025 17:04:53, UTC -04:00",Completed,Sell,RosaGutierrez20Co,20147,1.07,14.00,BOB,13.10,0.00,22/08/2025 17:05:11,7380444390,S-001,Banexcoin Bolivia
9556,"22/08/2025 17:49:13, UTC -04:00",Completed,Sell,ManuelRomero362025,20175,3.81,50.00,BOB,13.11,0.00,22/08/2025 17:50:23,7380694720,S-001,Banexcoin Bolivia
9557,"22/08/2025 18:06:50, UTC -04:00",Completed,Sell,FernandoGonzalez47Mx,10015,91.55,"1,200.00",BOB,13.11,0.00,22/08/2025 18:07:38,7380793170,S-001,Banexcoin Bolivia
9564,"22/08/2025 19:08:58, UTC -04:00",Completed,Sell,JuanRodriguez90Max,20106,7.63,100.00,BOB,13.10,0.00,22/08/2025 19:09:23,7381146950,S-001,Banexcoin Bolivia
9565,"22/08/2025 19:18:56, UTC -04:00",Completed,Sell,SandraRamirez19Ec,20063,9.15,120.00,BOB,13.11,0.00,22/08/2025 19:19:13,7381201330,S-001,Banexcoin Bolivia
9566,"22/08/2025 19:24:18, UTC -04:00",Completed,Sell,ElenaMoreno57Max,20149,1.75,22.99,BOB,13.11,0.00,22/08/2025 19:24:29,7381229960,S-001,Banexcoin Bolivia
9567,"22/08/2025 19:25:30, UTC -04:00",Completed,Sell,ElenaMoreno57Max,20149,5.80,75.99,BOB,13.11,0.00,22/08/2025 19:25:43,7381236460,S-001,Banexcoin Bolivia
9569,"22/08/2025 19:28:26, UTC -04:00",Completed,Sell,ElenaMoreno57Max,20149,27.46,359.99,BOB,13.11,0.00,22/08/2025 19:28:37,7381251700,S-001,Banexcoin Bolivia
9570,"22/08/2025 19:42:23, UTC -04:00",Completed,Sell,JuanRodriguez90Max,20106,2.74,36.00,BOB,13.12,0.00,22/08/2025 19:42:48,7381327070,S-001,Banexcoin Bolivia
9571,"22/08/2025 20:21:51, UTC -04:00",Completed,Sell,ElenaMoreno57Max,20149,2.90,37.99,BOB,13.11,0.00,22/08/2025 20:22:06,7381524320,S-001,Banexcoin Bolivia
9572,"22/08/2025 20:22:36, UTC -04:00",Completed,Sell,ElenaMoreno57Max,20149,2.90,37.99,BOB,13.11,0.00,22/08/2025 20:22:50,7381527550,S-001,Banexcoin Bolivia
9573,"22/08/2025 20:23:03, UTC -04:00",Completed,Sell,ElenaMoreno57Max,20149,1.75,22.99,BOB,13.11,0.00,22/08/2025 20:23:16,7381529710,S-001,Banexcoin Bolivia
9575,"22/08/2025 20:39:50, UTC -04:00",Completed,Sell,SilviaDiaz402025,20040,29.74,390.00,BOB,13.11,0.00,22/08/2025 20:40:15,7381608720,S-001,Banexcoin Bolivia
9581,"22/08/2025 20:52:04, UTC -04:00",Completed,Sell,GloriaDelgado30Pe,20135,1.52,20.00,BOB,13.12,0.00,22/08/2025 20:52:19,7381661880,S-001,Banexcoin Bolivia
9582,"22/08/2025 21:01:58, UTC -04:00",Completed,Sell,ElenaMoreno57Max,20149,27.45,359.99,BOB,13.12,0.00,22/08/2025 21:02:12,7381702830,S-001,Banexcoin Bolivia
9584,"22/08/2025 21:34:10, UTC -04:00",Completed,Sell,ClaudiaDiaz50Cl,20014,0.30,4.00,BOB,13.12,0.00,22/08/2025 21:34:31,7381833340,S-001,Banexcoin Bolivia
9590,"22/08/2025 21:55:12, UTC -04:00",Completed,Sell,ElenaMoreno57Max,20149,2.90,37.99,BOB,13.12,0.00,22/08/2025 21:55:22,7381908570,S-001,Banexcoin Bolivia
9593,"22/08/2025 22:14:55, UTC -04:00",Completed,Sell,ElenaMoreno57Max,20149,2.90,37.99,BOB,13.12,0.00,22/08/2025 22:15:07,7381975850,S-001,Banexcoin Bolivia
9594,"22/08/2025 22:21:02, UTC -04:00",Completed,Sell,ElenaMoreno57Max,20149,1.75,22.99,BOB,13.12,0.00,22/08/2025 22:21:13,7381994930,S-001,Banexcoin Bolivia
9595,"22/08/2025 22:25:54, UTC -04:00",Completed,Sell,ElenaMoreno57Max,20149,2.90,37.99,BOB,13.11,0.00,22/08/2025 22:26:06,7382009620,S-001,Banexcoin Bolivia
9596,"22/08/2025 22:26:32, UTC -04:00",Completed,Sell,ElenaMoreno57Max,20149,5.80,75.99,BOB,13.11,0.00,22/08/2025 22:26:44,7382011550,S-001,Banexcoin Bolivia
9597,"22/08/2025 22:29:07, UTC -04:00",Completed,Sell,ElenaMoreno57Max,20149,5.80,75.99,BOB,13.11,0.00,22/08/2025 22:29:20,7382019320,S-001,Banexcoin Bolivia
9598,"22/08/2025 22:29:29, UTC -04:00",Completed,Sell,ElenaMoreno57Max,20149,2.90,37.99,BOB,13.11,0.00,22/08/2025 22:29:54,7382020760,S-001,Banexcoin Bolivia
9599,"22/08/2025 22:30:15, UTC -04:00",Completed,Sell,ElenaMoreno57Max,20149,27.46,359.99,BOB,13.11,0.00,22/08/2025 22:30:26,7382022270,S-001,Banexcoin Bolivia
9600,"22/08/2025 22:32:49, UTC -04:00",Completed,Sell,ElenaMoreno57Max,20149,1.75,22.99,BOB,13.11,0.00,22/08/2025 22:33:02,7382029780,S-001,Banexcoin Bolivia
9601,"22/08/2025 22:34:07, UTC -04:00",Completed,Sell,ElenaMoreno57Max,20149,5.80,75.99,BOB,13.11,0.00,22/08/2025 22:34:20,7382033530,S-001,Banexcoin Bolivia
9602,"22/08/2025 22:34:54, UTC -04:00",Completed,Sell,CarmenMarquez72123,20016,0.08,1.00,BOB,13.11,0.00,22/08/2025 22:35:28,7382036490,S-001,Banexcoin Bolivia
9603,"22/08/2025 22:37:23, UTC -04:00",Completed,Sell,ElenaMoreno57Max,20149,1.75,22.99,BOB,13.11,0.00,22/08/2025 22:37:36,7382041580,S-001,Banexcoin Bolivia
9604,"22/08/2025 22:38:32, UTC -04:00",Completed,Sell,ElenaMoreno57Max,20149,2.90,37.99,BOB,13.11,0.00,22/08/2025 22:38:42,7382044960,S-001,Banexcoin Bolivia
9605,"22/08/2025 22:40:25, UTC -04:00",Completed,Sell,ElenaMoreno57Max,20149,5.80,75.99,BOB,13.11,0.00,22/08/2025 22:40:38,7382050250,S-001,Banexcoin Bolivia
9606,"22/08/2025 22:42:05, UTC -04:00",Completed,Sell,ElenaMoreno57Max,20149,27.47,359.99,BOB,13.11,0.00,22/08/2025 22:42:20,7382055210,S-001,Banexcoin Bolivia
9607,"22/08/2025 22:42:31, UTC -04:00",Completed,Sell,ElenaMoreno57Max,20149,27.47,359.99,BOB,13.11,0.00,22/08/2025 22:42:44,7382056340,S-001,Banexcoin Bolivia
9608,"22/08/2025 22:50:22, UTC -04:00",Completed,Sell,ElenaMoreno57Max,20149,2.90,37.99,BOB,13.10,0.00,22/08/2025 22:50:35,7382075850,S-001,Banexcoin Bolivia
9609,"22/08/2025 22:50:43, UTC -04:00",Completed,Sell,ElenaMoreno57Max,20149,1.75,22.99,BOB,13.10,0.00,22/08/2025 22:50:55,7382076660,S-001,Banexcoin Bolivia
9610,"22/08/2025 22:59:30, UTC -04:00",Completed,Sell,ElenaMoreno57Max,20149,2.90,37.99,BOB,13.10,0.00,22/08/2025 22:59:47,7382098750,S-001,Banexcoin Bolivia
9620,"23/08/2025 09:43:07, UTC -04:00",Completed,Sell,MonicaRamos24Co,20072,299.29,"3,920.00",BOB,13.10,0.00,23/08/2025 09:43:51,7382897540,S-001,Banexcoin Bolivia
9621,"23/08/2025 10:10:54, UTC -04:00",Completed,Sell,ManuelRomero362025,20175,2.52,33.00,BOB,13.09,0.00,23/08/2025 10:11:10,7383022530,S-001,Banexcoin Bolivia
9641,"23/08/2025 11:00:42, UTC -04:00",Completed,Sell,LuisPerez87Max,20032,0.92,12.00,BOB,13.06,0.00,23/08/2025 11:01:01,7383267500,S-001,Banexcoin Bolivia
9642,"23/08/2025 11:02:32, UTC -04:00",Completed,Sell,EduardoCruz322025,20005,22.98,300.00,BOB,13.06,0.00,23/08/2025 11:03:43,7383281840,S-001,Banexcoin Bolivia
9644,"23/08/2025 11:26:57, UTC -04:00",Completed,Sell,ElenaMoreno57Max,20149,5.82,75.99,BOB,13.05,0.00,23/08/2025 11:27:10,7383405490,S-001,Banexcoin Bolivia
9645,"23/08/2025 11:38:09, UTC -04:00",Completed,Sell,JoseTorres62Es,20103,7.42,96.80,BOB,13.05,0.00,23/08/2025 11:38:40,7383469700,S-001,Banexcoin Bolivia
9648,"23/08/2025 12:34:36, UTC -04:00",Completed,Sell,ElenaMoreno57Max,20149,5.83,75.99,BOB,13.03,0.00,23/08/2025 22:33:37,1736672350,S-001,Banexcoin Bolivia
9649,"23/08/2025 12:47:00, UTC -04:00",Completed,Sell,CarlosDiaz89456,20002,4.83,63.00,BOB,13.03,0.00,23/08/2025 12:47:28,7383734020,S-001,Banexcoin Bolivia
9650,"23/08/2025 12:56:45, UTC -04:00",Completed,Sell,ElenaMoreno57Max,20149,1.76,22.99,BOB,13.03,0.00,23/08/2025 12:57:22,7383737320,S-001,Banexcoin Bolivia
9651,"23/08/2025 12:59:35, UTC -04:00",Completed,Sell,ElenaMoreno57Max,20149,5.83,75.99,BOB,13.03,0.00,23/08/2025 13:00:00,7383749860,S-001,Banexcoin Bolivia
9652,"23/08/2025 13:10:26, UTC -04:00",Completed,Sell,ElenaMoreno57Max,20149,27.59,359.99,BOB,13.05,0.00,23/08/2025 13:10:39,7383819100,S-001,Banexcoin Bolivia
9653,"23/08/2025 13:11:11, UTC -04:00",Completed,Sell,ElenaMoreno57Max,20149,11.49,149.99,BOB,13.05,0.00,23/08/2025 13:11:25,7383823770,S-001,Banexcoin Bolivia
9654,"23/08/2025 13:29:13, UTC -04:00",Completed,Sell,GloriaDelgado30Pe,20135,1.00,13.00,BOB,13.05,0.00,23/08/2025 13:29:26,7383928910,S-001,Banexcoin Bolivia
9655,"23/08/2025 13:31:33, UTC -04:00",Completed,Sell,GloriaDelgado30Pe,20135,6.43,84.00,BOB,13.06,0.00,23/08/2025 13:31:44,7383941420,S-001,Banexcoin Bolivia
9656,"23/08/2025 13:52:15, UTC -04:00",Completed,Sell,ElenaMoreno57Max,20149,27.57,359.99,BOB,13.06,0.00,23/08/2025 13:52:25,7384050990,S-001,Banexcoin Bolivia
9657,"23/08/2025 13:52:43, UTC -04:00",Completed,Sell,ElenaMoreno57Max,20149,27.57,359.99,BOB,13.06,0.00,23/08/2025 13:52:55,7384053480,S-001,Banexcoin Bolivia
9659,"23/08/2025 13:54:11, UTC -04:00",Completed,Sell,ElenaMoreno57Max,20149,2.91,37.99,BOB,13.05,0.00,23/08/2025 13:54:23,7384060490,S-001,Banexcoin Bolivia
9660,"23/08/2025 14:13:50, UTC -04:00",Completed,Sell,GloriaDelgado30Pe,20135,1.92,25.00,BOB,13.05,0.00,23/08/2025 14:14:08,7384158860,S-001,Banexcoin Bolivia
9662,"23/08/2025 14:53:09, UTC -04:00",Completed,Sell,ElenaMoreno57Max,20149,11.49,149.99,BOB,13.05,0.00,23/08/2025 14:53:26,7384348090,S-001,Banexcoin Bolivia
9663,"23/08/2025 14:54:14, UTC -04:00",Completed,Sell,ElenaMoreno57Max,20149,5.82,75.99,BOB,13.05,0.00,23/08/2025 14:54:24,7384352970,S-001,Banexcoin Bolivia
9664,"23/08/2025 14:55:52, UTC -04:00",Completed,Sell,ElenaMoreno57Max,20149,2.91,37.99,BOB,13.05,0.00,23/08/2025 14:56:06,7384360640,S-001,Banexcoin Bolivia
9665,"23/08/2025 14:57:03, UTC -04:00",Completed,Sell,ElenaMoreno57Max,20149,2.91,37.99,BOB,13.05,0.00,23/08/2025 14:57:26,7384366560,S-001,Banexcoin Bolivia
9666,"23/08/2025 15:02:26, UTC -04:00",Completed,Sell,ElenaMoreno57Max,20149,2.91,37.99,BOB,13.04,0.00,23/08/2025 15:02:44,7384390950,S-001,Banexcoin Bolivia
9667,"23/08/2025 15:02:51, UTC -04:00",Completed,Sell,ElenaMoreno57Max,20149,1.76,22.99,BOB,13.04,0.00,23/08/2025 15:03:06,7384392400,S-001,Banexcoin Bolivia
9668,"23/08/2025 15:06:09, UTC -04:00",Completed,Sell,ElenaMoreno57Max,20149,2.91,37.99,BOB,13.04,0.00,23/08/2025 15:06:20,7384407360,S-001,Banexcoin Bolivia
9669,"23/08/2025 15:11:03, UTC -04:00",Completed,Sell,ElenaMoreno57Max,20149,11.50,149.99,BOB,13.05,0.00,23/08/2025 15:11:16,7384430360,S-001,Banexcoin Bolivia
9670,"23/08/2025 15:13:52, UTC -04:00",Completed,Sell,ElenaMoreno57Max,20149,2.91,37.99,BOB,13.05,0.00,23/08/2025 15:14:03,7384443770,S-001,Banexcoin Bolivia
9671,"23/08/2025 15:14:38, UTC -04:00",Completed,Sell,ElenaMoreno57Max,20149,11.50,149.99,BOB,13.05,0.00,23/08/2025 15:14:51,7384447950,S-001,Banexcoin Bolivia
9672,"23/08/2025 15:20:25, UTC -04:00",Completed,Sell,ElenaMoreno57Max,20149,27.59,359.99,BOB,13.05,0.00,23/08/2025 15:20:37,7384473600,S-001,Banexcoin Bolivia
9673,"23/08/2025 15:20:45, UTC -04:00",Completed,Sell,ElenaMoreno57Max,20149,27.59,359.99,BOB,13.05,0.00,23/08/2025 15:20:55,7384475160,S-001,Banexcoin Bolivia
9674,"23/08/2025 15:20:59, UTC -04:00",Completed,Sell,GloriaDelgado30Pe,20135,109.14,"1,424.00",BOB,13.05,0.00,23/08/2025 15:21:13,251604460,S-001,Banexcoin Bolivia
9675,"23/08/2025 15:21:10, UTC -04:00",Completed,Sell,ElenaMoreno57Max,20149,27.59,359.99,BOB,13.05,0.00,23/08/2025 15:21:23,7384477300,S-001,Banexcoin Bolivia
9676,"23/08/2025 15:21:52, UTC -04:00",Completed,Sell,ElenaMoreno57Max,20149,5.82,75.99,BOB,13.05,0.00,23/08/2025 15:22:03,7384480470,S-001,Banexcoin Bolivia
9677,"23/08/2025 15:23:44, UTC -04:00",Completed,Sell,ElenaMoreno57Max,20149,2.91,37.99,BOB,13.05,0.00,23/08/2025 15:23:55,7384489750,S-001,Banexcoin Bolivia
9678,"23/08/2025 15:26:17, UTC -04:00",Completed,Sell,ElenaMoreno57Max,20149,2.91,37.99,BOB,13.05,0.00,23/08/2025 15:26:27,7384501000,S-001,Banexcoin Bolivia
9679,"23/08/2025 15:27:35, UTC -04:00",Completed,Sell,ElenaMoreno57Max,20149,2.91,37.99,BOB,13.05,0.00,23/08/2025 15:27:51,7384507710,S-001,Banexcoin Bolivia
9680,"23/08/2025 15:34:19, UTC -04:00",Completed,Sell,ElenaMoreno57Max,20149,1.76,22.99,BOB,13.05,0.00,23/08/2025 15:34:38,7384538610,S-001,Banexcoin Bolivia
9686,"23/08/2025 15:57:39, UTC -04:00",Completed,Sell,ElenaMoreno57Max,20149,5.82,75.99,BOB,13.06,0.00,23/08/2025 15:57:53,7384644740,S-001,Banexcoin Bolivia
9689,"23/08/2025 16:05:53, UTC -04:00",Completed,Sell,ElenaMoreno57Max,20149,1.76,22.99,BOB,13.05,0.00,23/08/2025 16:06:07,7384682360,S-001,Banexcoin Bolivia
9691,"23/08/2025 16:29:52, UTC -04:00",Completed,Sell,MartaRamirez19Mx,20080,9.19,120.00,BOB,13.06,0.00,23/08/2025 16:30:34,7384792800,S-001,Banexcoin Bolivia
9693,"23/08/2025 17:01:27, UTC -04:00",Completed,Sell,ElenaMoreno57Max,20149,11.49,149.99,BOB,13.05,0.00,23/08/2025 17:01:37,7384936970,S-001,Banexcoin Bolivia
9694,"23/08/2025 17:10:55, UTC -04:00",Completed,Sell,ElenaMoreno57Max,20149,27.57,359.99,BOB,13.06,0.00,23/08/2025 17:11:10,7384978860,S-001,Banexcoin Bolivia
9697,"23/08/2025 17:12:38, UTC -04:00",Completed,Sell,ElenaMoreno57Max,20149,27.58,359.99,BOB,13.05,0.00,23/08/2025 17:12:50,7384986840,S-001,Banexcoin Bolivia
9698,"23/08/2025 17:21:42, UTC -04:00",Completed,Sell,GloriaDelgado30Pe,20135,1.23,16.00,BOB,13.05,0.00,23/08/2025 17:21:56,7385026960,S-001,Banexcoin Bolivia
9699,"23/08/2025 17:23:07, UTC -04:00",Completed,Sell,ElenaMoreno57Max,20149,11.49,149.99,BOB,13.05,0.00,23/08/2025 17:23:20,7385032770,S-001,Banexcoin Bolivia
9700,"23/08/2025 17:25:31, UTC -04:00",Completed,Sell,ElenaMoreno57Max,20149,1.76,22.99,BOB,13.05,0.00,23/08/2025 17:25:43,7385043050,S-001,Banexcoin Bolivia
9702,"23/08/2025 17:27:22, UTC -04:00",Completed,Sell,ElenaMoreno57Max,20149,1.76,22.99,BOB,13.05,0.00,23/08/2025 17:27:35,7385051190,S-001,Banexcoin Bolivia
9703,"23/08/2025 17:39:29, UTC -04:00",Completed,Sell,ElenaMoreno57Max,20149,2.91,37.99,BOB,13.05,0.00,23/08/2025 17:39:45,7385103870,S-001,Banexcoin Bolivia
9704,"23/08/2025 17:42:12, UTC -04:00",Completed,Sell,ElenaMoreno57Max,20149,2.91,37.99,BOB,13.05,0.00,23/08/2025 17:42:21,7385116040,S-001,Banexcoin Bolivia
9705,"23/08/2025 18:00:03, UTC -04:00",Completed,Sell,MiguelAlvarez302024,20006,38.30,500.00,BOB,13.05,0.00,23/08/2025 18:01:00,7385199430,S-001,Banexcoin Bolivia
9712,"23/08/2025 19:21:46, UTC -04:00",Completed,Sell,ElenaMoreno57Max,20149,1.76,22.99,BOB,13.06,0.00,23/08/2025 19:22:02,7385562660,S-001,Banexcoin Bolivia
9713,"23/08/2025 19:24:01, UTC -04:00",Completed,Sell,ElenaMoreno57Max,20149,2.91,37.99,BOB,13.06,0.00,23/08/2025 19:24:14,7385572000,S-001,Banexcoin Bolivia
9714,"23/08/2025 19:25:27, UTC -04:00",Completed,Sell,ElenaMoreno57Max,20149,27.57,359.99,BOB,13.06,0.00,23/08/2025 19:25:38,7385577690,S-001,Banexcoin Bolivia
9715,"23/08/2025 19:26:55, UTC -04:00",Completed,Sell,ElenaMoreno57Max,20149,1.76,22.99,BOB,13.06,0.00,23/08/2025 19:27:08,7385583520,S-001,Banexcoin Bolivia
9717,"23/08/2025 19:29:44, UTC -04:00",Completed,Sell,ElenaMoreno57Max,20149,1.76,22.99,BOB,13.06,0.00,23/08/2025 19:30:06,7385596050,S-001,Banexcoin Bolivia
9718,"23/08/2025 19:31:28, UTC -04:00",Completed,Sell,AlbertoGarcia832025,20018,5.30,69.15,BOB,13.06,0.00,23/08/2025 19:31:44,7385603090,S-001,Banexcoin Bolivia
9719,"23/08/2025 19:33:28, UTC -04:00",Completed,Sell,ElenaMoreno57Max,20149,2.91,37.99,BOB,13.06,0.00,23/08/2025 19:33:41,7385610780,S-001,Banexcoin Bolivia
9720,"23/08/2025 19:34:19, UTC -04:00",Completed,Sell,ElenaMoreno57Max,20149,5.82,75.99,BOB,13.06,0.00,23/08/2025 19:34:33,7385614150,S-001,Banexcoin Bolivia
9721,"23/08/2025 19:35:35, UTC -04:00",Completed,Sell,ElenaMoreno57Max,20149,1.76,22.99,BOB,13.06,0.00,23/08/2025 19:35:51,7385619520,S-001,Banexcoin Bolivia
9722,"23/08/2025 19:45:33, UTC -04:00",Completed,Sell,ElenaMoreno57Max,20149,5.82,75.99,BOB,13.05,0.00,23/08/2025 19:45:47,7385660910,S-001,Banexcoin Bolivia
9723,"23/08/2025 19:46:19, UTC -04:00",Completed,Sell,ElenaMoreno57Max,20149,5.82,75.99,BOB,13.05,0.00,23/08/2025 19:46:35,7385664300,S-001,Banexcoin Bolivia
9724,"23/08/2025 19:47:59, UTC -04:00",Completed,Sell,ElenaMoreno57Max,20149,1.76,22.99,BOB,13.05,0.00,23/08/2025 19:48:11,7385670610,S-001,Banexcoin Bolivia
9725,"23/08/2025 19:49:41, UTC -04:00",Completed,Sell,ElenaMoreno57Max,20149,1.76,22.99,BOB,13.05,0.00,23/08/2025 19:49:51,7385677580,S-001,Banexcoin Bolivia
9726,"23/08/2025 19:50:27, UTC -04:00",Completed,Sell,ElenaMoreno57Max,20149,1.76,22.99,BOB,13.05,0.00,23/08/2025 19:50:37,7385681070,S-001,Banexcoin Bolivia
9727,"23/08/2025 19:51:14, UTC -04:00",Completed,Sell,ElenaMoreno57Max,20149,1.76,22.99,BOB,13.05,0.00,23/08/2025 19:51:27,7385684810,S-001,Banexcoin Bolivia
9728,"23/08/2025 19:55:12, UTC -04:00",Completed,Sell,ElenaMoreno57Max,20149,2.91,37.99,BOB,13.05,0.00,23/08/2025 19:55:26,7385700900,S-001,Banexcoin Bolivia
9729,"23/08/2025 19:56:37, UTC -04:00",Completed,Sell,ElenaMoreno57Max,20149,1.76,22.99,BOB,13.05,0.00,23/08/2025 19:56:52,7385706350,S-001,Banexcoin Bolivia
9730,"23/08/2025 19:59:38, UTC -04:00",Completed,Sell,ElenaMoreno57Max,20149,2.91,37.99,BOB,13.05,0.00,23/08/2025 19:59:50,7385718130,S-001,Banexcoin Bolivia
9731,"23/08/2025 20:01:34, UTC -04:00",Completed,Sell,ElenaMoreno57Max,20149,1.76,22.99,BOB,13.05,0.00,23/08/2025 20:01:50,7385726400,S-001,Banexcoin Bolivia
9732,"23/08/2025 20:09:43, UTC -04:00",Completed,Sell,ElenaMoreno57Max,20149,2.91,37.99,BOB,13.05,0.00,23/08/2025 20:09:56,7385758320,S-001,Banexcoin Bolivia
9744,"23/08/2025 21:43:50, UTC -04:00",Completed,Sell,MiguelLeon28Ar,20028,0.08,1.00,BOB,13.03,0.00,23/08/2025 21:44:21,7386068710,S-001,Banexcoin Bolivia
9754,"23/08/2025 22:12:30, UTC -04:00",Completed,Sell,GloriaDelgado30Pe,20135,2.30,30.00,BOB,13.03,0.00,23/08/2025 22:12:44,7386140570,S-001,Banexcoin Bolivia
9755,"23/08/2025 22:50:39, UTC -04:00",Completed,Sell,LuciaHerrera662025,20019,1.08,14.00,BOB,13.02,0.00,23/08/2025 22:51:08,7386221440,S-001,Banexcoin Bolivia
9756,"23/08/2025 23:11:01, UTC -04:00",Completed,Sell,GloriaDelgado30Pe,20135,10.09,131.25,BOB,13.01,0.00,23/08/2025 23:11:15,7386256600,S-001,Banexcoin Bolivia
9757,"23/08/2025 23:23:15, UTC -04:00",Completed,Sell,MariaFlores93Max,10006,3.84,50.00,BOB,13.01,0.00,23/08/2025 23:23:49,7386275610,S-001,Banexcoin Bolivia
9758,"24/08/2025 00:29:41, UTC -04:00",Completed,Sell,ElenaMoreno57Max,20149,27.70,359.99,BOB,13.00,0.00,24/08/2025 00:29:52,7386345740,S-001,Banexcoin Bolivia
9759,"24/08/2025 02:15:02, UTC -04:00",Completed,Sell,GloriaDelgado30Pe,20135,1.85,24.00,BOB,13.00,0.00,24/08/2025 02:15:17,7386413220,S-001,Banexcoin Bolivia
9760,"24/08/2025 03:52:02, UTC -04:00",Completed,Sell,AlbertoReyes24007,20104,1.54,20.00,BOB,13.01,0.00,24/08/2025 03:52:16,7386454660,S-001,Banexcoin Bolivia
9766,"24/08/2025 11:08:01, UTC -04:00",Completed,Sell,ElenaMoreno57Max,20149,2.92,37.99,BOB,13.01,0.00,24/08/2025 11:08:24,7387056370,S-001,Banexcoin Bolivia
9767,"24/08/2025 11:14:44, UTC -04:00",Completed,Sell,ElenaMoreno57Max,20149,2.92,37.99,BOB,13.01,0.00,24/08/2025 11:14:57,7387080370,S-001,Banexcoin Bolivia
9768,"24/08/2025 11:20:43, UTC -04:00",Completed,Sell,DiegoTorres79Mx,20052,0.77,10.00,BOB,13.01,0.00,24/08/2025 11:22:37,7387109620,S-001,Banexcoin Bolivia
9771,"24/08/2025 12:04:28, UTC -04:00",Completed,Sell,CristinaSuarez852025,10003,5.78,75.00,BOB,12.98,0.00,24/08/2025 12:05:01,7387277990,S-001,Banexcoin Bolivia
9772,"24/08/2025 12:20:14, UTC -04:00",Completed,Sell,MariaFlores93Max,10006,10.34,134.00,BOB,12.96,0.00,24/08/2025 12:20:27,251813100,S-001,Banexcoin Bolivia
9773,"24/08/2025 12:22:27, UTC -04:00",Completed,Sell,ElenaMoreno57Max,20149,1.77,22.99,BOB,12.96,0.00,24/08/2025 12:22:40,7387354160,S-001,Banexcoin Bolivia
9774,"24/08/2025 12:25:00, UTC -04:00",Completed,Sell,ElenaMoreno57Max,20149,1.77,22.99,BOB,12.96,0.00,24/08/2025 12:25:10,7387364410,S-001,Banexcoin Bolivia
9775,"24/08/2025 12:31:49, UTC -04:00",Completed,Sell,ElenaMoreno57Max,20149,2.94,37.99,BOB,12.94,0.00,24/08/2025 12:32:02,7387394440,S-001,Banexcoin Bolivia
9776,"24/08/2025 12:32:06, UTC -04:00",Completed,Sell,AlbertoReyes24007,20104,5.18,67.00,BOB,12.95,0.00,24/08/2025 12:32:20,7387396080,S-001,Banexcoin Bolivia
9777,"24/08/2025 12:32:57, UTC -04:00",Completed,Sell,ElenaMoreno57Max,20149,1.78,22.99,BOB,12.95,0.00,24/08/2025 12:33:10,7387400370,S-001,Banexcoin Bolivia
9778,"24/08/2025 12:33:56, UTC -04:00",Completed,Sell,ElenaMoreno57Max,20149,1.78,22.99,BOB,12.94,0.00,24/08/2025 12:34:08,7387405030,S-001,Banexcoin Bolivia
9781,"24/08/2025 12:42:43, UTC -04:00",Completed,Sell,GloriaDelgado30Pe,20135,7.72,100.00,BOB,12.95,0.00,24/08/2025 12:42:56,7387443620,S-001,Banexcoin Bolivia
9782,"24/08/2025 12:47:18, UTC -04:00",Completed,Sell,ElenaMoreno57Max,20149,11.58,149.99,BOB,12.95,0.00,24/08/2025 12:47:31,7387463530,S-001,Banexcoin Bolivia
9783,"24/08/2025 12:50:23, UTC -04:00",Completed,Sell,ElenaMoreno57Max,20149,2.93,37.99,BOB,12.95,0.00,24/08/2025 12:50:37,7387476640,S-001,Banexcoin Bolivia
9784,"24/08/2025 13:11:57, UTC -04:00",Completed,Sell,ElenaMoreno57Max,20149,5.86,75.99,BOB,12.96,0.00,24/08/2025 13:12:10,7387568960,S-001,Banexcoin Bolivia
9785,"24/08/2025 13:34:36, UTC -04:00",Completed,Sell,ElenaMoreno57Max,20149,2.93,37.99,BOB,12.98,0.00,24/08/2025 13:34:49,7387661770,S-001,Banexcoin Bolivia
9786,"24/08/2025 14:32:01, UTC -04:00",Completed,Sell,GloriaDelgado30Pe,20135,2.79,36.20,BOB,13.00,0.00,24/08/2025 14:32:16,7387876970,S-001,Banexcoin Bolivia
9793,"24/08/2025 14:37:26, UTC -04:00",Completed,Sell,VictorDominguez87007,20089,8.46,110.00,BOB,13.00,0.00,24/08/2025 14:38:16,7387898210,S-001,Banexcoin Bolivia
9807,"24/08/2025 18:43:36, UTC -04:00",Completed,Sell,NataliaLopez30Mx,20188,3.05,39.70,BOB,13.03,0.00,24/08/2025 18:44:19,7388685280,S-001,Banexcoin Bolivia
9808,"24/08/2025 19:01:53, UTC -04:00",Completed,Sell,GloriaDelgado30Pe,20135,8.44,110.00,BOB,13.03,0.00,24/08/2025 19:02:08,7388747690,S-001,Banexcoin Bolivia
9809,"24/08/2025 19:29:39, UTC -04:00",Completed,Sell,DiegoTorres79Mx,20052,7.67,100.00,BOB,13.03,0.00,24/08/2025 19:30:53,7388846270,S-001,Banexcoin Bolivia
9812,"24/08/2025 20:37:00, UTC -04:00",Completed,Sell,RosaMunoz92007,20150,0.77,10.00,BOB,13.04,0.00,24/08/2025 20:37:39,7389063940,S-001,Banexcoin Bolivia
9821,"25/08/2025 07:25:38, UTC -04:00",Completed,Sell,EduardoCruz322025,20005,23.02,300.00,BOB,13.03,0.00,25/08/2025 07:25:55,7389581680,S-001,Banexcoin Bolivia
9822,"25/08/2025 07:27:47, UTC -04:00",Completed,Sell,ClaudiaDiaz50Cl,20014,0.19,2.54,BOB,13.03,0.00,25/08/2025 07:28:03,7389584630,S-001,Banexcoin Bolivia
9827,"25/08/2025 09:30:10, UTC -04:00",Completed,Sell,SilviaDiaz402025,20040,29.95,390.00,BOB,13.02,0.00,25/08/2025 09:30:45,7389903310,S-001,Banexcoin Bolivia
9830,"25/08/2025 09:34:24, UTC -04:00",Completed,Sell,ElenaMoreno57Max,20149,11.52,149.99,BOB,13.02,0.00,25/08/2025 09:34:37,7389917960,S-001,Banexcoin Bolivia
9832,"25/08/2025 09:36:32, UTC -04:00",Completed,Sell,ElenaMoreno57Max,20149,5.83,75.99,BOB,13.03,0.00,25/08/2025 09:36:45,7389926950,S-001,Banexcoin Bolivia
9834,"25/08/2025 09:38:23, UTC -04:00",Completed,Sell,ElenaMoreno57Max,20149,2.92,37.99,BOB,13.03,0.00,25/08/2025 09:38:37,7389934940,S-001,Banexcoin Bolivia
9835,"25/08/2025 09:48:41, UTC -04:00",Completed,Sell,LuciaHerrera662025,20019,1.54,20.00,BOB,13.02,0.00,25/08/2025 09:49:12,7389975380,S-001,Banexcoin Bolivia
9840,"25/08/2025 10:47:15, UTC -04:00",Completed,Sell,ElenaMoreno57Max,20149,1.77,22.99,BOB,13.02,0.00,25/08/2025 10:47:28,7390208540,S-001,Banexcoin Bolivia
9849,"25/08/2025 11:21:36, UTC -04:00",Completed,Sell,ElenaMoreno57Max,20149,5.83,75.99,BOB,13.03,0.00,25/08/2025 11:21:48,7390354190,S-001,Banexcoin Bolivia
9855,"25/08/2025 11:35:14, UTC -04:00",Completed,Sell,ElenaMoreno57Max,20149,27.64,359.99,BOB,13.02,0.00,25/08/2025 11:35:55,7390416800,S-001,Banexcoin Bolivia
9856,"25/08/2025 11:36:07, UTC -04:00",Completed,Sell,ElenaMoreno57Max,20149,27.64,359.99,BOB,13.02,0.00,25/08/2025 11:36:21,7390418770,S-001,Banexcoin Bolivia
9857,"25/08/2025 11:49:22, UTC -04:00",Completed,Sell,RosaGutierrez20Co,20147,33.02,430.00,BOB,13.02,0.00,25/08/2025 11:50:01,7390482430,S-001,Banexcoin Bolivia
9859,"25/08/2025 12:25:26, UTC -04:00",Completed,Sell,ElenaMoreno57Max,20149,1.77,22.99,BOB,13.01,0.00,25/08/2025 12:25:39,7390662310,S-001,Banexcoin Bolivia
9860,"25/08/2025 12:27:14, UTC -04:00",Completed,Sell,ElenaMoreno57Max,20149,1.77,22.99,BOB,13.01,0.00,25/08/2025 12:27:27,7390671560,S-001,Banexcoin Bolivia
9861,"25/08/2025 12:30:02, UTC -04:00",Completed,Sell,ElenaMoreno57Max,20149,5.84,75.99,BOB,13.01,0.00,25/08/2025 12:30:19,7390687840,S-001,Banexcoin Bolivia
9862,"25/08/2025 12:30:43, UTC -04:00",Completed,Sell,ElenaMoreno57Max,20149,11.53,149.99,BOB,13.01,0.00,25/08/2025 12:30:55,7390690700,S-001,Banexcoin Bolivia
9863,"25/08/2025 12:34:37, UTC -04:00",Completed,Sell,ElenaMoreno57Max,20149,2.92,37.99,BOB,13.01,0.00,25/08/2025 12:34:49,7390711660,S-001,Banexcoin Bolivia
9865,"25/08/2025 12:40:53, UTC -04:00",Completed,Sell,ElenaMoreno57Max,20149,5.84,75.99,BOB,13.01,0.00,25/08/2025 12:41:06,7390745520,S-001,Banexcoin Bolivia
9866,"25/08/2025 12:42:29, UTC -04:00",Completed,Sell,ElenaMoreno57Max,20149,2.92,37.99,BOB,13.01,0.00,25/08/2025 12:42:42,7390754230,S-001,Banexcoin Bolivia
9867,"25/08/2025 12:42:49, UTC -04:00",Completed,Sell,ElenaMoreno57Max,20149,1.77,22.99,BOB,13.01,0.00,25/08/2025 12:43:02,7390756130,S-001,Banexcoin Bolivia
9869,"25/08/2025 12:43:26, UTC -04:00",Completed,Sell,ElenaMoreno57Max,20149,1.77,22.99,BOB,13.01,0.00,25/08/2025 12:43:40,7390759500,S-001,Banexcoin Bolivia
9870,"25/08/2025 12:43:51, UTC -04:00",Completed,Sell,ElenaMoreno57Max,20149,1.77,22.99,BOB,13.01,0.00,25/08/2025 12:44:04,7390761630,S-001,Banexcoin Bolivia
9871,"25/08/2025 12:44:15, UTC -04:00",Completed,Sell,ElenaMoreno57Max,20149,1.77,22.99,BOB,13.01,0.00,25/08/2025 12:44:28,7390763630,S-001,Banexcoin Bolivia
9873,"25/08/2025 12:45:36, UTC -04:00",Completed,Sell,VeronicaLeon95Co,20174,0.77,10.00,BOB,13.01,0.00,25/08/2025 12:46:00,7390771270,S-001,Banexcoin Bolivia
9874,"25/08/2025 13:10:17, UTC -04:00",Completed,Sell,ElenaMoreno57Max,20149,2.92,37.99,BOB,13.01,0.00,25/08/2025 13:10:31,7390895770,S-001,Banexcoin Bolivia
9875,"25/08/2025 13:18:43, UTC -04:00",Completed,Sell,JuanRodriguez90Max,20106,5.15,67.00,BOB,13.00,0.00,25/08/2025 13:19:05,7390938410,S-001,Banexcoin Bolivia
9876,"25/08/2025 13:33:17, UTC -04:00",Completed,Sell,ElenaMoreno57Max,20149,2.92,37.99,BOB,13.00,0.00,25/08/2025 13:33:30,7391004730,S-001,Banexcoin Bolivia
9879,"25/08/2025 13:38:55, UTC -04:00",Completed,Sell,AndresVega17Pro,10086,3.85,50.00,BOB,13.00,0.00,25/08/2025 13:39:08,7391030260,S-001,Banexcoin Bolivia
9880,"25/08/2025 13:42:56, UTC -04:00",Completed,Sell,ElenaMoreno57Max,20149,2.92,37.99,BOB,13.00,0.00,25/08/2025 13:43:09,7391047640,S-001,Banexcoin Bolivia
9881,"25/08/2025 13:51:38, UTC -04:00",Completed,Sell,RosaMunoz92007,20150,1.15,15.00,BOB,13.01,0.00,25/08/2025 13:52:13,7391088780,S-001,Banexcoin Bolivia
9882,"25/08/2025 13:55:19, UTC -04:00",Completed,Sell,ElenaMoreno57Max,20149,5.84,75.99,BOB,13.01,0.00,25/08/2025 13:55:29,7391102850,S-001,Banexcoin Bolivia
9883,"25/08/2025 13:56:46, UTC -04:00",Completed,Sell,ElenaMoreno57Max,20149,1.77,22.99,BOB,13.01,0.00,25/08/2025 13:56:57,7391109290,S-001,Banexcoin Bolivia
9884,"25/08/2025 13:56:49, UTC -04:00",Completed,Sell,RosaMunoz92007,20150,53.64,698.00,BOB,13.01,0.00,25/08/2025 13:57:23,7391110910,S-001,Banexcoin Bolivia
9885,"25/08/2025 14:00:44, UTC -04:00",Completed,Sell,ElenaMoreno57Max,20149,1.77,22.99,BOB,13.01,0.00,25/08/2025 14:00:57,7391126400,S-001,Banexcoin Bolivia
9886,"25/08/2025 14:04:59, UTC -04:00",Completed,Sell,ElenaMoreno57Max,20149,1.77,22.99,BOB,13.01,0.00,25/08/2025 14:05:12,7391146390,S-001,Banexcoin Bolivia
9887,"25/08/2025 14:05:52, UTC -04:00",Completed,Sell,ElenaMoreno57Max,20149,5.84,75.99,BOB,13.01,0.00,25/08/2025 14:06:06,7391150670,S-001,Banexcoin Bolivia
9888,"25/08/2025 14:09:20, UTC -04:00",Completed,Sell,DiegoTorres79Mx,20052,0.77,10.00,BOB,13.01,0.00,25/08/2025 14:09:56,7391167500,S-001,Banexcoin Bolivia
9889,"25/08/2025 14:14:00, UTC -04:00",Completed,Sell,ElenaMoreno57Max,20149,5.84,75.99,BOB,13.01,0.00,25/08/2025 14:14:14,7391187140,S-001,Banexcoin Bolivia
9890,"25/08/2025 14:14:33, UTC -04:00",Completed,Sell,ElenaMoreno57Max,20149,5.84,75.99,BOB,13.01,0.00,25/08/2025 14:14:44,7391189360,S-001,Banexcoin Bolivia
9891,"25/08/2025 14:17:41, UTC -04:00",Completed,Sell,MariaFlores93Max,10006,1.38,18.00,BOB,13.01,0.00,25/08/2025 14:17:58,7391203060,S-001,Banexcoin Bolivia
9893,"25/08/2025 14:24:05, UTC -04:00",Completed,Sell,ElenaMoreno57Max,20149,1.77,22.99,BOB,13.02,0.00,25/08/2025 14:24:16,7391231960,S-001,Banexcoin Bolivia
9894,"25/08/2025 14:24:38, UTC -04:00",Completed,Sell,ElenaMoreno57Max,20149,5.84,75.99,BOB,13.02,0.00,25/08/2025 14:24:50,7391234100,S-001,Banexcoin Bolivia
9895,"25/08/2025 14:30:58, UTC -04:00",Completed,Sell,ElenaMoreno57Max,20149,27.65,359.99,BOB,13.02,0.00,25/08/2025 14:31:13,7391262000,S-001,Banexcoin Bolivia
9896,"25/08/2025 15:11:56, UTC -04:00",Completed,Sell,ElenaMoreno57Max,20149,5.84,75.99,BOB,13.02,0.00,25/08/2025 15:12:09,7391446260,S-001,Banexcoin Bolivia
9899,"25/08/2025 15:55:59, UTC -04:00",Completed,Sell,AndresGarcia95Bo,20013,9.18,120.00,BOB,13.07,0.00,25/08/2025 15:56:29,7391652700,S-001,Banexcoin Bolivia
9900,"25/08/2025 16:04:50, UTC -04:00",Completed,Sell,DianaDiaz74Ar,20025,0.77,10.00,BOB,13.07,0.00,25/08/2025 16:05:13,7391693120,S-001,Banexcoin Bolivia
9903,"25/08/2025 16:26:12, UTC -04:00",Completed,Sell,ElenaMoreno57Max,20149,5.81,75.99,BOB,13.07,0.00,25/08/2025 16:26:36,7391795400,S-001,Banexcoin Bolivia
9904,"25/08/2025 16:26:53, UTC -04:00",Completed,Sell,ElenaMoreno57Max,20149,2.91,37.99,BOB,13.07,0.00,25/08/2025 16:27:06,7391797660,S-001,Banexcoin Bolivia
9905,"25/08/2025 16:30:03, UTC -04:00",Completed,Sell,ElenaMoreno57Max,20149,11.48,149.99,BOB,13.07,0.00,25/08/2025 16:30:16,7391812800,S-001,Banexcoin Bolivia
9906,"25/08/2025 16:33:49, UTC -04:00",Completed,Sell,GloriaDelgado30Pe,20135,1.30,17.00,BOB,13.07,0.00,25/08/2025 16:34:04,7391831700,S-001,Banexcoin Bolivia
9907,"25/08/2025 16:51:27, UTC -04:00",Completed,Sell,JuanRodriguez90Max,20106,22.94,300.00,BOB,13.08,0.00,25/08/2025 16:52:29,7391921230,S-001,Banexcoin Bolivia
9908,"25/08/2025 16:56:09, UTC -04:00",Completed,Sell,AndresGarcia95Bo,20013,0.31,4.00,BOB,13.07,0.00,25/08/2025 16:56:31,7391941320,S-001,Banexcoin Bolivia
9922,"25/08/2025 18:27:38, UTC -04:00",Completed,Sell,ElenaMoreno57Max,20149,5.81,75.99,BOB,13.07,0.00,25/08/2025 18:28:06,7392412910,S-001,Banexcoin Bolivia
9926,"25/08/2025 18:48:00, UTC -04:00",Completed,Sell,ElenaMoreno57Max,20149,11.48,149.99,BOB,13.07,0.00,25/08/2025 18:48:17,7392520220,S-001,Banexcoin Bolivia
9929,"25/08/2025 19:03:29, UTC -04:00",Completed,Sell,AndresGarcia95Bo,20013,0.77,10.00,BOB,13.07,0.00,25/08/2025 19:03:43,7392598660,S-001,Banexcoin Bolivia
9930,"25/08/2025 19:04:39, UTC -04:00",Completed,Sell,JuanRodriguez90Max,20106,2.60,34.00,BOB,13.07,0.00,25/08/2025 19:04:53,252231730,S-001,Banexcoin Bolivia
9934,"25/08/2025 19:54:44, UTC -04:00",Completed,Sell,MiguelAlvarez302024,20006,22.94,300.00,BOB,13.08,0.00,25/08/2025 19:55:06,7392841440,S-001,Banexcoin Bolivia
9942,"25/08/2025 20:28:23, UTC -04:00",Completed,Sell,ElenaMoreno57Max,20149,5.81,75.99,BOB,13.08,0.00,25/08/2025 20:28:35,7392979340,S-001,Banexcoin Bolivia
9944,"25/08/2025 20:29:50, UTC -04:00",Completed,Sell,ElenaMoreno57Max,20149,1.76,22.99,BOB,13.08,0.00,25/08/2025 20:30:03,7392984840,S-001,Banexcoin Bolivia
9945,"25/08/2025 20:34:24, UTC -04:00",Completed,Sell,ElenaMoreno57Max,20149,2.90,37.99,BOB,13.08,0.00,25/08/2025 20:34:35,7393001480,S-001,Banexcoin Bolivia
9947,"25/08/2025 20:38:10, UTC -04:00",Completed,Sell,ElenaMoreno57Max,20149,5.81,75.99,BOB,13.08,0.00,25/08/2025 20:38:22,7393015680,S-001,Banexcoin Bolivia
9948,"25/08/2025 20:41:12, UTC -04:00",Completed,Sell,ElenaMoreno57Max,20149,5.81,75.99,BOB,13.08,0.00,25/08/2025 20:41:26,7393026490,S-001,Banexcoin Bolivia
9950,"25/08/2025 20:47:03, UTC -04:00",Completed,Sell,RosaMolina512025,20047,0.69,9.00,BOB,13.08,0.00,25/08/2025 20:47:18,7393048140,S-001,Banexcoin Bolivia
9952,"25/08/2025 20:50:26, UTC -04:00",Completed,Sell,ElenaMoreno57Max,20149,1.76,22.99,BOB,13.08,0.00,25/08/2025 20:50:38,7393059280,S-001,Banexcoin Bolivia
9953,"25/08/2025 21:05:32, UTC -04:00",Completed,Sell,ElenaMoreno57Max,20149,1.76,22.99,BOB,13.08,0.00,25/08/2025 21:05:47,7393109980,S-001,Banexcoin Bolivia
9955,"25/08/2025 21:14:22, UTC -04:00",Completed,Sell,ElenaMoreno57Max,20149,27.52,359.99,BOB,13.08,0.00,25/08/2025 21:14:33,7393137860,S-001,Banexcoin Bolivia
9956,"25/08/2025 21:26:34, UTC -04:00",Completed,Sell,ElenaMoreno57Max,20149,5.81,75.99,BOB,13.08,0.00,25/08/2025 21:26:48,7393175110,S-001,Banexcoin Bolivia
9957,"25/08/2025 21:27:08, UTC -04:00",Completed,Sell,ElenaMoreno57Max,20149,5.81,75.99,BOB,13.08,0.00,25/08/2025 21:27:22,7393176650,S-001,Banexcoin Bolivia
9958,"25/08/2025 21:29:15, UTC -04:00",Completed,Sell,ElenaMoreno57Max,20149,2.90,37.99,BOB,13.08,0.00,25/08/2025 21:29:28,7393182610,S-001,Banexcoin Bolivia
9959,"25/08/2025 21:32:08, UTC -04:00",Completed,Sell,ElenaMoreno57Max,20149,1.76,22.99,BOB,13.08,0.00,25/08/2025 21:32:22,7393190550,S-001,Banexcoin Bolivia
9961,"25/08/2025 21:38:36, UTC -04:00",Completed,Sell,JoseGonzalez60456,20189,0.76,10.00,BOB,13.08,0.00,25/08/2025 21:39:54,7393210320,S-001,Banexcoin Bolivia
9962,"25/08/2025 21:42:18, UTC -04:00",Completed,Sell,JuanRodriguez90Max,20106,7.65,100.00,BOB,13.08,0.00,25/08/2025 21:42:45,7393218270,S-001,Banexcoin Bolivia
9963,"25/08/2025 21:48:29, UTC -04:00",Completed,Sell,ElenaMoreno57Max,20149,27.52,359.99,BOB,13.08,0.00,25/08/2025 21:48:41,7393233760,S-001,Banexcoin Bolivia
9965,"25/08/2025 21:49:48, UTC -04:00",Completed,Sell,ElenaMoreno57Max,20149,5.81,75.99,BOB,13.08,0.00,25/08/2025 21:49:59,7393237030,S-001,Banexcoin Bolivia
9968,"25/08/2025 21:56:19, UTC -04:00",Completed,Sell,ElenaMoreno57Max,20149,5.81,75.99,BOB,13.08,0.00,25/08/2025 21:56:31,7393252260,S-001,Banexcoin Bolivia
9969,"25/08/2025 21:56:44, UTC -04:00",Completed,Sell,ElenaMoreno57Max,20149,2.90,37.99,BOB,13.08,0.00,25/08/2025 21:56:59,7393253430,S-001,Banexcoin Bolivia
9973,"25/08/2025 22:06:33, UTC -04:00",Completed,Sell,CarlosSanchez522025,20001,0.06,0.75,BOB,13.08,0.00,25/08/2025 22:06:50,7393276370,S-001,Banexcoin Bolivia
9978,"25/08/2025 22:29:18, UTC -04:00",Completed,Sell,ElenaMoreno57Max,20149,2.90,37.99,BOB,13.08,0.00,25/08/2025 22:29:31,7393325020,S-001,Banexcoin Bolivia
9989,"26/08/2025 09:06:11, UTC -04:00",Completed,Sell,AndresVega17Pro,10086,30.59,400.00,BOB,13.07,0.00,26/08/2025 09:06:25,7393860970,S-001,Banexcoin Bolivia
9998,"26/08/2025 10:11:49, UTC -04:00",Completed,Sell,AnaTorres85Ec,20180,0.15,2.00,BOB,13.09,0.00,26/08/2025 10:12:04,7394140190,S-001,Banexcoin Bolivia
10000,"26/08/2025 11:15:54, UTC -04:00",Completed,Sell,JoseGonzalez60456,20189,0.76,10.00,BOB,13.09,0.00,26/08/2025 11:16:53,7394449200,S-001,Banexcoin Bolivia
10002,"26/08/2025 11:51:26, UTC -04:00",Completed,Sell,JuanRodriguez90Max,20106,519.47,"6,784.00",BOB,13.06,0.00,26/08/2025 11:51:58,7394620590,S-001,Banexcoin Bolivia
10003,"26/08/2025 12:02:37, UTC -04:00",Completed,Sell,JoseGonzalez60456,20189,7.47,97.63,BOB,13.06,0.00,26/08/2025 12:03:11,7394678500,S-001,Banexcoin Bolivia
10004,"26/08/2025 13:04:33, UTC -04:00",Completed,Sell,ElenaMoreno57Max,20149,1.76,22.99,BOB,13.05,0.00,26/08/2025 13:04:46,7395018810,S-001,Banexcoin Bolivia
10005,"26/08/2025 13:06:44, UTC -04:00",Completed,Sell,ElenaMoreno57Max,20149,11.50,149.99,BOB,13.05,0.00,26/08/2025 13:06:58,7395031210,S-001,Banexcoin Bolivia
10006,"26/08/2025 13:10:59, UTC -04:00",Completed,Sell,ElenaMoreno57Max,20149,2.91,37.99,BOB,13.05,0.00,26/08/2025 13:11:16,7395053150,S-001,Banexcoin Bolivia
10007,"26/08/2025 13:11:54, UTC -04:00",Completed,Sell,ElenaMoreno57Max,20149,2.91,37.99,BOB,13.04,0.00,26/08/2025 13:12:08,7395057670,S-001,Banexcoin Bolivia
10009,"26/08/2025 13:14:17, UTC -04:00",Completed,Sell,ElenaMoreno57Max,20149,11.50,149.99,BOB,13.05,0.00,26/08/2025 13:14:30,7395070500,S-001,Banexcoin Bolivia
10010,"26/08/2025 13:15:15, UTC -04:00",Completed,Sell,ElenaMoreno57Max,20149,1.76,22.99,BOB,13.04,0.00,26/08/2025 13:15:26,7395075330,S-001,Banexcoin Bolivia
10017,"26/08/2025 14:09:04, UTC -04:00",Completed,Sell,JuanRodriguez90Max,20106,5.91,77.00,BOB,13.03,0.00,26/08/2025 14:09:31,7395335040,S-001,Banexcoin Bolivia
10018,"26/08/2025 14:20:19, UTC -04:00",Completed,Sell,ElenaMoreno57Max,20149,5.83,75.99,BOB,13.03,0.00,26/08/2025 14:20:45,7395387250,S-001,Banexcoin Bolivia
10019,"26/08/2025 14:29:14, UTC -04:00",Completed,Sell,ElenaMoreno57Max,20149,0.57,7.49,BOB,13.03,0.00,26/08/2025 14:29:28,7395426240,S-001,Banexcoin Bolivia
10020,"26/08/2025 14:44:00, UTC -04:00",Completed,Sell,ElenaMoreno57Max,20149,11.50,149.99,BOB,13.04,0.00,26/08/2025 14:44:12,7395495300,S-001,Banexcoin Bolivia
10021,"26/08/2025 14:45:03, UTC -04:00",Completed,Sell,ElenaMoreno57Max,20149,2.91,37.99,BOB,13.04,0.00,26/08/2025 14:45:24,7395500700,S-001,Banexcoin Bolivia
10022,"26/08/2025 14:47:02, UTC -04:00",Completed,Sell,ElenaMoreno57Max,20149,2.91,37.99,BOB,13.04,0.00,26/08/2025 14:47:14,7395508620,S-001,Banexcoin Bolivia
10024,"26/08/2025 14:54:53, UTC -04:00",Completed,Sell,ElenaMoreno57Max,20149,1.76,22.99,BOB,13.04,0.00,26/08/2025 14:55:09,7395544920,S-001,Banexcoin Bolivia
10025,"26/08/2025 15:03:02, UTC -04:00",Completed,Sell,ElenaMoreno57Max,20149,5.82,75.99,BOB,13.05,0.00,26/08/2025 15:03:17,7395582920,S-001,Banexcoin Bolivia
10026,"26/08/2025 15:33:51, UTC -04:00",Completed,Sell,ElenaMoreno57Max,20149,1.76,22.99,BOB,13.04,0.00,26/08/2025 15:34:09,7395727660,S-001,Banexcoin Bolivia
10028,"26/08/2025 15:47:45, UTC -04:00",Completed,Sell,AndresVega17Pro,10086,3.83,50.00,BOB,13.04,0.00,26/08/2025 15:47:59,7395796170,S-001,Banexcoin Bolivia
10029,"26/08/2025 16:00:04, UTC -04:00",Completed,Sell,ElenaMoreno57Max,20149,2.91,37.99,BOB,13.04,0.00,26/08/2025 16:00:20,7395855630,S-001,Banexcoin Bolivia
10030,"26/08/2025 16:01:39, UTC -04:00",Completed,Sell,ElenaMoreno57Max,20149,5.83,75.99,BOB,13.04,0.00,26/08/2025 16:01:54,7395863010,S-001,Banexcoin Bolivia
10031,"26/08/2025 16:08:36, UTC -04:00",Completed,Sell,ElenaMoreno57Max,20149,1.76,22.99,BOB,13.04,0.00,26/08/2025 16:08:50,7395897370,S-001,Banexcoin Bolivia
10034,"26/08/2025 16:10:48, UTC -04:00",Completed,Sell,ElenaMoreno57Max,20149,1.76,22.99,BOB,13.04,0.00,26/08/2025 16:11:00,7395907730,S-001,Banexcoin Bolivia
10036,"26/08/2025 16:29:57, UTC -04:00",Completed,Sell,ElenaMoreno57Max,20149,2.91,37.99,BOB,13.05,0.00,26/08/2025 16:30:09,7395997670,S-001,Banexcoin Bolivia
10037,"26/08/2025 16:32:21, UTC -04:00",Completed,Sell,ElenaMoreno57Max,20149,2.91,37.99,BOB,13.05,0.00,26/08/2025 16:32:33,7396010120,S-001,Banexcoin Bolivia
10038,"26/08/2025 17:01:03, UTC -04:00",Completed,Sell,VictorFernandez452024,10001,23.00,300.00,BOB,13.04,0.00,26/08/2025 17:01:27,7396153640,S-001,Banexcoin Bolivia
10043,"26/08/2025 17:43:43, UTC -04:00",Completed,Sell,JuanRodriguez90Max,20106,10.89,142.10,BOB,13.05,0.00,26/08/2025 17:43:59,7396374470,S-001,Banexcoin Bolivia
10045,"26/08/2025 17:50:56, UTC -04:00",Completed,Sell,LuisPerez87Max,20032,0.38,5.00,BOB,13.05,0.00,26/08/2025 17:51:13,7396412750,S-001,Banexcoin Bolivia
10046,"26/08/2025 17:52:16, UTC -04:00",Completed,Sell,AlbertoLeon10007,10008,5.75,75.00,BOB,13.05,0.00,26/08/2025 17:52:29,7396419830,S-001,Banexcoin Bolivia
10054,"26/08/2025 19:07:15, UTC -04:00",Completed,Sell,ElenaMoreno57Max,20149,1.76,22.99,BOB,13.04,0.00,26/08/2025 19:07:29,7396825940,S-001,Banexcoin Bolivia
10055,"26/08/2025 19:07:56, UTC -04:00",Completed,Sell,ElenaMoreno57Max,20149,2.91,37.99,BOB,13.04,0.00,26/08/2025 19:08:11,7396830070,S-001,Banexcoin Bolivia
10056,"26/08/2025 19:08:11, UTC -04:00",Completed,Sell,LuciaHernandez442025,20102,6.13,80.00,BOB,13.04,0.00,26/08/2025 19:08:39,7396832580,S-001,Banexcoin Bolivia
10057,"26/08/2025 19:08:43, UTC -04:00",Completed,Sell,ElenaMoreno57Max,20149,5.83,75.99,BOB,13.04,0.00,26/08/2025 19:08:59,7396834640,S-001,Banexcoin Bolivia
10058,"26/08/2025 19:09:27, UTC -04:00",Completed,Sell,ElenaMoreno57Max,20149,1.76,22.99,BOB,13.04,0.00,26/08/2025 19:09:41,7396838600,S-001,Banexcoin Bolivia
10059,"26/08/2025 19:12:46, UTC -04:00",Completed,Sell,ElenaMoreno57Max,20149,5.82,75.99,BOB,13.05,0.00,26/08/2025 19:12:57,7396856020,S-001,Banexcoin Bolivia
10060,"26/08/2025 19:13:33, UTC -04:00",Completed,Sell,ElenaMoreno57Max,20149,2.91,37.99,BOB,13.05,0.00,26/08/2025 19:13:47,7396859960,S-001,Banexcoin Bolivia
10061,"26/08/2025 19:14:42, UTC -04:00",Completed,Sell,ElenaMoreno57Max,20149,1.76,22.99,BOB,13.04,0.00,26/08/2025 19:14:57,7396866050,S-001,Banexcoin Bolivia
10062,"26/08/2025 19:20:12, UTC -04:00",Completed,Sell,ElenaMoreno57Max,20149,1.76,22.99,BOB,13.04,0.00,26/08/2025 19:20:27,7396894560,S-001,Banexcoin Bolivia
10063,"26/08/2025 19:21:27, UTC -04:00",Completed,Sell,ElenaMoreno57Max,20149,11.50,149.99,BOB,13.04,0.00,26/08/2025 19:21:39,7396900770,S-001,Banexcoin Bolivia
10066,"26/08/2025 19:26:57, UTC -04:00",Completed,Sell,ElenaMoreno57Max,20149,5.83,75.99,BOB,13.04,0.00,26/08/2025 19:27:09,7396929180,S-001,Banexcoin Bolivia
10067,"26/08/2025 19:29:14, UTC -04:00",Completed,Sell,ElenaMoreno57Max,20149,1.76,22.99,BOB,13.04,0.00,26/08/2025 19:29:28,7396940240,S-001,Banexcoin Bolivia
10068,"26/08/2025 19:33:02, UTC -04:00",Completed,Sell,ElenaMoreno57Max,20149,5.83,75.99,BOB,13.04,0.00,26/08/2025 19:33:16,7396959220,S-001,Banexcoin Bolivia
10069,"26/08/2025 19:40:09, UTC -04:00",Completed,Sell,PabloBlanco44456,10025,3.83,50.00,BOB,13.04,0.00,26/08/2025 19:40:34,7396993240,S-001,Banexcoin Bolivia
10071,"26/08/2025 19:43:17, UTC -04:00",Completed,Sell,PabloBlanco44456,10025,5.37,70.00,BOB,13.04,0.00,26/08/2025 19:43:40,7397008620,S-001,Banexcoin Bolivia
10072,"26/08/2025 20:01:39, UTC -04:00",Completed,Sell,AlbertoLeon10007,10008,2.15,28.00,BOB,13.05,0.00,26/08/2025 20:01:55,7397096100,S-001,Banexcoin Bolivia
10081,"26/08/2025 20:35:42, UTC -04:00",Completed,Sell,AlbertoLeon10007,10008,7.66,100.00,BOB,13.05,0.00,26/08/2025 20:36:05,7397247730,S-001,Banexcoin Bolivia
10082,"26/08/2025 20:49:09, UTC -04:00",Completed,Sell,AlbertoGarcia832025,20018,4.60,60.00,BOB,13.05,0.00,26/08/2025 20:49:31,7397302610,S-001,Banexcoin Bolivia
10084,"26/08/2025 21:15:51, UTC -04:00",Completed,Sell,AlbertoFlores582024,20026,3.91,51.00,BOB,13.04,0.00,26/08/2025 21:16:50,7397405890,S-001,Banexcoin Bolivia
10089,"26/08/2025 21:39:47, UTC -04:00",Completed,Sell,ElenaMoreno57Max,20149,1.76,22.99,BOB,13.05,0.00,26/08/2025 21:40:00,7397483830,S-001,Banexcoin Bolivia
10093,"26/08/2025 21:42:33, UTC -04:00",Completed,Sell,ElenaMoreno57Max,20149,1.76,22.99,BOB,13.05,0.00,26/08/2025 21:42:48,7397492850,S-001,Banexcoin Bolivia
10095,"26/08/2025 22:24:49, UTC -04:00",Completed,Sell,RafaelRubio77007,20203,24.15,315.00,BOB,13.04,0.00,26/08/2025 22:25:22,7397613760,S-001,Banexcoin Bolivia
10096,"26/08/2025 22:44:34, UTC -04:00",Completed,Sell,ElenaMoreno57Max,20149,2.91,37.99,BOB,13.04,0.00,26/08/2025 22:44:49,7397657920,S-001,Banexcoin Bolivia
10097,"26/08/2025 22:46:21, UTC -04:00",Completed,Sell,ElenaMoreno57Max,20149,11.50,149.99,BOB,13.04,0.00,26/08/2025 22:46:39,7397661980,S-001,Banexcoin Bolivia
10098,"26/08/2025 22:49:36, UTC -04:00",Completed,Sell,ElenaMoreno57Max,20149,5.83,75.99,BOB,13.04,0.00,26/08/2025 22:49:49,7397668080,S-001,Banexcoin Bolivia
10117,"27/08/2025 09:14:27, UTC -04:00",Completed,Sell,PatriciaDiaz74123,20112,115.16,"1,500.00",BOB,13.03,0.00,27/08/2025 09:14:48,7398266540,S-001,Banexcoin Bolivia
10121,"27/08/2025 10:11:18, UTC -04:00",Completed,Sell,MariaFlores93Max,10006,4.61,60.00,BOB,13.01,0.00,27/08/2025 10:11:41,7398523730,S-001,Banexcoin Bolivia
10122,"27/08/2025 10:48:38, UTC -04:00",Completed,Sell,LuciaHernandez442025,20102,76.95,"1,000.00",BOB,12.99,0.00,27/08/2025 10:49:10,7398709240,S-001,Banexcoin Bolivia
10123,"27/08/2025 11:03:19, UTC -04:00",Completed,Sell,AndresVega17Pro,10086,3.08,40.00,BOB,12.98,0.00,27/08/2025 11:03:43,7398780590,S-001,Banexcoin Bolivia
10124,"27/08/2025 11:20:46, UTC -04:00",Completed,Sell,AndresVega17Pro,10086,1.16,15.00,BOB,12.94,0.00,27/08/2025 11:21:00,7398866660,S-001,Banexcoin Bolivia
10126,"27/08/2025 11:41:06, UTC -04:00",Completed,Sell,LuciaHerrera662025,20019,5.33,69.00,BOB,12.95,0.00,27/08/2025 11:41:39,7398993590,S-001,Banexcoin Bolivia
10129,"27/08/2025 12:19:16, UTC -04:00",Completed,Sell,AndresVega17Pro,10086,2.70,35.00,BOB,12.96,0.00,27/08/2025 12:19:29,7399205910,S-001,Banexcoin Bolivia
10131,"27/08/2025 12:39:57, UTC -04:00",Completed,Sell,AndresVega17Pro,10086,1.16,15.00,BOB,12.97,0.00,27/08/2025 12:40:12,7399327780,S-001,Banexcoin Bolivia
10133,"27/08/2025 12:57:55, UTC -04:00",Completed,Sell,JuanRodriguez90Max,20106,6.78,88.00,BOB,12.97,0.00,27/08/2025 12:58:11,7399435440,S-001,Banexcoin Bolivia
10135,"27/08/2025 13:22:25, UTC -04:00",Completed,Sell,EduardoCruz322025,20005,9.27,120.00,BOB,12.95,0.00,27/08/2025 13:22:42,7399568980,S-001,Banexcoin Bolivia
10138,"27/08/2025 14:00:24, UTC -04:00",Completed,Sell,ElenaMoreno57Max,20149,5.88,75.99,BOB,12.93,0.00,27/08/2025 14:00:35,7399758000,S-001,Banexcoin Bolivia
10139,"27/08/2025 14:11:00, UTC -04:00",Completed,Sell,ElenaMoreno57Max,20149,27.85,359.99,BOB,12.93,0.00,27/08/2025 14:11:12,7399810990,S-001,Banexcoin Bolivia
10140,"27/08/2025 14:11:32, UTC -04:00",Completed,Sell,ElenaMoreno57Max,20149,27.85,359.99,BOB,12.93,0.00,27/08/2025 14:11:44,7399813790,S-001,Banexcoin Bolivia
10142,"27/08/2025 14:20:57, UTC -04:00",Completed,Sell,ElenaMoreno57Max,20149,27.83,359.99,BOB,12.93,0.00,27/08/2025 14:21:24,7399860800,S-001,Banexcoin Bolivia
10146,"27/08/2025 14:41:13, UTC -04:00",Completed,Sell,AlbertoLeon10007,10008,34.81,450.00,BOB,12.93,0.00,27/08/2025 14:41:33,7399959130,S-001,Banexcoin Bolivia
10147,"27/08/2025 14:41:14, UTC -04:00",Completed,Sell,ElenaMoreno57Max,20149,11.60,149.99,BOB,12.93,0.00,27/08/2025 14:41:25,7399958510,S-001,Banexcoin Bolivia
10149,"27/08/2025 15:51:46, UTC -04:00",Completed,Sell,ElenaMoreno57Max,20149,5.93,75.99,BOB,12.82,0.00,27/08/2025 15:52:00,7400306160,S-001,Banexcoin Bolivia
10150,"27/08/2025 15:54:05, UTC -04:00",Completed,Sell,AndresGarcia95Bo,20013,0.55,7.00,BOB,12.82,0.00,27/08/2025 15:54:25,7400317870,S-001,Banexcoin Bolivia
10151,"27/08/2025 16:28:19, UTC -04:00",Completed,Sell,ManuelRomero362025,20175,0.19,2.50,BOB,12.89,0.00,27/08/2025 16:28:44,7400494930,S-001,Banexcoin Bolivia
10152,"27/08/2025 16:32:19, UTC -04:00",Completed,Sell,MartaRamirez19Mx,20080,124.47,"1,600.00",BOB,12.85,0.00,27/08/2025 16:32:42,7400516100,S-001,Banexcoin Bolivia
10156,"27/08/2025 17:54:30, UTC -04:00",Completed,Sell,MariaFlores93Max,10006,3.10,40.00,BOB,12.88,0.00,27/08/2025 17:54:48,7400960180,S-001,Banexcoin Bolivia
10157,"27/08/2025 18:41:09, UTC -04:00",Completed,Sell,JuanRodriguez90Max,20106,5.28,68.06,BOB,12.89,0.00,27/08/2025 18:41:48,7401234340,S-001,Banexcoin Bolivia
10158,"27/08/2025 18:49:02, UTC -04:00",Completed,Sell,JuanRodriguez90Max,20106,1.74,22.50,BOB,12.89,0.00,27/08/2025 18:49:23,7401278790,S-001,Banexcoin Bolivia
10159,"27/08/2025 18:50:56, UTC -04:00",Completed,Sell,RosaMunoz92007,20150,20.87,269.00,BOB,12.89,0.00,27/08/2025 18:51:55,7401292870,S-001,Banexcoin Bolivia
10161,"27/08/2025 18:54:33, UTC -04:00",Completed,Sell,AlbertoLeon10007,10008,19.78,255.00,BOB,12.89,0.00,27/08/2025 18:54:47,7401309220,S-001,Banexcoin Bolivia
10162,"27/08/2025 19:09:12, UTC -04:00",Completed,Sell,CristinaSuarez852025,10003,58.16,750.00,BOB,12.90,0.00,27/08/2025 19:09:36,7401392160,S-001,Banexcoin Bolivia
10165,"27/08/2025 19:45:12, UTC -04:00",Completed,Sell,GloriaDelgado30Pe,20135,5.58,72.00,BOB,12.90,0.00,27/08/2025 19:45:29,252958260,S-001,Banexcoin Bolivia
10166,"27/08/2025 19:53:46, UTC -04:00",Completed,Sell,ElenaMoreno57Max,20149,11.65,149.99,BOB,12.88,0.00,27/08/2025 19:54:04,7401636090,S-001,Banexcoin Bolivia
10167,"27/08/2025 19:57:25, UTC -04:00",Completed,Sell,GloriaDelgado30Pe,20135,3.54,45.50,BOB,12.87,0.00,27/08/2025 19:57:42,7401654090,S-001,Banexcoin Bolivia
10170,"27/08/2025 20:21:19, UTC -04:00",Completed,Sell,ElenaMoreno57Max,20149,28.01,359.99,BOB,12.85,0.00,27/08/2025 20:21:29,7401771400,S-001,Banexcoin Bolivia
10171,"27/08/2025 20:21:54, UTC -04:00",Completed,Sell,ElenaMoreno57Max,20149,28.01,359.99,BOB,12.85,0.00,27/08/2025 20:22:17,7401775020,S-001,Banexcoin Bolivia
10178,"27/08/2025 20:59:47, UTC -04:00",Completed,Sell,JuanRodriguez90Max,20106,19.44,250.00,BOB,12.86,0.00,27/08/2025 21:00:15,7401941320,S-001,Banexcoin Bolivia
10179,"27/08/2025 21:00:21, UTC -04:00",Completed,Sell,PatriciaDiaz74123,20112,155.56,"2,000.00",BOB,12.86,0.00,27/08/2025 21:00:37,7401942970,S-001,Banexcoin Bolivia
10181,"27/08/2025 22:09:18, UTC -04:00",Completed,Sell,ManuelRomero362025,20175,2.80,36.00,BOB,12.85,0.00,27/08/2025 22:09:44,253002660,S-001,Banexcoin Bolivia
10191,"28/08/2025 02:44:12, UTC -04:00",Completed,Sell,EnriqueMorales58Co,20031,149.01,"1,900.00",BOB,12.75,0.00,28/08/2025 02:44:37,7402447340,S-001,Banexcoin Bolivia
10192,"28/08/2025 06:40:40, UTC -04:00",Completed,Sell,EduardoCruz322025,20005,11.74,150.00,BOB,12.78,0.00,28/08/2025 06:40:58,7402506640,S-001,Banexcoin Bolivia
10218,"28/08/2025 09:14:11, UTC -04:00",Completed,Sell,AlbertoOrtega39Pro,20023,10.93,139.00,BOB,12.71,0.00,28/08/2025 09:14:56,7402926850,S-001,Banexcoin Bolivia
10232,"28/08/2025 11:23:19, UTC -04:00",Completed,Sell,JoseMorales59Co,20173,113.51,"1,445.00",BOB,12.73,0.00,28/08/2025 11:23:42,7403555410,S-001,Banexcoin Bolivia
10233,"28/08/2025 11:43:38, UTC -04:00",Completed,Sell,MartaGarcia74123,20010,7.84,100.00,BOB,12.75,0.00,28/08/2025 11:44:19,7403662620,S-001,Banexcoin Bolivia
10235,"28/08/2025 11:59:33, UTC -04:00",Completed,Sell,MartaGarcia74123,20010,7.07,90.00,BOB,12.73,0.00,28/08/2025 12:00:09,7403746740,S-001,Banexcoin Bolivia
10245,"28/08/2025 13:01:28, UTC -04:00",Completed,Sell,JuanRodriguez90Max,20106,5.74,73.00,BOB,12.71,0.00,28/08/2025 13:01:46,7404104860,S-001,Banexcoin Bolivia
10249,"28/08/2025 14:41:25, UTC -04:00",Completed,Sell,MariaRamos84Pe,20029,0.79,10.00,BOB,12.68,0.00,28/08/2025 14:41:57,7404604470,S-001,Banexcoin Bolivia
10250,"28/08/2025 14:46:09, UTC -04:00",Completed,Sell,ElenaMoreno57Max,20149,11.84,149.99,BOB,12.67,0.00,28/08/2025 14:46:21,7404625650,S-001,Banexcoin Bolivia
10251,"28/08/2025 14:48:41, UTC -04:00",Completed,Sell,ElenaMoreno57Max,20149,28.41,359.99,BOB,12.67,0.00,28/08/2025 14:48:53,7404638190,S-001,Banexcoin Bolivia
10252,"28/08/2025 14:49:25, UTC -04:00",Completed,Sell,ElenaMoreno57Max,20149,3.00,37.99,BOB,12.67,0.00,28/08/2025 14:49:39,7404641590,S-001,Banexcoin Bolivia
10253,"28/08/2025 14:53:29, UTC -04:00",Completed,Sell,ElenaMoreno57Max,20149,1.81,22.99,BOB,12.67,0.00,28/08/2025 14:53:48,7404662200,S-001,Banexcoin Bolivia
10259,"28/08/2025 15:08:37, UTC -04:00",Completed,Sell,AnaHernandez692024,20134,5.53,70.00,BOB,12.66,0.00,28/08/2025 15:09:14,7404736910,S-001,Banexcoin Bolivia
10263,"28/08/2025 15:42:15, UTC -04:00",Completed,Sell,AndresGarcia95Bo,20013,4.75,60.00,BOB,12.64,0.00,28/08/2025 15:42:34,7404905090,S-001,Banexcoin Bolivia
10277,"28/08/2025 16:38:15, UTC -04:00",Completed,Sell,AndresGarcia95Bo,20013,0.64,8.00,BOB,12.50,0.00,28/08/2025 16:38:29,7405187310,S-001,Banexcoin Bolivia
10281,"28/08/2025 17:02:13, UTC -04:00",Completed,Sell,VictorFernandez452024,10001,0.08,1.00,BOB,12.45,0.00,28/08/2025 17:02:28,253268260,S-001,Banexcoin Bolivia
10282,"28/08/2025 17:19:00, UTC -04:00",Completed,Sell,JoseRamos32Pe,20155,538.77,"6,740.00",BOB,12.51,0.00,28/08/2025 17:19:21,7405400930,S-001,Banexcoin Bolivia
10283,"28/08/2025 17:26:23, UTC -04:00",Completed,Sell,GloriaDelgado30Pe,20135,3.20,40.00,BOB,12.52,0.00,28/08/2025 17:26:41,7405440330,S-001,Banexcoin Bolivia
10284,"28/08/2025 17:33:01, UTC -04:00",Completed,Sell,DianaSoto77Mx,20195,1.60,20.00,BOB,12.51,0.00,28/08/2025 17:33:29,7405477080,S-001,Banexcoin Bolivia
10286,"28/08/2025 17:57:12, UTC -04:00",Completed,Sell,JuanRodriguez90Max,20106,6.41,80.00,BOB,12.49,0.00,28/08/2025 17:57:38,7405609720,S-001,Banexcoin Bolivia
10311,"28/08/2025 18:51:30, UTC -04:00",Completed,Sell,PaulaSantos46Mx,20069,0.80,10.00,BOB,12.49,0.00,28/08/2025 18:51:47,7405917130,S-001,Banexcoin Bolivia
10313,"28/08/2025 19:05:32, UTC -04:00",Completed,Sell,SergioAlvarez16Pro,20073,1.00,12.49,BOB,12.50,0.00,28/08/2025 19:06:11,7405998730,S-001,Banexcoin Bolivia
10314,"28/08/2025 19:07:37, UTC -04:00",Completed,Sell,CristinaSuarez852025,10003,0.80,10.00,BOB,12.50,0.00,28/08/2025 19:08:11,7406009200,S-001,Banexcoin Bolivia
10324,"28/08/2025 20:28:26, UTC -04:00",Completed,Sell,PatriciaDiaz74123,20112,16.11,200.00,BOB,12.42,0.00,28/08/2025 20:29:07,7406425190,S-001,Banexcoin Bolivia
10325,"28/08/2025 20:32:04, UTC -04:00",Completed,Sell,DianaSoto77Mx,20195,1.77,22.00,BOB,12.40,0.00,28/08/2025 20:32:27,7406440820,S-001,Banexcoin Bolivia
10326,"28/08/2025 20:33:19, UTC -04:00",Completed,Sell,AlbertoOrtega39Pro,20023,14.12,175.00,BOB,12.40,0.00,28/08/2025 20:34:01,7406447770,S-001,Banexcoin Bolivia
10329,"28/08/2025 20:40:20, UTC -04:00",Completed,Sell,JuanRodriguez90Max,20106,8.07,100.00,BOB,12.39,0.00,28/08/2025 20:40:46,7406479030,S-001,Banexcoin Bolivia
10330,"28/08/2025 20:53:14, UTC -04:00",Completed,Sell,DianaSoto77Mx,20195,0.81,10.00,BOB,12.39,0.00,28/08/2025 20:53:40,7406536990,S-001,Banexcoin Bolivia
10332,"28/08/2025 21:07:26, UTC -04:00",Completed,Sell,CristinaSuarez852025,10003,9.94,123.00,BOB,12.37,0.00,28/08/2025 21:07:53,1756191710,S-001,Banexcoin Bolivia
10335,"28/08/2025 21:47:21, UTC -04:00",Completed,Sell,CristinaSuarez852025,10003,3.27,40.00,BOB,12.25,0.00,28/08/2025 21:47:45,7406747510,S-001,Banexcoin Bolivia
10355,"29/08/2025 07:32:16, UTC -04:00",Completed,Sell,EduardoCruz322025,20005,12.26,150.00,BOB,12.24,0.00,29/08/2025 07:32:30,7407263230,S-001,Banexcoin Bolivia
10356,"29/08/2025 08:45:43, UTC -04:00",Completed,Sell,JuanRodriguez90Max,20106,6.56,80.00,BOB,12.19,0.00,29/08/2025 08:46:54,7407505420,S-001,Banexcoin Bolivia
10371,"29/08/2025 09:26:24, UTC -04:00",Completed,Sell,SilviaDiaz402025,20040,27.41,332.00,BOB,12.11,0.00,29/08/2025 09:26:58,7407683020,S-001,Banexcoin Bolivia
10377,"29/08/2025 10:00:10, UTC -04:00",Completed,Sell,AlbertoFlores582024,20026,4.12,50.00,BOB,12.12,0.00,29/08/2025 10:00:31,7407846110,S-001,Banexcoin Bolivia
10392,"29/08/2025 11:43:44, UTC -04:00",Completed,Sell,JoseGonzalez73007,20092,1.64,20.00,BOB,12.21,0.00,29/08/2025 11:44:58,7408414520,S-001,Banexcoin Bolivia
10401,"29/08/2025 11:48:36, UTC -04:00",Completed,Sell,LuisCampos55456,20126,2.05,25.00,BOB,12.22,0.00,29/08/2025 11:48:52,253520510,S-001,Banexcoin Bolivia
10410,"29/08/2025 11:50:39, UTC -04:00",Completed,Sell,MartaCampos15Pe,20187,2.05,25.00,BOB,12.22,0.00,29/08/2025 11:51:10,253521340,S-001,Banexcoin Bolivia
10411,"29/08/2025 11:51:54, UTC -04:00",Completed,Sell,CarolinaVargas302025,20024,2.05,25.00,BOB,12.22,0.00,29/08/2025 11:52:11,253521950,S-001,Banexcoin Bolivia
10415,"29/08/2025 11:52:32, UTC -04:00",Completed,Sell,EnriqueSerrano21123,20179,2.05,25.00,BOB,12.22,0.00,29/08/2025 11:52:51,253522380,S-001,Banexcoin Bolivia
10417,"29/08/2025 11:53:36, UTC -04:00",Completed,Sell,DiegoGomez23Es,20004,2.05,25.00,BOB,12.22,0.00,29/08/2025 11:53:49,253522860,S-001,Banexcoin Bolivia
10419,"29/08/2025 11:54:19, UTC -04:00",Completed,Sell,MonicaLopez15Bo,20041,2.05,25.00,BOB,12.22,0.00,29/08/2025 11:55:11,253523460,S-001,Banexcoin Bolivia
10420,"29/08/2025 11:55:16, UTC -04:00",Completed,Sell,CarolinaVargas302025,20024,1.39,17.00,BOB,12.22,0.00,29/08/2025 11:55:37,7408481930,S-001,Banexcoin Bolivia
10421,"29/08/2025 11:55:46, UTC -04:00",Completed,Sell,PatriciaDominguez59Pe,20194,1.64,20.00,BOB,12.22,0.00,29/08/2025 11:56:11,7408488860,S-001,Banexcoin Bolivia
10425,"29/08/2025 12:00:03, UTC -04:00",Completed,Sell,CarolinaVargas302025,20024,1.64,20.00,BOB,12.20,0.00,29/08/2025 12:00:23,7408512890,S-001,Banexcoin Bolivia
10429,"29/08/2025 12:04:07, UTC -04:00",Completed,Sell,RobertoGarcia61Pro,20115,2.05,25.00,BOB,12.19,0.00,29/08/2025 12:04:35,253528400,S-001,Banexcoin Bolivia
10430,"29/08/2025 12:05:03, UTC -04:00",Completed,Sell,JoseGutierrez64123,20146,2.05,25.00,BOB,12.19,0.00,29/08/2025 12:05:19,253528830,S-001,Banexcoin Bolivia
10432,"29/08/2025 12:10:21, UTC -04:00",Completed,Sell,VictorDelgado362025,20095,5.50,67.00,BOB,12.18,0.00,29/08/2025 12:10:49,7408575490,S-001,Banexcoin Bolivia
10434,"29/08/2025 12:20:48, UTC -04:00",Completed,Sell,ElenaMoreno57Max,20149,6.23,75.99,BOB,12.20,0.00,29/08/2025 12:21:02,7408642500,S-001,Banexcoin Bolivia
10435,"29/08/2025 12:21:25, UTC -04:00",Completed,Sell,ElenaMoreno57Max,20149,3.11,37.99,BOB,12.20,0.00,29/08/2025 12:21:38,7408646440,S-001,Banexcoin Bolivia
10437,"29/08/2025 12:22:34, UTC -04:00",Completed,Sell,ElenaMoreno57Max,20149,0.61,7.49,BOB,12.20,0.00,29/08/2025 12:22:48,7408654070,S-001,Banexcoin Bolivia
10439,"29/08/2025 12:26:10, UTC -04:00",Completed,Sell,ElenaMoreno57Max,20149,29.50,359.99,BOB,12.20,0.00,29/08/2025 12:26:28,7408678140,S-001,Banexcoin Bolivia
10440,"29/08/2025 12:30:57, UTC -04:00",Completed,Sell,LauraOrtega46Pe,20123,5.08,62.00,BOB,12.20,0.00,29/08/2025 12:31:16,7408708230,S-001,Banexcoin Bolivia
10444,"29/08/2025 12:35:58, UTC -04:00",Completed,Sell,SofiaRuiz39Pro,20057,5.35,65.00,BOB,12.15,0.00,29/08/2025 12:36:29,7408741400,S-001,Banexcoin Bolivia
10446,"29/08/2025 12:37:03, UTC -04:00",Completed,Sell,ElenaMoreno57Max,20149,1.89,22.99,BOB,12.16,0.00,29/08/2025 12:37:17,7408746640,S-001,Banexcoin Bolivia
10447,"29/08/2025 12:43:35, UTC -04:00",Completed,Sell,AnaRuiz59456,20077,5.43,66.00,BOB,12.16,0.00,29/08/2025 12:43:55,7408792040,S-001,Banexcoin Bolivia
10449,"29/08/2025 12:45:57, UTC -04:00",Completed,Sell,ElenaMoreno57Max,20149,3.12,37.99,BOB,12.16,0.00,29/08/2025 12:46:13,7408806620,S-001,Banexcoin Bolivia
10450,"29/08/2025 12:47:06, UTC -04:00",Completed,Sell,ElenaMoreno57Max,20149,3.12,37.99,BOB,12.17,0.00,29/08/2025 12:47:19,7408814210,S-001,Banexcoin Bolivia
10451,"29/08/2025 12:47:37, UTC -04:00",Completed,Sell,CarolinaVargas302025,20024,0.41,5.00,BOB,12.17,0.00,29/08/2025 12:47:53,253550270,S-001,Banexcoin Bolivia
10452,"29/08/2025 12:49:25, UTC -04:00",Completed,Sell,ElenaMoreno57Max,20149,6.24,75.99,BOB,12.17,0.00,29/08/2025 12:49:57,7408830010,S-001,Banexcoin Bolivia
10453,"29/08/2025 12:50:04, UTC -04:00",Completed,Sell,ElenaMoreno57Max,20149,6.24,75.99,BOB,12.17,0.00,29/08/2025 12:50:41,7408834250,S-001,Banexcoin Bolivia
10454,"29/08/2025 12:51:55, UTC -04:00",Completed,Sell,ElenaMoreno57Max,20149,3.12,37.99,BOB,12.17,0.00,29/08/2025 12:52:09,7408845050,S-001,Banexcoin Bolivia
10456,"29/08/2025 12:54:20, UTC -04:00",Completed,Sell,BeatrizPerez91Ar,10023,3.21,39.00,BOB,12.16,0.00,29/08/2025 12:54:35,253553700,S-001,Banexcoin Bolivia
10457,"29/08/2025 12:55:37, UTC -04:00",Completed,Sell,BeatrizPerez91Ar,10023,2.47,30.00,BOB,12.16,0.00,29/08/2025 12:55:49,253554450,S-001,Banexcoin Bolivia
10458,"29/08/2025 12:57:11, UTC -04:00",Completed,Sell,SandraNavarro55Co,20166,2.47,30.00,BOB,12.16,0.00,29/08/2025 12:58:02,7408882420,S-001,Banexcoin Bolivia
10459,"29/08/2025 12:57:59, UTC -04:00",Completed,Sell,ElenaMoreno57Max,20149,29.60,359.99,BOB,12.16,0.00,29/08/2025 12:58:14,7408884020,S-001,Banexcoin Bolivia
10465,"29/08/2025 13:21:13, UTC -04:00",Completed,Sell,OscarAlvarez88Bo,20097,5.35,65.00,BOB,12.15,0.00,29/08/2025 13:21:27,253566320,S-001,Banexcoin Bolivia
10467,"29/08/2025 13:30:21, UTC -04:00",Completed,Sell,FernandoGonzalez47Mx,10015,6.32,77.00,BOB,12.18,0.00,29/08/2025 13:30:55,7409075460,S-001,Banexcoin Bolivia
10468,"29/08/2025 13:41:36, UTC -04:00",Completed,Sell,JuanRodriguez90Max,20106,5.25,64.00,BOB,12.18,0.00,29/08/2025 13:41:52,7409134830,S-001,Banexcoin Bolivia
10469,"29/08/2025 14:11:59, UTC -04:00",Completed,Sell,FranciscoRuiz31456,20078,4.94,60.00,BOB,12.15,0.00,29/08/2025 14:12:53,7409298740,S-001,Banexcoin Bolivia
10470,"29/08/2025 14:15:30, UTC -04:00",Completed,Sell,MonicaLopez15Bo,20041,3.37,41.00,BOB,12.15,0.00,29/08/2025 14:15:45,253590640,S-001,Banexcoin Bolivia
10476,"29/08/2025 15:24:47, UTC -04:00",Completed,Sell,JuanRodriguez90Max,20106,12.10,147.00,BOB,12.15,0.00,29/08/2025 15:25:02,7409675650,S-001,Banexcoin Bolivia
10505,"29/08/2025 16:09:11, UTC -04:00",Completed,Sell,AndresGarcia95Bo,20013,9.20,112.00,BOB,12.17,0.00,29/08/2025 16:09:32,7409918580,S-001,Banexcoin Bolivia
10508,"29/08/2025 16:18:11, UTC -04:00",Completed,Sell,JoseSerrano68Co,20082,5.33,65.00,BOB,12.20,0.00,29/08/2025 16:18:27,7409989200,S-001,Banexcoin Bolivia
10512,"29/08/2025 16:38:16, UTC -04:00",Completed,Sell,PabloBlanco44456,10025,3.27,40.00,BOB,12.23,0.00,29/08/2025 16:38:40,7410101820,S-001,Banexcoin Bolivia
10516,"29/08/2025 16:59:52, UTC -04:00",Completed,Sell,AlbertoFlores582024,20026,8.18,100.00,BOB,12.22,0.00,29/08/2025 17:00:17,7410221360,S-001,Banexcoin Bolivia
10517,"29/08/2025 17:30:25, UTC -04:00",Completed,Sell,AndresVega17Pro,10086,3.27,40.00,BOB,12.23,0.00,29/08/2025 17:30:40,7410392730,S-001,Banexcoin Bolivia
10518,"29/08/2025 17:33:15, UTC -04:00",Completed,Sell,IsabelMunoz76Max,20141,1.80,22.00,BOB,12.23,0.00,29/08/2025 17:33:28,7410409170,S-001,Banexcoin Bolivia
10520,"29/08/2025 17:47:13, UTC -04:00",Completed,Sell,AndresVega17Pro,10086,1.23,15.00,BOB,12.24,0.00,29/08/2025 17:47:27,7410495930,S-001,Banexcoin Bolivia
10526,"29/08/2025 18:09:28, UTC -04:00",Completed,Sell,GloriaDelgado30Pe,20135,8.14,100.00,BOB,12.29,0.00,29/08/2025 18:09:48,7410628100,S-001,Banexcoin Bolivia
10529,"29/08/2025 18:55:56, UTC -04:00",Completed,Sell,DianaSoto77Mx,20195,0.82,10.00,BOB,12.26,0.00,29/08/2025 18:56:20,7410901040,S-001,Banexcoin Bolivia
10532,"29/08/2025 19:17:21, UTC -04:00",Completed,Sell,AlbertoFlores582024,20026,6.93,85.00,BOB,12.27,0.00,29/08/2025 19:17:45,7411027430,S-001,Banexcoin Bolivia
10534,"29/08/2025 19:25:38, UTC -04:00",Completed,Sell,ElenaMoreno57Max,20149,12.23,149.99,BOB,12.27,0.00,29/08/2025 19:25:52,7411075370,S-001,Banexcoin Bolivia
10536,"29/08/2025 19:38:22, UTC -04:00",Completed,Sell,VictorGutierrez65007,20118,5.63,69.00,BOB,12.26,0.00,29/08/2025 19:38:46,7411149270,S-001,Banexcoin Bolivia
10537,"29/08/2025 19:38:48, UTC -04:00",Completed,Sell,GloriaDelgado30Pe,20135,4.08,50.00,BOB,12.26,0.00,29/08/2025 19:39:02,7411150910,S-001,Banexcoin Bolivia
10543,"29/08/2025 20:09:08, UTC -04:00",Completed,Sell,AnaTorres85Ec,20180,0.41,5.00,BOB,12.26,0.00,29/08/2025 20:09:40,7411321910,S-001,Banexcoin Bolivia
10546,"29/08/2025 20:38:16, UTC -04:00",Completed,Sell,JuanRodriguez90Max,20106,8.18,100.00,BOB,12.22,0.00,29/08/2025 20:38:35,7411470120,S-001,Banexcoin Bolivia
10547,"29/08/2025 20:50:21, UTC -04:00",Completed,Sell,JuanRodriguez90Max,20106,3.28,40.00,BOB,12.19,0.00,29/08/2025 20:50:36,253771220,S-001,Banexcoin Bolivia
10555,"29/08/2025 21:21:33, UTC -04:00",Completed,Sell,MiguelAlvarez302024,20006,16.39,200.00,BOB,12.20,0.00,29/08/2025 21:21:49,7411669080,S-001,Banexcoin Bolivia
10556,"29/08/2025 21:22:02, UTC -04:00",Completed,Sell,ElenaMoreno57Max,20149,3.11,37.99,BOB,12.20,0.00,29/08/2025 21:22:15,7411671040,S-001,Banexcoin Bolivia
10557,"29/08/2025 21:28:48, UTC -04:00",Completed,Sell,CarolinaOrtega10Ec,20160,1.00,12.20,BOB,12.20,0.00,29/08/2025 21:29:10,253783640,S-001,Banexcoin Bolivia
10558,"29/08/2025 21:34:06, UTC -04:00",Completed,Sell,NataliaGonzalez56123,20088,5.49,67.00,BOB,12.21,0.00,29/08/2025 21:34:42,7411722260,S-001,Banexcoin Bolivia
10559,"29/08/2025 21:34:15, UTC -04:00",Completed,Sell,ElenaMoreno57Max,20149,6.23,75.99,BOB,12.21,0.00,29/08/2025 21:34:30,7411721380,S-001,Banexcoin Bolivia
10560,"29/08/2025 21:37:17, UTC -04:00",Completed,Sell,ElenaMoreno57Max,20149,12.29,149.99,BOB,12.21,0.00,29/08/2025 21:37:30,7411733380,S-001,Banexcoin Bolivia
10563,"29/08/2025 21:40:49, UTC -04:00",Completed,Sell,ElenaMoreno57Max,20149,6.23,75.99,BOB,12.21,0.00,29/08/2025 21:41:02,7411748360,S-001,Banexcoin Bolivia
10564,"29/08/2025 21:42:24, UTC -04:00",Completed,Sell,ElenaMoreno57Max,20149,12.29,149.99,BOB,12.21,0.00,29/08/2025 21:42:36,7411754760,S-001,Banexcoin Bolivia
10565,"29/08/2025 21:43:40, UTC -04:00",Completed,Sell,ElenaMoreno57Max,20149,3.11,37.99,BOB,12.21,0.00,29/08/2025 21:43:54,7411759700,S-001,Banexcoin Bolivia
10566,"29/08/2025 21:48:06, UTC -04:00",Completed,Sell,ElenaMoreno57Max,20149,3.11,37.99,BOB,12.21,0.00,29/08/2025 21:48:18,7411777760,S-001,Banexcoin Bolivia
10567,"29/08/2025 21:49:12, UTC -04:00",Completed,Sell,AlbertoFlores582024,20026,15.97,195.00,BOB,12.21,0.00,29/08/2025 21:49:32,7411782980,S-001,Banexcoin Bolivia
10569,"29/08/2025 21:52:03, UTC -04:00",Completed,Sell,ElenaMoreno57Max,20149,12.28,149.99,BOB,12.21,0.00,29/08/2025 21:52:17,7411793770,S-001,Banexcoin Bolivia
10570,"29/08/2025 22:14:45, UTC -04:00",Completed,Sell,ElenaMoreno57Max,20149,12.28,149.99,BOB,12.22,0.00,29/08/2025 22:14:58,7411874570,S-001,Banexcoin Bolivia
10571,"29/08/2025 22:45:28, UTC -04:00",Completed,Sell,GloriaDelgado30Pe,20135,5.65,69.00,BOB,12.21,0.00,29/08/2025 22:45:41,7411970680,S-001,Banexcoin Bolivia
10572,"29/08/2025 22:45:32, UTC -04:00",Completed,Sell,AlejandroRubio32Cl,20168,1.88,23.00,BOB,12.21,0.00,29/08/2025 22:47:01,7411973700,S-001,Banexcoin Bolivia
10573,"29/08/2025 23:17:21, UTC -04:00",Completed,Sell,MariaFlores93Max,10006,0.57,7.00,BOB,12.22,0.00,29/08/2025 23:17:37,7412051930,S-001,Banexcoin Bolivia
10574,"30/08/2025 00:33:00, UTC -04:00",Completed,Sell,ElenaMoreno57Max,20149,29.63,359.99,BOB,12.15,0.00,30/08/2025 00:33:14,7412164630,S-001,Banexcoin Bolivia
10575,"30/08/2025 00:41:55, UTC -04:00",Completed,Sell,LuisRomero75Mx,20044,1.65,20.00,BOB,12.15,0.00,30/08/2025 00:42:21,7412174620,S-001,Banexcoin Bolivia
10582,"30/08/2025 07:01:32, UTC -04:00",Completed,Sell,AlbertoLeon10007,10008,13.98,170.00,BOB,12.16,0.00,30/08/2025 07:01:50,253833920,S-001,Banexcoin Bolivia
10583,"30/08/2025 08:17:33, UTC -04:00",Completed,Sell,RosaMoreno87Mx,10005,299.95,"3,651.00",BOB,12.17,0.00,30/08/2025 08:18:06,7412552230,S-001,Banexcoin Bolivia
10587,"30/08/2025 09:54:24, UTC -04:00",Completed,Sell,EduardoCruz322025,20005,128.11,"1,560.00",BOB,12.18,0.00,30/08/2025 09:54:42,7412962980,S-001,Banexcoin Bolivia
10588,"30/08/2025 09:58:01, UTC -04:00",Completed,Sell,EduardoCruz322025,20005,167.56,"2,040.00",BOB,12.17,0.00,30/08/2025 09:58:17,7412981250,S-001,Banexcoin Bolivia
10589,"30/08/2025 10:07:15, UTC -04:00",Completed,Sell,MartaGarcia74123,20010,8.21,100.00,BOB,12.17,0.00,30/08/2025 10:07:43,7413033810,S-001,Banexcoin Bolivia
10590,"30/08/2025 10:30:57, UTC -04:00",Completed,Sell,MariaMolina702024,20110,8.00,97.00,BOB,12.13,0.00,30/08/2025 10:31:30,7413169700,S-001,Banexcoin Bolivia
10595,"30/08/2025 10:50:56, UTC -04:00",Completed,Sell,PabloBlanco44456,10025,17.74,215.00,BOB,12.12,0.00,30/08/2025 10:51:11,7413285360,S-001,Banexcoin Bolivia
10596,"30/08/2025 11:08:49, UTC -04:00",Completed,Sell,DianaSoto77Mx,20195,2.31,28.00,BOB,12.14,0.00,30/08/2025 11:09:04,7413395320,S-001,Banexcoin Bolivia
10603,"30/08/2025 11:56:26, UTC -04:00",Completed,Sell,MariaMolina702024,20110,12.38,150.00,BOB,12.12,0.00,30/08/2025 11:57:08,7413701420,S-001,Banexcoin Bolivia
10604,"30/08/2025 12:00:43, UTC -04:00",Completed,Sell,MariaFlores93Max,10006,0.66,8.00,BOB,12.12,0.00,30/08/2025 12:01:16,7413728570,S-001,Banexcoin Bolivia
10605,"30/08/2025 12:08:10, UTC -04:00",Completed,Sell,DianaSoto77Mx,20195,2.56,31.00,BOB,12.12,0.00,30/08/2025 12:08:30,7413780120,S-001,Banexcoin Bolivia
10606,"30/08/2025 12:20:20, UTC -04:00",Completed,Sell,ElenaMoreno57Max,20149,3.13,37.99,BOB,12.12,0.00,30/08/2025 12:20:33,7413857260,S-001,Banexcoin Bolivia
10607,"30/08/2025 12:20:40, UTC -04:00",Completed,Sell,ElenaMoreno57Max,20149,1.90,22.99,BOB,12.12,0.00,30/08/2025 12:20:53,7413859260,S-001,Banexcoin Bolivia
10608,"30/08/2025 12:27:31, UTC -04:00",Completed,Sell,MariaFlores93Max,10006,5.94,72.00,BOB,12.12,0.00,30/08/2025 12:27:51,7413910810,S-001,Banexcoin Bolivia
10609,"30/08/2025 12:38:15, UTC -04:00",Completed,Sell,ElenaMoreno57Max,20149,1.90,22.99,BOB,12.13,0.00,30/08/2025 12:38:28,7413986100,S-001,Banexcoin Bolivia
10610,"30/08/2025 12:39:57, UTC -04:00",Completed,Sell,ElenaMoreno57Max,20149,3.13,37.99,BOB,12.13,0.00,30/08/2025 12:40:12,7413999080,S-001,Banexcoin Bolivia
10611,"30/08/2025 12:41:36, UTC -04:00",Completed,Sell,ElenaMoreno57Max,20149,29.69,359.99,BOB,12.13,0.00,30/08/2025 12:41:48,7414009880,S-001,Banexcoin Bolivia
10616,"30/08/2025 12:59:16, UTC -04:00",Completed,Sell,LauraOrtega46Pe,20123,0.41,5.00,BOB,12.12,0.00,30/08/2025 12:59:37,7414131450,S-001,Banexcoin Bolivia
10618,"30/08/2025 13:40:14, UTC -04:00",Completed,Sell,NataliaNavarro94Bo,20058,2.24,27.00,BOB,12.07,0.00,30/08/2025 13:40:57,7414392880,S-001,Banexcoin Bolivia
10619,"30/08/2025 13:40:54, UTC -04:00",Completed,Sell,ElenaMoreno57Max,20149,6.30,75.99,BOB,12.07,0.00,30/08/2025 13:41:13,7414394850,S-001,Banexcoin Bolivia
10620,"30/08/2025 13:52:58, UTC -04:00",Completed,Sell,MariaMolina702024,20110,32.43,391.91,BOB,12.09,0.00,30/08/2025 13:53:27,7414467590,S-001,Banexcoin Bolivia
10621,"30/08/2025 13:55:42, UTC -04:00",Completed,Sell,ElenaMoreno57Max,20149,1.90,22.99,BOB,12.09,0.00,30/08/2025 13:55:56,7414481380,S-001,Banexcoin Bolivia
10622,"30/08/2025 13:56:08, UTC -04:00",Completed,Sell,ElenaMoreno57Max,20149,3.14,37.99,BOB,12.09,0.00,30/08/2025 13:56:22,7414483880,S-001,Banexcoin Bolivia
10626,"30/08/2025 15:30:40, UTC -04:00",Completed,Sell,PatriciaGutierrez74Pro,20048,2.07,25.00,BOB,12.06,0.00,30/08/2025 15:31:04,7414993720,S-001,Banexcoin Bolivia
10627,"30/08/2025 16:26:24, UTC -04:00",Completed,Sell,AlbertoLeon10007,10008,4.15,50.00,BOB,12.04,0.00,30/08/2025 16:26:39,254065120,S-001,Banexcoin Bolivia
10628,"30/08/2025 16:27:40, UTC -04:00",Completed,Sell,ElenaMoreno57Max,20149,3.15,37.99,BOB,12.04,0.00,30/08/2025 16:27:53,7415281970,S-001,Banexcoin Bolivia
10629,"30/08/2025 16:31:00, UTC -04:00",Completed,Sell,ElenaMoreno57Max,20149,12.46,149.99,BOB,12.04,0.00,30/08/2025 16:31:11,7415298910,S-001,Banexcoin Bolivia
10630,"30/08/2025 16:43:35, UTC -04:00",Completed,Sell,LuisPerez87Max,20032,1.33,16.00,BOB,12.03,0.00,30/08/2025 16:44:05,7415363560,S-001,Banexcoin Bolivia
10631,"30/08/2025 16:46:02, UTC -04:00",Completed,Sell,ElenaMoreno57Max,20149,6.32,75.99,BOB,12.03,0.00,30/08/2025 16:46:12,7415374140,S-001,Banexcoin Bolivia
10632,"30/08/2025 16:47:33, UTC -04:00",Completed,Sell,ElenaMoreno57Max,20149,29.92,359.99,BOB,12.03,0.00,30/08/2025 16:47:48,7415382090,S-001,Banexcoin Bolivia
10655,"30/08/2025 17:24:41, UTC -04:00",Completed,Sell,ElenaMoreno57Max,20149,29.94,359.99,BOB,12.02,0.00,30/08/2025 17:24:53,7415571210,S-001,Banexcoin Bolivia
10659,"30/08/2025 17:27:12, UTC -04:00",Completed,Sell,ElenaMoreno57Max,20149,6.32,75.99,BOB,12.02,0.00,30/08/2025 17:27:25,7415583880,S-001,Banexcoin Bolivia
10664,"30/08/2025 17:40:04, UTC -04:00",Completed,Sell,ElenaMoreno57Max,20149,6.35,75.99,BOB,11.98,0.00,30/08/2025 17:40:18,7415651160,S-001,Banexcoin Bolivia
10665,"30/08/2025 17:42:23, UTC -04:00",Completed,Sell,ElenaMoreno57Max,20149,12.52,149.99,BOB,11.98,0.00,30/08/2025 17:42:38,7415663190,S-001,Banexcoin Bolivia
10666,"30/08/2025 17:44:06, UTC -04:00",Completed,Sell,ElenaMoreno57Max,20149,1.92,22.99,BOB,11.98,0.00,30/08/2025 17:44:16,7415671650,S-001,Banexcoin Bolivia
10667,"30/08/2025 18:02:05, UTC -04:00",Completed,Sell,ElenaMoreno57Max,20149,6.34,75.99,BOB,11.98,0.00,30/08/2025 18:02:17,7415767330,S-001,Banexcoin Bolivia
10668,"30/08/2025 18:03:09, UTC -04:00",Completed,Sell,ElenaMoreno57Max,20149,6.34,75.99,BOB,11.98,0.00,30/08/2025 18:03:21,7415773390,S-001,Banexcoin Bolivia
10669,"30/08/2025 18:05:28, UTC -04:00",Completed,Sell,ElenaMoreno57Max,20149,6.34,75.99,BOB,11.98,0.00,30/08/2025 18:05:41,7415785500,S-001,Banexcoin Bolivia
10670,"30/08/2025 18:06:50, UTC -04:00",Completed,Sell,ElenaMoreno57Max,20149,3.17,37.99,BOB,11.99,0.00,30/08/2025 18:07:07,7415793140,S-001,Banexcoin Bolivia
10672,"30/08/2025 18:12:02, UTC -04:00",Completed,Sell,ElenaMoreno57Max,20149,6.34,75.99,BOB,11.99,0.00,30/08/2025 18:12:15,7415820210,S-001,Banexcoin Bolivia
10673,"30/08/2025 18:12:39, UTC -04:00",Completed,Sell,ElenaMoreno57Max,20149,6.34,75.99,BOB,11.99,0.00,30/08/2025 18:12:53,7415823220,S-001,Banexcoin Bolivia
10674,"30/08/2025 18:13:44, UTC -04:00",Completed,Sell,ElenaMoreno57Max,20149,1.92,22.99,BOB,11.98,0.00,30/08/2025 18:13:57,7415829890,S-001,Banexcoin Bolivia
10675,"30/08/2025 18:30:29, UTC -04:00",Completed,Sell,ElenaMoreno57Max,20149,30.03,359.99,BOB,11.99,0.00,30/08/2025 18:30:42,7415921750,S-001,Banexcoin Bolivia
10676,"30/08/2025 18:32:15, UTC -04:00",Completed,Sell,ElenaMoreno57Max,20149,3.17,37.99,BOB,12.00,0.00,30/08/2025 18:32:28,7415931110,S-001,Banexcoin Bolivia
10677,"30/08/2025 18:33:30, UTC -04:00",Completed,Sell,ElenaMoreno57Max,20149,6.33,75.99,BOB,12.00,0.00,30/08/2025 18:33:44,7415938360,S-001,Banexcoin Bolivia
10678,"30/08/2025 18:34:05, UTC -04:00",Completed,Sell,ElenaMoreno57Max,20149,1.92,22.99,BOB,12.00,0.00,30/08/2025 18:34:24,7415942000,S-001,Banexcoin Bolivia
10680,"30/08/2025 18:36:00, UTC -04:00",Completed,Sell,ElenaMoreno57Max,20149,6.33,75.99,BOB,12.00,0.00,30/08/2025 18:36:13,7415952240,S-001,Banexcoin Bolivia
10683,"30/08/2025 18:44:31, UTC -04:00",Completed,Sell,ElenaMoreno57Max,20149,1.92,22.99,BOB,12.00,0.00,30/08/2025 18:44:43,7415999630,S-001,Banexcoin Bolivia
10684,"30/08/2025 19:16:07, UTC -04:00",Completed,Sell,ElenaMoreno57Max,20149,6.35,75.99,BOB,11.98,0.00,30/08/2025 19:16:18,7416178010,S-001,Banexcoin Bolivia
10685,"30/08/2025 19:36:43, UTC -04:00",Completed,Sell,ElenaMoreno57Max,20149,1.92,22.99,BOB,11.99,0.00,30/08/2025 19:37:13,7416294770,S-001,Banexcoin Bolivia
10686,"30/08/2025 19:38:26, UTC -04:00",Completed,Sell,ElenaMoreno57Max,20149,1.92,22.99,BOB,11.99,0.00,30/08/2025 19:38:41,7416303300,S-001,Banexcoin Bolivia
10687,"30/08/2025 19:42:19, UTC -04:00",Completed,Sell,ElenaMoreno57Max,20149,3.17,37.99,BOB,11.99,0.00,30/08/2025 19:42:32,7416324400,S-001,Banexcoin Bolivia
10688,"30/08/2025 19:49:33, UTC -04:00",Completed,Sell,ElenaMoreno57Max,20149,6.34,75.99,BOB,11.99,0.00,30/08/2025 19:49:46,7416363640,S-001,Banexcoin Bolivia
10689,"30/08/2025 19:50:29, UTC -04:00",Completed,Sell,ElenaMoreno57Max,20149,3.17,37.99,BOB,11.99,0.00,30/08/2025 19:50:48,7416369010,S-001,Banexcoin Bolivia
10690,"30/08/2025 19:53:51, UTC -04:00",Completed,Sell,BeatrizHernandez80Co,20201,0.83,10.00,BOB,11.99,0.00,30/08/2025 19:54:22,254146280,S-001,Banexcoin Bolivia
10691,"30/08/2025 20:44:31, UTC -04:00",Completed,Sell,ElenaMoreno57Max,20149,6.35,75.99,BOB,11.97,0.00,30/08/2025 20:44:45,7416637210,S-001,Banexcoin Bolivia
10692,"30/08/2025 20:47:32, UTC -04:00",Completed,Sell,ElenaMoreno57Max,20149,12.53,149.99,BOB,11.97,0.00,30/08/2025 20:47:45,7416651020,S-001,Banexcoin Bolivia
10693,"30/08/2025 21:07:49, UTC -04:00",Completed,Sell,ElenaMoreno57Max,20149,12.52,149.99,BOB,11.98,0.00,30/08/2025 21:08:02,7416743690,S-001,Banexcoin Bolivia
10695,"30/08/2025 21:30:59, UTC -04:00",Completed,Sell,ElenaMoreno57Max,20149,30.05,359.99,BOB,11.98,0.00,30/08/2025 21:31:13,7416844060,S-001,Banexcoin Bolivia
10696,"30/08/2025 21:58:02, UTC -04:00",Completed,Sell,ElenaMoreno57Max,20149,6.34,75.99,BOB,11.98,0.00,30/08/2025 21:58:14,7416950070,S-001,Banexcoin Bolivia
10697,"30/08/2025 22:37:46, UTC -04:00",Completed,Sell,MariaDelgado75Ar,20083,12.27,147.00,BOB,11.98,0.00,30/08/2025 22:38:02,7417082530,S-001,Banexcoin Bolivia
10698,"30/08/2025 23:07:28, UTC -04:00",Completed,Sell,MariaFlores93Max,10006,4.84,58.00,BOB,11.98,0.00,30/08/2025 23:07:50,7417165480,S-001,Banexcoin Bolivia
10699,"30/08/2025 23:27:42, UTC -04:00",Completed,Sell,ElenaMoreno57Max,20149,3.18,37.99,BOB,11.95,0.00,30/08/2025 23:27:56,7417211520,S-001,Banexcoin Bolivia
10700,"30/08/2025 23:29:09, UTC -04:00",Completed,Sell,ElenaMoreno57Max,20149,3.18,37.99,BOB,11.95,0.00,30/08/2025 23:29:21,7417214780,S-001,Banexcoin Bolivia
10701,"30/08/2025 23:29:58, UTC -04:00",Completed,Sell,ElenaMoreno57Max,20149,3.18,37.99,BOB,11.95,0.00,30/08/2025 23:30:13,7417216580,S-001,Banexcoin Bolivia
10703,"31/08/2025 00:44:17, UTC -04:00",Completed,Sell,AlbertoFernandez38Max,10058,9.97,118.00,BOB,11.83,0.00,31/08/2025 00:45:22,7417329720,S-001,Banexcoin Bolivia
10706,"31/08/2025 01:21:08, UTC -04:00",Completed,Sell,ElenaMoreno57Max,20149,3.27,37.99,BOB,11.61,0.00,31/08/2025 01:21:26,7417371190,S-001,Banexcoin Bolivia
10746,"31/08/2025 11:01:12, UTC -04:00",Completed,Sell,MariaFlores93Max,10006,9.55,113.80,BOB,11.91,0.00,31/08/2025 11:01:27,7418275520,S-001,Banexcoin Bolivia
10747,"31/08/2025 11:02:05, UTC -04:00",Completed,Sell,MartaGarcia74123,20010,7.55,90.00,BOB,11.91,0.00,31/08/2025 11:02:29,7418280620,S-001,Banexcoin Bolivia
10748,"31/08/2025 11:11:35, UTC -04:00",Completed,Sell,JosePerez42Bo,20101,8.01,95.00,BOB,11.86,0.00,31/08/2025 11:12:03,7418322020,S-001,Banexcoin Bolivia
10749,"31/08/2025 11:13:51, UTC -04:00",Completed,Sell,MariaNavarro68Pro,20003,0.84,10.00,BOB,11.87,0.00,31/08/2025 11:14:07,7418330630,S-001,Banexcoin Bolivia
10750,"31/08/2025 11:13:53, UTC -04:00",Completed,Sell,PatriciaDiaz74123,20112,0.84,10.00,BOB,11.87,0.00,31/08/2025 11:14:15,7418331230,S-001,Banexcoin Bolivia
10751,"31/08/2025 11:15:31, UTC -04:00",Completed,Sell,MariaNavarro68Pro,20003,6.41,76.00,BOB,11.86,0.00,31/08/2025 11:16:02,7418339250,S-001,Banexcoin Bolivia
10752,"31/08/2025 11:17:57, UTC -04:00",Completed,Sell,JosePerez42Bo,20101,0.51,6.00,BOB,11.87,0.00,31/08/2025 11:18:14,7418349010,S-001,Banexcoin Bolivia
10753,"31/08/2025 11:20:46, UTC -04:00",Completed,Sell,JosePerez42Bo,20101,1.43,17.00,BOB,11.87,0.00,31/08/2025 11:21:04,7418361650,S-001,Banexcoin Bolivia
10757,"31/08/2025 11:46:25, UTC -04:00",Completed,Sell,ElenaMoreno57Max,20149,12.63,149.99,BOB,11.87,0.00,31/08/2025 11:46:37,7418474940,S-001,Banexcoin Bolivia
10758,"31/08/2025 11:47:55, UTC -04:00",Completed,Sell,ElenaMoreno57Max,20149,3.20,37.99,BOB,11.87,0.00,31/08/2025 11:48:07,7418482130,S-001,Banexcoin Bolivia
10759,"31/08/2025 11:52:22, UTC -04:00",Completed,Sell,MariaFlores93Max,10006,58.93,700.00,BOB,11.88,0.00,31/08/2025 11:52:39,7418502800,S-001,Banexcoin Bolivia
10760,"31/08/2025 12:12:38, UTC -04:00",Completed,Sell,MariaFlores93Max,10006,58.94,700.00,BOB,11.88,0.00,31/08/2025 12:12:56,7418598470,S-001,Banexcoin Bolivia
10761,"31/08/2025 12:32:38, UTC -04:00",Completed,Sell,MariaFlores93Max,10006,16.83,200.00,BOB,11.88,0.00,31/08/2025 12:32:55,7418697070,S-001,Banexcoin Bolivia
10763,"31/08/2025 12:35:55, UTC -04:00",Completed,Sell,MariaFlores93Max,10006,84.20,"1,000.00",BOB,11.88,0.00,31/08/2025 12:36:13,7418712720,S-001,Banexcoin Bolivia
10767,"31/08/2025 12:50:32, UTC -04:00",Completed,Sell,ElenaMoreno57Max,20149,3.20,37.99,BOB,11.86,0.00,31/08/2025 12:51:04,7418784030,S-001,Banexcoin Bolivia
10769,"31/08/2025 13:33:09, UTC -04:00",Completed,Sell,ElenaMoreno57Max,20149,30.58,359.99,BOB,11.77,0.00,31/08/2025 13:33:22,7418979040,S-001,Banexcoin Bolivia
10771,"31/08/2025 13:34:51, UTC -04:00",Completed,Sell,SofiaCastillo98Pe,20130,238.66,"2,809.00",BOB,11.77,0.00,31/08/2025 13:35:10,7418987190,S-001,Banexcoin Bolivia
10775,"31/08/2025 13:37:20, UTC -04:00",Completed,Sell,ElenaMoreno57Max,20149,30.56,359.99,BOB,11.78,0.00,31/08/2025 13:37:34,7418998180,S-001,Banexcoin Bolivia
10777,"31/08/2025 13:39:01, UTC -04:00",Completed,Sell,ElenaMoreno57Max,20149,30.54,359.99,BOB,11.79,0.00,31/08/2025 13:39:14,7419005330,S-001,Banexcoin Bolivia
10778,"31/08/2025 13:39:40, UTC -04:00",Completed,Sell,AndresVega17Pro,10086,12.98,153.00,BOB,11.79,0.00,31/08/2025 13:39:58,7419008480,S-001,Banexcoin Bolivia
10779,"31/08/2025 13:39:42, UTC -04:00",Completed,Sell,ElenaMoreno57Max,20149,1.95,22.99,BOB,11.79,0.00,31/08/2025 13:39:54,7419008040,S-001,Banexcoin Bolivia
10780,"31/08/2025 13:41:19, UTC -04:00",Completed,Sell,ElenaMoreno57Max,20149,3.22,37.99,BOB,11.78,0.00,31/08/2025 13:41:30,7419015070,S-001,Banexcoin Bolivia
10783,"31/08/2025 13:52:44, UTC -04:00",Completed,Sell,EduardoCruz322025,20005,98.03,"1,160.00",BOB,11.83,0.00,31/08/2025 13:53:11,7419063470,S-001,Banexcoin Bolivia
10785,"31/08/2025 15:29:10, UTC -04:00",Completed,Sell,ElenaMoreno57Max,20149,6.39,75.99,BOB,11.89,0.00,31/08/2025 15:29:25,7419430990,S-001,Banexcoin Bolivia
10787,"31/08/2025 15:30:10, UTC -04:00",Completed,Sell,ElenaMoreno57Max,20149,6.39,75.99,BOB,11.89,0.00,31/08/2025 15:30:25,7419434960,S-001,Banexcoin Bolivia
10792,"31/08/2025 15:59:06, UTC -04:00",Completed,Sell,ElenaMoreno57Max,20149,6.40,75.99,BOB,11.88,0.00,31/08/2025 15:59:21,7419538760,S-001,Banexcoin Bolivia
10793,"31/08/2025 16:01:07, UTC -04:00",Completed,Sell,ElenaMoreno57Max,20149,3.20,37.99,BOB,11.88,0.00,31/08/2025 16:01:25,7419545760,S-001,Banexcoin Bolivia
10794,"31/08/2025 16:02:20, UTC -04:00",Completed,Sell,ElenaMoreno57Max,20149,1.94,22.99,BOB,11.88,0.00,31/08/2025 16:02:31,7419549440,S-001,Banexcoin Bolivia
10795,"31/08/2025 16:03:20, UTC -04:00",Completed,Sell,ElenaMoreno57Max,20149,3.20,37.99,BOB,11.87,0.00,31/08/2025 16:03:31,7419552660,S-001,Banexcoin Bolivia
10796,"31/08/2025 16:04:49, UTC -04:00",Completed,Sell,ElenaMoreno57Max,20149,3.20,37.99,BOB,11.88,0.00,31/08/2025 16:05:01,7419558170,S-001,Banexcoin Bolivia
10797,"31/08/2025 16:11:14, UTC -04:00",Completed,Sell,ElenaMoreno57Max,20149,6.41,75.99,BOB,11.86,0.00,31/08/2025 16:11:25,7419579980,S-001,Banexcoin Bolivia
10798,"31/08/2025 16:13:06, UTC -04:00",Completed,Sell,ElenaMoreno57Max,20149,3.20,37.99,BOB,11.86,0.00,31/08/2025 16:13:17,7419586010,S-001,Banexcoin Bolivia
10800,"31/08/2025 16:24:21, UTC -04:00",Completed,Sell,ElenaMoreno57Max,20149,3.20,37.99,BOB,11.86,0.00,31/08/2025 16:24:34,7419623530,S-001,Banexcoin Bolivia
10808,"31/08/2025 17:16:16, UTC -04:00",Completed,Sell,JosePerez42Bo,20101,4.62,55.00,BOB,11.90,0.00,31/08/2025 17:16:28,7419807130,S-001,Banexcoin Bolivia
10820,"31/08/2025 18:18:49, UTC -04:00",Completed,Sell,ElenaMoreno57Max,20149,30.29,359.99,BOB,11.89,0.00,31/08/2025 18:19:07,7420032720,S-001,Banexcoin Bolivia
10821,"31/08/2025 18:20:00, UTC -04:00",Completed,Sell,ElenaMoreno57Max,20149,30.28,359.99,BOB,11.89,0.00,31/08/2025 18:20:13,7420037520,S-001,Banexcoin Bolivia
10822,"31/08/2025 18:22:13, UTC -04:00",Completed,Sell,ElenaMoreno57Max,20149,3.19,37.99,BOB,11.89,0.00,31/08/2025 18:22:25,7420046250,S-001,Banexcoin Bolivia
10823,"31/08/2025 18:23:42, UTC -04:00",Completed,Sell,ElenaMoreno57Max,20149,1.93,22.99,BOB,11.89,0.00,31/08/2025 18:23:55,7420051450,S-001,Banexcoin Bolivia
10824,"31/08/2025 18:25:26, UTC -04:00",Completed,Sell,ElenaMoreno57Max,20149,3.20,37.99,BOB,11.89,0.00,31/08/2025 18:25:39,7420057480,S-001,Banexcoin Bolivia
10825,"31/08/2025 18:27:25, UTC -04:00",Completed,Sell,ElenaMoreno57Max,20149,6.39,75.99,BOB,11.89,0.00,31/08/2025 18:27:38,7420064960,S-001,Banexcoin Bolivia
10827,"31/08/2025 18:29:42, UTC -04:00",Completed,Sell,ElenaMoreno57Max,20149,6.39,75.99,BOB,11.89,0.00,31/08/2025 18:29:54,7420073800,S-001,Banexcoin Bolivia
10828,"31/08/2025 18:31:00, UTC -04:00",Completed,Sell,ElenaMoreno57Max,20149,6.39,75.99,BOB,11.89,0.00,31/08/2025 18:31:12,7420078690,S-001,Banexcoin Bolivia
10838,"31/08/2025 19:59:31, UTC -04:00",Completed,Sell,ElenaMoreno57Max,20149,6.38,75.99,BOB,11.91,0.00,31/08/2025 19:59:44,7420443700,S-001,Banexcoin Bolivia
10839,"31/08/2025 20:00:00, UTC -04:00",Completed,Sell,ElenaMoreno57Max,20149,6.38,75.99,BOB,11.91,0.00,31/08/2025 20:00:14,7420445680,S-001,Banexcoin Bolivia
10840,"31/08/2025 20:00:52, UTC -04:00",Completed,Sell,ElenaMoreno57Max,20149,30.22,359.99,BOB,11.91,0.00,31/08/2025 20:01:02,7420449400,S-001,Banexcoin Bolivia
10841,"31/08/2025 20:01:57, UTC -04:00",Completed,Sell,ElenaMoreno57Max,20149,3.19,37.99,BOB,11.91,0.00,31/08/2025 20:02:14,7420454460,S-001,Banexcoin Bolivia
10842,"31/08/2025 20:03:10, UTC -04:00",Completed,Sell,ElenaMoreno57Max,20149,6.37,75.99,BOB,11.92,0.00,31/08/2025 20:03:22,7420458740,S-001,Banexcoin Bolivia
10843,"31/08/2025 20:03:56, UTC -04:00",Completed,Sell,ElenaMoreno57Max,20149,6.37,75.99,BOB,11.92,0.00,31/08/2025 20:04:22,7420463050,S-001,Banexcoin Bolivia
10844,"31/08/2025 20:04:50, UTC -04:00",Completed,Sell,ElenaMoreno57Max,20149,30.20,359.99,BOB,11.92,0.00,31/08/2025 20:05:00,7420466010,S-001,Banexcoin Bolivia
10845,"31/08/2025 20:06:03, UTC -04:00",Completed,Sell,ElenaMoreno57Max,20149,30.19,359.99,BOB,11.92,0.00,31/08/2025 20:06:14,7420470940,S-001,Banexcoin Bolivia
10846,"31/08/2025 20:06:56, UTC -04:00",Completed,Sell,ElenaMoreno57Max,20149,6.37,75.99,BOB,11.92,0.00,31/08/2025 20:07:08,7420474490,S-001,Banexcoin Bolivia
10847,"31/08/2025 20:07:54, UTC -04:00",Completed,Sell,ElenaMoreno57Max,20149,6.37,75.99,BOB,11.93,0.00,31/08/2025 20:08:06,7420478290,S-001,Banexcoin Bolivia
10848,"31/08/2025 20:09:09, UTC -04:00",Completed,Sell,ElenaMoreno57Max,20149,6.38,75.99,BOB,11.91,0.00,31/08/2025 20:09:22,7420483420,S-001,Banexcoin Bolivia
10850,"31/08/2025 20:10:40, UTC -04:00",Completed,Sell,ElenaMoreno57Max,20149,1.93,22.99,BOB,11.92,0.00,31/08/2025 20:10:52,7420488950,S-001,Banexcoin Bolivia
10851,"31/08/2025 20:22:54, UTC -04:00",Completed,Sell,ElenaMoreno57Max,20149,30.15,359.99,BOB,11.94,0.00,31/08/2025 20:23:07,7420539380,S-001,Banexcoin Bolivia
10852,"31/08/2025 20:23:34, UTC -04:00",Completed,Sell,ElenaMoreno57Max,20149,1.93,22.99,BOB,11.94,0.00,31/08/2025 20:23:47,7420542240,S-001,Banexcoin Bolivia
10853,"31/08/2025 20:24:15, UTC -04:00",Completed,Sell,ElenaMoreno57Max,20149,12.56,149.99,BOB,11.94,0.00,31/08/2025 20:24:25,7420544700,S-001,Banexcoin Bolivia
10854,"31/08/2025 20:27:40, UTC -04:00",Completed,Sell,ElenaMoreno57Max,20149,12.56,149.99,BOB,11.95,0.00,31/08/2025 20:27:55,7420559140,S-001,Banexcoin Bolivia
10858,"31/08/2025 20:59:46, UTC -04:00",Completed,Sell,ElenaMoreno57Max,20149,12.54,149.99,BOB,11.96,0.00,31/08/2025 20:59:58,7420681340,S-001,Banexcoin Bolivia
10859,"31/08/2025 21:01:07, UTC -04:00",Completed,Sell,ElenaMoreno57Max,20149,6.35,75.99,BOB,11.97,0.00,31/08/2025 21:01:23,7420686410,S-001,Banexcoin Bolivia
10860,"31/08/2025 21:02:18, UTC -04:00",Completed,Sell,ElenaMoreno57Max,20149,12.53,149.99,BOB,11.97,0.00,31/08/2025 21:02:31,7420690780,S-001,Banexcoin Bolivia
10861,"31/08/2025 21:03:53, UTC -04:00",Completed,Sell,ElenaMoreno57Max,20149,6.34,75.99,BOB,11.98,0.00,31/08/2025 21:04:11,7420697090,S-001,Banexcoin Bolivia
10862,"31/08/2025 21:05:20, UTC -04:00",Completed,Sell,ElenaMoreno57Max,20149,12.52,149.99,BOB,11.98,0.00,31/08/2025 21:05:35,7420701950,S-001,Banexcoin Bolivia
10863,"31/08/2025 21:23:31, UTC -04:00",Completed,Sell,ElenaMoreno57Max,20149,1.92,22.99,BOB,11.98,0.00,31/08/2025 21:23:52,7420766900,S-001,Banexcoin Bolivia
10864,"31/08/2025 21:24:52, UTC -04:00",Completed,Sell,ElenaMoreno57Max,20149,3.17,37.99,BOB,11.98,0.00,31/08/2025 21:25:02,7420770820,S-001,Banexcoin Bolivia
10865,"31/08/2025 21:26:05, UTC -04:00",Completed,Sell,ElenaMoreno57Max,20149,12.52,149.99,BOB,11.98,0.00,31/08/2025 21:26:18,7420775170,S-001,Banexcoin Bolivia
10866,"31/08/2025 21:28:09, UTC -04:00",Completed,Sell,ElenaMoreno57Max,20149,6.35,75.99,BOB,11.98,0.00,31/08/2025 21:28:22,7420782380,S-001,Banexcoin Bolivia
10867,"31/08/2025 21:29:48, UTC -04:00",Completed,Sell,ElenaMoreno57Max,20149,3.17,37.99,BOB,11.98,0.00,31/08/2025 21:30:00,7420787840,S-001,Banexcoin Bolivia
10868,"31/08/2025 21:32:03, UTC -04:00",Completed,Sell,ElenaMoreno57Max,20149,6.34,75.99,BOB,11.98,0.00,31/08/2025 21:32:14,7420795680,S-001,Banexcoin Bolivia
10872,"31/08/2025 21:41:51, UTC -04:00",Completed,Sell,ElenaMoreno57Max,20149,3.17,37.99,BOB,11.98,0.00,31/08/2025 21:42:06,7420829090,S-001,Banexcoin Bolivia
10873,"31/08/2025 21:43:15, UTC -04:00",Completed,Sell,ElenaMoreno57Max,20149,6.34,75.99,BOB,11.98,0.00,31/08/2025 21:43:27,7420833570,S-001,Banexcoin Bolivia
10874,"31/08/2025 21:44:20, UTC -04:00",Completed,Sell,ElenaMoreno57Max,20149,30.04,359.99,BOB,11.98,0.00,31/08/2025 21:44:31,7420836830,S-001,Banexcoin Bolivia
10876,"31/08/2025 21:45:35, UTC -04:00",Completed,Sell,ElenaMoreno57Max,20149,30.04,359.99,BOB,11.98,0.00,31/08/2025 21:45:47,7420840890,S-001,Banexcoin Bolivia
10877,"31/08/2025 21:48:55, UTC -04:00",Completed,Sell,ElenaMoreno57Max,20149,12.51,149.99,BOB,11.99,0.00,31/08/2025 21:49:07,7420851220,S-001,Banexcoin Bolivia
10878,"31/08/2025 21:53:35, UTC -04:00",Completed,Sell,ElenaMoreno57Max,20149,3.17,37.99,BOB,11.99,0.00,31/08/2025 21:53:47,7420866330,S-001,Banexcoin Bolivia
10879,"31/08/2025 21:53:45, UTC -04:00",Completed,Sell,PatriciaRamirez51007,20061,10.00,120.00,BOB,11.99,0.00,31/08/2025 21:54:31,7420868830,S-001,Banexcoin Bolivia
10880,"31/08/2025 21:55:06, UTC -04:00",Completed,Sell,ElenaMoreno57Max,20149,6.33,75.99,BOB,12.00,0.00,31/08/2025 21:55:19,7420871520,S-001,Banexcoin Bolivia
10881,"31/08/2025 21:55:33, UTC -04:00",Completed,Sell,MartaGarcia74123,20010,5.25,63.00,BOB,12.00,0.00,31/08/2025 21:55:57,7420873640,S-001,Banexcoin Bolivia
10887,"31/08/2025 22:50:57, UTC -04:00",Completed,Sell,AlbertoFlores582024,20026,7.28,87.00,BOB,11.95,0.00,31/08/2025 22:51:14,7421017660,S-001,Banexcoin Bolivia
10889,"31/08/2025 23:03:45, UTC -04:00",Completed,Sell,ElenaMoreno57Max,20149,6.38,75.99,BOB,11.90,0.00,31/08/2025 23:03:58,7421041310,S-001,Banexcoin Bolivia
10890,"31/08/2025 23:14:47, UTC -04:00",Completed,Sell,GloriaRubio27456,20076,23.99,285.60,BOB,11.90,0.00,31/08/2025 23:15:43,7421061890,S-001,Banexcoin Bolivia
10892,"31/08/2025 23:41:20, UTC -04:00",Completed,Sell,AlbertoFlores582024,20026,1.47,17.50,BOB,11.91,0.00,31/08/2025 23:41:36,7421099190,S-001,Banexcoin Bolivia